dataset,csv_bytes,rows,cols,codec,bytes,ratio_vs_csv,enc_mbs,dec_mbs
data_missouri_zip_codes_by_county_city_im7g-fucq.csv,57860,1909,3,7z lzma2 -mx9,12562,4.606,3.37,19.06
data_missouri_zip_codes_by_county_city_im7g-fucq.csv,57860,1909,3,7z ppmd o12,11016,5.2524,12.23,11.76
data_missouri_zip_codes_by_county_city_im7g-fucq.csv,57860,1909,3,7z ppmd o16,11295,5.1226,11.89,11.15
data_missouri_zip_codes_by_county_city_im7g-fucq.csv,57860,1909,3,7z ppmd o6,11406,5.0728,13.46,13.16
data_missouri_zip_codes_by_county_city_im7g-fucq.csv,57860,1909,3,brotli -q11,12259,4.7198,0.94,20.05
data_missouri_zip_codes_by_county_city_im7g-fucq.csv,57860,1909,3,bzip2 -9,12136,4.7676,12.77,23.89
data_missouri_zip_codes_by_county_city_im7g-fucq.csv,57860,1909,3,feather+lz4,36906,1.5678,124.64,269.65
data_missouri_zip_codes_by_county_city_im7g-fucq.csv,57860,1909,3,feather+zstd,21770,2.6578,344.72,602.19
data_missouri_zip_codes_by_county_city_im7g-fucq.csv,57860,1909,3,gzip -9,14718,3.9312,9.3,32.23
data_missouri_zip_codes_by_county_city_im7g-fucq.csv,57860,1909,3,lz4 -9,19386,2.9846,6.39,30.35
data_missouri_zip_codes_by_county_city_im7g-fucq.csv,57860,1909,3,orc+snappy,20986,2.7571,30.04,91.68
data_missouri_zip_codes_by_county_city_im7g-fucq.csv,57860,1909,3,orc+zlib,14668,3.9446,84.47,318.06
data_missouri_zip_codes_by_county_city_im7g-fucq.csv,57860,1909,3,orc+zstd,14712,3.9328,90.82,540.5
data_missouri_zip_codes_by_county_city_im7g-fucq.csv,57860,1909,3,parquet+brotli,18193,3.1803,1.9,117.81
data_missouri_zip_codes_by_county_city_im7g-fucq.csv,57860,1909,3,parquet+gzip,19115,3.0269,30.01,158.51
data_missouri_zip_codes_by_county_city_im7g-fucq.csv,57860,1909,3,parquet+snappy,27271,2.1217,10.25,0.53
data_missouri_zip_codes_by_county_city_im7g-fucq.csv,57860,1909,3,parquet+zstd,17950,3.2234,11.47,171.75
data_missouri_zip_codes_by_county_city_im7g-fucq.csv,57860,1909,3,polypress,9794,5.9077,4.93,19.39
data_missouri_zip_codes_by_county_city_im7g-fucq.csv,57860,1909,3,polypress+brotli,9266,6.2443,,
data_missouri_zip_codes_by_county_city_im7g-fucq.csv,57860,1909,3,polypress+zstd,10089,5.735,,
data_missouri_zip_codes_by_county_city_im7g-fucq.csv,57860,1909,3,xz -9e,12460,4.6437,3.02,19.88
data_missouri_zip_codes_by_county_city_im7g-fucq.csv,57860,1909,3,zip -9,14834,3.9005,7.93,16.46
data_missouri_zip_codes_by_county_city_im7g-fucq.csv,57860,1909,3,zstd -19,13700,4.2234,3.71,23.53
data_missouri_zip_codes_by_county_city_im7g-fucq.csv,57860,1909,3,zstd -22,13700,4.2234,0.49,20.9
data_missouri_zip_codes_by_county_city_im7g-fucq.csv,57860,1909,3,zstd -3,15821,3.6572,11.92,22.78
data_daily_arrests_xhwt-7h2h.csv,60389,432,9,7z lzma2 -mx9,14449,4.1795,6.58,19.98
data_daily_arrests_xhwt-7h2h.csv,60389,432,9,7z ppmd o12,11467,5.2663,12.2,11.26
data_daily_arrests_xhwt-7h2h.csv,60389,432,9,7z ppmd o16,13023,4.6371,11.12,11.18
data_daily_arrests_xhwt-7h2h.csv,60389,432,9,7z ppmd o6,11528,5.2385,13.33,12.36
data_daily_arrests_xhwt-7h2h.csv,60389,432,9,brotli -q11,13706,4.406,1.41,24.8
data_daily_arrests_xhwt-7h2h.csv,60389,432,9,bzip2 -9,13090,4.6134,14.58,25.09
data_daily_arrests_xhwt-7h2h.csv,60389,432,9,feather+lz4,36370,1.6604,372.49,489.92
data_daily_arrests_xhwt-7h2h.csv,60389,432,9,feather+zstd,24042,2.5118,236.94,382.04
data_daily_arrests_xhwt-7h2h.csv,60389,432,9,gzip -9,15904,3.7971,16.03,37.09
data_daily_arrests_xhwt-7h2h.csv,60389,432,9,lz4 -9,19371,3.1175,22.78,32.96
data_daily_arrests_xhwt-7h2h.csv,60389,432,9,orc+snappy,23366,2.5845,105.98,329.8
data_daily_arrests_xhwt-7h2h.csv,60389,432,9,orc+zlib,16222,3.7227,67.35,279.26
data_daily_arrests_xhwt-7h2h.csv,60389,432,9,orc+zstd,16510,3.6577,105.8,374.69
data_daily_arrests_xhwt-7h2h.csv,60389,432,9,parquet+brotli,19060,3.1684,2.22,146.24
data_daily_arrests_xhwt-7h2h.csv,60389,432,9,parquet+gzip,20741,2.9116,49.58,146.92
data_daily_arrests_xhwt-7h2h.csv,60389,432,9,parquet+snappy,27462,2.199,48.58,2.32
data_daily_arrests_xhwt-7h2h.csv,60389,432,9,parquet+zstd,20105,3.0037,20.49,205.93
data_daily_arrests_xhwt-7h2h.csv,60389,432,9,polypress,12306,4.9073,3.79,19.3
data_daily_arrests_xhwt-7h2h.csv,60389,432,9,polypress+brotli,11754,5.1377,,
data_daily_arrests_xhwt-7h2h.csv,60389,432,9,polypress+zstd,13163,4.5878,,
data_daily_arrests_xhwt-7h2h.csv,60389,432,9,xz -9e,14332,4.2136,5.33,19.6
data_daily_arrests_xhwt-7h2h.csv,60389,432,9,zip -9,15989,3.7769,14.79,23.25
data_daily_arrests_xhwt-7h2h.csv,60389,432,9,zstd -19,15086,4.003,3.49,22.38
data_daily_arrests_xhwt-7h2h.csv,60389,432,9,zstd -22,15086,4.003,1.06,21.69
data_daily_arrests_xhwt-7h2h.csv,60389,432,9,zstd -3,16966,3.5594,22.08,24.89
data_missouri_law_enforcement_agencies_cgbu-k38b.csv,86096,591,11,7z lzma2 -mx9,22092,3.8972,7.12,26.72
data_missouri_law_enforcement_agencies_cgbu-k38b.csv,86096,591,11,7z ppmd o12,18627,4.6221,13.97,12.35
data_missouri_law_enforcement_agencies_cgbu-k38b.csv,86096,591,11,7z ppmd o16,19328,4.4545,12.78,12.11
data_missouri_law_enforcement_agencies_cgbu-k38b.csv,86096,591,11,7z ppmd o6,18816,4.5757,14.92,12.91
data_missouri_law_enforcement_agencies_cgbu-k38b.csv,86096,591,11,brotli -q11,21130,4.0746,1.36,38.25
data_missouri_law_enforcement_agencies_cgbu-k38b.csv,86096,591,11,bzip2 -9,20682,4.1628,17.02,29.56
data_missouri_law_enforcement_agencies_cgbu-k38b.csv,86096,591,11,feather+lz4,55050,1.564,441.46,694.45
data_missouri_law_enforcement_agencies_cgbu-k38b.csv,86096,591,11,feather+zstd,36714,2.345,259.98,480.84
data_missouri_law_enforcement_agencies_cgbu-k38b.csv,86096,591,11,gzip -9,25885,3.3261,10.72,49.35
data_missouri_law_enforcement_agencies_cgbu-k38b.csv,86096,591,11,lz4 -9,31085,2.7697,24.34,44.43
data_missouri_law_enforcement_agencies_cgbu-k38b.csv,86096,591,11,orc+snappy,39182,2.1973,125.69,263.39
data_missouri_law_enforcement_agencies_cgbu-k38b.csv,86096,591,11,orc+zlib,28576,3.0129,67.16,266.5
data_missouri_law_enforcement_agencies_cgbu-k38b.csv,86096,591,11,orc+zstd,28871,2.9821,114.35,432.47
data_missouri_law_enforcement_agencies_cgbu-k38b.csv,86096,591,11,parquet+brotli,31442,2.7382,1.71,108.57
data_missouri_law_enforcement_agencies_cgbu-k38b.csv,86096,591,11,parquet+gzip,34095,2.5252,38.33,147.63
data_missouri_law_enforcement_agencies_cgbu-k38b.csv,86096,591,11,parquet+snappy,45437,1.8948,135.35,3.3
data_missouri_law_enforcement_agencies_cgbu-k38b.csv,86096,591,11,parquet+zstd,32735,2.6301,13.23,192.18
data_missouri_law_enforcement_agencies_cgbu-k38b.csv,86096,591,11,polypress,20432,4.2138,4.05,22.48
data_missouri_law_enforcement_agencies_cgbu-k38b.csv,86096,591,11,polypress+brotli,19595,4.3938,,
data_missouri_law_enforcement_agencies_cgbu-k38b.csv,86096,591,11,polypress+zstd,22046,3.9053,,
data_missouri_law_enforcement_agencies_cgbu-k38b.csv,86096,591,11,xz -9e,21916,3.9285,5.91,27.94
data_missouri_law_enforcement_agencies_cgbu-k38b.csv,86096,591,11,zip -9,25977,3.3143,10.28,31.59
data_missouri_law_enforcement_agencies_cgbu-k38b.csv,86096,591,11,zstd -19,23689,3.6344,4.01,31.89
data_missouri_law_enforcement_agencies_cgbu-k38b.csv,86096,591,11,zstd -22,23689,3.6344,1.42,29.44
data_missouri_law_enforcement_agencies_cgbu-k38b.csv,86096,591,11,zstd -3,27622,3.1169,29.17,36.16
data_open_meetings_au6r-w9n3.csv,86404,147,31,7z lzma2 -mx9,14921,5.7908,8.77,28.69
data_open_meetings_au6r-w9n3.csv,86404,147,31,7z ppmd o12,13380,6.4577,15.55,14.82
data_open_meetings_au6r-w9n3.csv,86404,147,31,7z ppmd o16,15307,5.6447,13.4,12.67
data_open_meetings_au6r-w9n3.csv,86404,147,31,7z ppmd o6,14434,5.9861,17.43,16.27
data_open_meetings_au6r-w9n3.csv,86404,147,31,brotli -q11,13473,6.4131,1.51,35.37
data_open_meetings_au6r-w9n3.csv,86404,147,31,bzip2 -9,16772,5.1517,16.84,32.24
data_open_meetings_au6r-w9n3.csv,86404,147,31,feather+lz4,39418,2.192,364.59,493.74
data_open_meetings_au6r-w9n3.csv,86404,147,31,feather+zstd,29250,2.954,218.84,383.9
data_open_meetings_au6r-w9n3.csv,86404,147,31,gzip -9,18400,4.6959,29.42,47.03
data_open_meetings_au6r-w9n3.csv,86404,147,31,lz4 -9,20004,4.3193,30.98,47.5
data_open_meetings_au6r-w9n3.csv,86404,147,31,orc+snappy,31961,2.7034,69.45,287.85
data_open_meetings_au6r-w9n3.csv,86404,147,31,orc+zlib,23858,3.6216,43.55,222.74
data_open_meetings_au6r-w9n3.csv,86404,147,31,orc+zstd,24216,3.5681,67.3,269.25
data_open_meetings_au6r-w9n3.csv,86404,147,31,parquet+brotli,25583,3.3774,2.0,116.3
data_open_meetings_au6r-w9n3.csv,86404,147,31,parquet+gzip,29045,2.9748,55.46,124.32
data_open_meetings_au6r-w9n3.csv,86404,147,31,parquet+snappy,35612,2.4263,125.62,9.41
data_open_meetings_au6r-w9n3.csv,86404,147,31,parquet+zstd,28016,3.0841,12.95,142.12
data_open_meetings_au6r-w9n3.csv,86404,147,31,polypress,15060,5.7373,4.18,21.26
data_open_meetings_au6r-w9n3.csv,86404,147,31,polypress+brotli,13887,6.2219,,
data_open_meetings_au6r-w9n3.csv,86404,147,31,polypress+zstd,16018,5.3942,,
data_open_meetings_au6r-w9n3.csv,86404,147,31,xz -9e,14800,5.8381,6.35,31.52
data_open_meetings_au6r-w9n3.csv,86404,147,31,zip -9,18543,4.6597,23.02,33.77
data_open_meetings_au6r-w9n3.csv,86404,147,31,zstd -19,15511,5.5705,3.72,33.92
data_open_meetings_au6r-w9n3.csv,86404,147,31,zstd -22,15490,5.5781,1.02,30.24
data_open_meetings_au6r-w9n3.csv,86404,147,31,zstd -3,17569,4.918,31.35,38.12
data_covid_19_vaccine_distribution_allocation_b7pe-5nws.csv,91137,1701,4,7z lzma2 -mx9,5273,17.2837,5.37,28.48
data_covid_19_vaccine_distribution_allocation_b7pe-5nws.csv,91137,1701,4,7z ppmd o12,6232,14.624,24.24,23.01
data_covid_19_vaccine_distribution_allocation_b7pe-5nws.csv,91137,1701,4,7z ppmd o16,6602,13.8045,21.64,21.0
data_covid_19_vaccine_distribution_allocation_b7pe-5nws.csv,91137,1701,4,7z ppmd o6,6907,13.1949,25.41,22.6
data_covid_19_vaccine_distribution_allocation_b7pe-5nws.csv,91137,1701,4,brotli -q11,5121,17.7967,1.21,36.02
data_covid_19_vaccine_distribution_allocation_b7pe-5nws.csv,91137,1701,4,bzip2 -9,7458,12.22,18.77,38.7
data_covid_19_vaccine_distribution_allocation_b7pe-5nws.csv,91137,1701,4,feather+lz4,15666,5.8175,921.1,932.33
data_covid_19_vaccine_distribution_allocation_b7pe-5nws.csv,91137,1701,4,feather+zstd,9906,9.2002,761.47,918.89
data_covid_19_vaccine_distribution_allocation_b7pe-5nws.csv,91137,1701,4,gzip -9,9923,9.1844,15.69,55.06
data_covid_19_vaccine_distribution_allocation_b7pe-5nws.csv,91137,1701,4,lz4 -9,14562,6.2585,27.23,46.38
data_covid_19_vaccine_distribution_allocation_b7pe-5nws.csv,91137,1701,4,orc+snappy,8492,10.7321,214.51,599.15
data_covid_19_vaccine_distribution_allocation_b7pe-5nws.csv,91137,1701,4,orc+zlib,7051,12.9254,196.03,827.39
data_covid_19_vaccine_distribution_allocation_b7pe-5nws.csv,91137,1701,4,orc+zstd,6990,13.0382,260.22,1141.06
data_covid_19_vaccine_distribution_allocation_b7pe-5nws.csv,91137,1701,4,parquet+brotli,9509,9.5843,7.96,307.03
data_covid_19_vaccine_distribution_allocation_b7pe-5nws.csv,91137,1701,4,parquet+gzip,10017,9.0982,110.45,345.31
data_covid_19_vaccine_distribution_allocation_b7pe-5nws.csv,91137,1701,4,parquet+snappy,12040,7.5695,249.68,3.51
data_covid_19_vaccine_distribution_allocation_b7pe-5nws.csv,91137,1701,4,parquet+zstd,9376,9.7202,57.04,416.4
data_covid_19_vaccine_distribution_allocation_b7pe-5nws.csv,91137,1701,4,polypress,2852,31.9555,9.41,32.74
data_covid_19_vaccine_distribution_allocation_b7pe-5nws.csv,91137,1701,4,polypress+brotli,2594,35.1338,,
data_covid_19_vaccine_distribution_allocation_b7pe-5nws.csv,91137,1701,4,polypress+zstd,3096,29.437,,
data_covid_19_vaccine_distribution_allocation_b7pe-5nws.csv,91137,1701,4,xz -9e,5340,17.0669,6.07,36.44
data_covid_19_vaccine_distribution_allocation_b7pe-5nws.csv,91137,1701,4,zip -9,10121,9.0047,14.48,33.0
data_covid_19_vaccine_distribution_allocation_b7pe-5nws.csv,91137,1701,4,zstd -19,6059,15.0416,2.99,34.02
data_covid_19_vaccine_distribution_allocation_b7pe-5nws.csv,91137,1701,4,zstd -22,6059,15.0416,1.34,33.48
data_covid_19_vaccine_distribution_allocation_b7pe-5nws.csv,91137,1701,4,zstd -3,9138,9.9734,32.17,40.31
data_covid_19_vaccine_distribution_allocation_saz5-9hgg.csv,94695,1764,4,7z lzma2 -mx9,5596,16.9219,5.44,32.57
data_covid_19_vaccine_distribution_allocation_saz5-9hgg.csv,94695,1764,4,7z ppmd o12,5767,16.4201,24.93,23.8
data_covid_19_vaccine_distribution_allocation_saz5-9hgg.csv,94695,1764,4,7z ppmd o16,6244,15.1658,23.28,22.97
data_covid_19_vaccine_distribution_allocation_saz5-9hgg.csv,94695,1764,4,7z ppmd o6,6106,15.5085,27.33,26.58
data_covid_19_vaccine_distribution_allocation_saz5-9hgg.csv,94695,1764,4,brotli -q11,5362,17.6604,1.22,38.79
data_covid_19_vaccine_distribution_allocation_saz5-9hgg.csv,94695,1764,4,bzip2 -9,7194,13.1631,17.61,37.21
data_covid_19_vaccine_distribution_allocation_saz5-9hgg.csv,94695,1764,4,feather+lz4,15618,6.0632,938.96,913.06
data_covid_19_vaccine_distribution_allocation_saz5-9hgg.csv,94695,1764,4,feather+zstd,10322,9.1741,769.73,917.27
data_covid_19_vaccine_distribution_allocation_saz5-9hgg.csv,94695,1764,4,gzip -9,9704,9.7583,20.29,46.17
data_covid_19_vaccine_distribution_allocation_saz5-9hgg.csv,94695,1764,4,lz4 -9,14374,6.5879,27.74,45.68
data_covid_19_vaccine_distribution_allocation_saz5-9hgg.csv,94695,1764,4,orc+snappy,8926,10.6089,214.69,602.7
data_covid_19_vaccine_distribution_allocation_saz5-9hgg.csv,94695,1764,4,orc+zlib,7218,13.1193,191.23,783.39
data_covid_19_vaccine_distribution_allocation_saz5-9hgg.csv,94695,1764,4,orc+zstd,7227,13.1029,266.03,1199.94
data_covid_19_vaccine_distribution_allocation_saz5-9hgg.csv,94695,1764,4,parquet+brotli,8280,11.4366,10.14,322.12
data_covid_19_vaccine_distribution_allocation_saz5-9hgg.csv,94695,1764,4,parquet+gzip,8767,10.8013,152.47,342.1
data_covid_19_vaccine_distribution_allocation_saz5-9hgg.csv,94695,1764,4,parquet+snappy,9850,9.6137,245.93,3.71
data_covid_19_vaccine_distribution_allocation_saz5-9hgg.csv,94695,1764,4,parquet+zstd,8235,11.4991,86.08,406.11
data_covid_19_vaccine_distribution_allocation_saz5-9hgg.csv,94695,1764,4,polypress,2616,36.1984,9.86,35.26
data_covid_19_vaccine_distribution_allocation_saz5-9hgg.csv,94695,1764,4,polypress+brotli,2455,38.5723,,
data_covid_19_vaccine_distribution_allocation_saz5-9hgg.csv,94695,1764,4,polypress+zstd,2843,33.3081,,
data_covid_19_vaccine_distribution_allocation_saz5-9hgg.csv,94695,1764,4,xz -9e,5516,17.1673,6.09,39.09
data_covid_19_vaccine_distribution_allocation_saz5-9hgg.csv,94695,1764,4,zip -9,9902,9.5632,19.45,36.67
data_covid_19_vaccine_distribution_allocation_saz5-9hgg.csv,94695,1764,4,zstd -19,5997,15.7904,3.02,39.55
data_covid_19_vaccine_distribution_allocation_saz5-9hgg.csv,94695,1764,4,zstd -22,5997,15.7904,1.36,31.6
data_covid_19_vaccine_distribution_allocation_saz5-9hgg.csv,94695,1764,4,zstd -3,8798,10.7632,32.6,40.56
data_lottery_powerball_winning_numbers_beginn_d6yy-54nr.csv,100562,1973,4,7z lzma2 -mx9,16326,6.1596,5.04,30.11
data_lottery_powerball_winning_numbers_beginn_d6yy-54nr.csv,100562,1973,4,7z ppmd o12,13893,7.2383,17.7,16.92
data_lottery_powerball_winning_numbers_beginn_d6yy-54nr.csv,100562,1973,4,7z ppmd o16,14285,7.0397,16.49,15.64
data_lottery_powerball_winning_numbers_beginn_d6yy-54nr.csv,100562,1973,4,7z ppmd o6,12632,7.9609,21.86,20.17
data_lottery_powerball_winning_numbers_beginn_d6yy-54nr.csv,100562,1973,4,brotli -q11,17396,5.7808,1.15,40.91
data_lottery_powerball_winning_numbers_beginn_d6yy-54nr.csv,100562,1973,4,bzip2 -9,13798,7.2882,19.02,34.95
data_lottery_powerball_winning_numbers_beginn_d6yy-54nr.csv,100562,1973,4,feather+lz4,50834,1.9782,564.64,804.94
data_lottery_powerball_winning_numbers_beginn_d6yy-54nr.csv,100562,1973,4,feather+zstd,32642,3.0808,427.78,738.68
data_lottery_powerball_winning_numbers_beginn_d6yy-54nr.csv,100562,1973,4,gzip -9,20904,4.8107,13.88,62.65
data_lottery_powerball_winning_numbers_beginn_d6yy-54nr.csv,100562,1973,4,lz4 -9,28334,3.5492,22.28,53.04
data_lottery_powerball_winning_numbers_beginn_d6yy-54nr.csv,100562,1973,4,orc+snappy,22349,4.4996,202.69,552.08
data_lottery_powerball_winning_numbers_beginn_d6yy-54nr.csv,100562,1973,4,orc+zlib,15563,6.4616,145.34,568.45
data_lottery_powerball_winning_numbers_beginn_d6yy-54nr.csv,100562,1973,4,orc+zstd,14285,7.0397,243.53,889.85
data_lottery_powerball_winning_numbers_beginn_d6yy-54nr.csv,100562,1973,4,parquet+brotli,30066,3.3447,1.48,172.51
data_lottery_powerball_winning_numbers_beginn_d6yy-54nr.csv,100562,1973,4,parquet+gzip,32010,3.1416,33.2,260.52
data_lottery_powerball_winning_numbers_beginn_d6yy-54nr.csv,100562,1973,4,parquet+snappy,44688,2.2503,206.96,3.74
data_lottery_powerball_winning_numbers_beginn_d6yy-54nr.csv,100562,1973,4,parquet+zstd,29693,3.3867,11.19,383.79
data_lottery_powerball_winning_numbers_beginn_d6yy-54nr.csv,100562,1973,4,polypress,12805,7.8533,4.18,29.98
data_lottery_powerball_winning_numbers_beginn_d6yy-54nr.csv,100562,1973,4,polypress+brotli,13926,7.2212,,
data_lottery_powerball_winning_numbers_beginn_d6yy-54nr.csv,100562,1973,4,polypress+zstd,14871,6.7623,,
data_lottery_powerball_winning_numbers_beginn_d6yy-54nr.csv,100562,1973,4,xz -9e,16300,6.1694,5.34,35.41
data_lottery_powerball_winning_numbers_beginn_d6yy-54nr.csv,100562,1973,4,zip -9,21102,4.7655,13.02,38.15
data_lottery_powerball_winning_numbers_beginn_d6yy-54nr.csv,100562,1973,4,zstd -19,18741,5.3659,3.36,36.37
data_lottery_powerball_winning_numbers_beginn_d6yy-54nr.csv,100562,1973,4,zstd -22,18741,5.3659,1.45,34.82
data_lottery_powerball_winning_numbers_beginn_d6yy-54nr.csv,100562,1973,4,zstd -3,23006,4.3711,33.43,41.84
data_missouri_beer_wine_and_liquor_solicitor_mmn5-wy78.csv,109355,1284,5,7z lzma2 -mx9,25844,4.2313,6.37,33.91
data_missouri_beer_wine_and_liquor_solicitor_mmn5-wy78.csv,109355,1284,5,7z ppmd o12,20896,5.2333,16.14,14.57
data_missouri_beer_wine_and_liquor_solicitor_mmn5-wy78.csv,109355,1284,5,7z ppmd o16,20900,5.2323,15.29,13.78
data_missouri_beer_wine_and_liquor_solicitor_mmn5-wy78.csv,109355,1284,5,7z ppmd o6,20859,5.2426,17.52,16.1
data_missouri_beer_wine_and_liquor_solicitor_mmn5-wy78.csv,109355,1284,5,brotli -q11,24700,4.4273,1.32,44.27
data_missouri_beer_wine_and_liquor_solicitor_mmn5-wy78.csv,109355,1284,5,bzip2 -9,22670,4.8238,17.28,35.63
data_missouri_beer_wine_and_liquor_solicitor_mmn5-wy78.csv,109355,1284,5,feather+lz4,63762,1.715,483.32,911.87
data_missouri_beer_wine_and_liquor_solicitor_mmn5-wy78.csv,109355,1284,5,feather+zstd,39586,2.7625,350.66,733.87
data_missouri_beer_wine_and_liquor_solicitor_mmn5-wy78.csv,109355,1284,5,gzip -9,29931,3.6536,18.68,64.44
data_missouri_beer_wine_and_liquor_solicitor_mmn5-wy78.csv,109355,1284,5,lz4 -9,35872,3.0485,28.84,58.2
data_missouri_beer_wine_and_liquor_solicitor_mmn5-wy78.csv,109355,1284,5,orc+snappy,43701,2.5023,198.13,346.16
data_missouri_beer_wine_and_liquor_solicitor_mmn5-wy78.csv,109355,1284,5,orc+zlib,29951,3.6511,108.05,357.5
data_missouri_beer_wine_and_liquor_solicitor_mmn5-wy78.csv,109355,1284,5,orc+zstd,29097,3.7583,177.57,610.74
data_missouri_beer_wine_and_liquor_solicitor_mmn5-wy78.csv,109355,1284,5,parquet+brotli,31374,3.4855,2.16,176.41
data_missouri_beer_wine_and_liquor_solicitor_mmn5-wy78.csv,109355,1284,5,parquet+gzip,34351,3.1835,44.06,207.07
data_missouri_beer_wine_and_liquor_solicitor_mmn5-wy78.csv,109355,1284,5,parquet+snappy,48731,2.2441,164.69,4.08
data_missouri_beer_wine_and_liquor_solicitor_mmn5-wy78.csv,109355,1284,5,parquet+zstd,31972,3.4203,13.58,288.65
data_missouri_beer_wine_and_liquor_solicitor_mmn5-wy78.csv,109355,1284,5,polypress,23148,4.7242,5.91,26.35
data_missouri_beer_wine_and_liquor_solicitor_mmn5-wy78.csv,109355,1284,5,polypress+brotli,22782,4.8001,,
data_missouri_beer_wine_and_liquor_solicitor_mmn5-wy78.csv,109355,1284,5,polypress+zstd,24890,4.3935,,
data_missouri_beer_wine_and_liquor_solicitor_mmn5-wy78.csv,109355,1284,5,xz -9e,25664,4.261,5.97,35.22
data_missouri_beer_wine_and_liquor_solicitor_mmn5-wy78.csv,109355,1284,5,zip -9,29940,3.6525,17.45,37.74
data_missouri_beer_wine_and_liquor_solicitor_mmn5-wy78.csv,109355,1284,5,zstd -19,27496,3.9771,3.35,39.09
data_missouri_beer_wine_and_liquor_solicitor_mmn5-wy78.csv,109355,1284,5,zstd -22,27496,3.9771,1.52,35.99
data_missouri_beer_wine_and_liquor_solicitor_mmn5-wy78.csv,109355,1284,5,zstd -3,31991,3.4183,31.78,37.57
data_lottery_mega_millions_winning_numbers_be_5xaw-6ayf.csv,128013,2523,4,7z lzma2 -mx9,21442,5.9702,5.0,35.64
data_lottery_mega_millions_winning_numbers_be_5xaw-6ayf.csv,128013,2523,4,7z ppmd o12,17764,7.2063,19.09,17.96
data_lottery_mega_millions_winning_numbers_be_5xaw-6ayf.csv,128013,2523,4,7z ppmd o16,18081,7.08,17.37,16.42
data_lottery_mega_millions_winning_numbers_be_5xaw-6ayf.csv,128013,2523,4,7z ppmd o6,16262,7.8719,24.24,22.41
data_lottery_mega_millions_winning_numbers_be_5xaw-6ayf.csv,128013,2523,4,brotli -q11,22498,5.69,1.07,42.5
data_lottery_mega_millions_winning_numbers_be_5xaw-6ayf.csv,128013,2523,4,bzip2 -9,17100,7.4861,19.44,38.73
data_lottery_mega_millions_winning_numbers_be_5xaw-6ayf.csv,128013,2523,4,feather+lz4,65178,1.9641,714.0,1195.83
data_lottery_mega_millions_winning_numbers_be_5xaw-6ayf.csv,128013,2523,4,feather+zstd,39890,3.2092,581.72,894.88
data_lottery_mega_millions_winning_numbers_be_5xaw-6ayf.csv,128013,2523,4,gzip -9,26294,4.8685,10.65,74.73
data_lottery_mega_millions_winning_numbers_be_5xaw-6ayf.csv,128013,2523,4,lz4 -9,35504,3.6056,22.92,64.36
data_lottery_mega_millions_winning_numbers_be_5xaw-6ayf.csv,128013,2523,4,orc+snappy,24827,5.1562,246.18,757.3
data_lottery_mega_millions_winning_numbers_be_5xaw-6ayf.csv,128013,2523,4,orc+zlib,17388,7.3621,174.89,699.12
data_lottery_mega_millions_winning_numbers_be_5xaw-6ayf.csv,128013,2523,4,orc+zstd,15988,8.0068,290.86,1109.35
data_lottery_mega_millions_winning_numbers_be_5xaw-6ayf.csv,128013,2523,4,parquet+brotli,36753,3.4831,1.45,207.87
data_lottery_mega_millions_winning_numbers_be_5xaw-6ayf.csv,128013,2523,4,parquet+gzip,39505,3.2404,36.05,311.62
data_lottery_mega_millions_winning_numbers_be_5xaw-6ayf.csv,128013,2523,4,parquet+snappy,53458,2.3946,231.53,4.79
data_lottery_mega_millions_winning_numbers_be_5xaw-6ayf.csv,128013,2523,4,parquet+zstd,36180,3.5382,12.54,392.78
data_lottery_mega_millions_winning_numbers_be_5xaw-6ayf.csv,128013,2523,4,polypress,16070,7.966,3.72,36.57
data_lottery_mega_millions_winning_numbers_be_5xaw-6ayf.csv,128013,2523,4,polypress+brotli,16875,7.586,,
data_lottery_mega_millions_winning_numbers_be_5xaw-6ayf.csv,128013,2523,4,polypress+zstd,17528,7.3033,,
data_lottery_mega_millions_winning_numbers_be_5xaw-6ayf.csv,128013,2523,4,xz -9e,21340,5.9987,5.5,40.3
data_lottery_mega_millions_winning_numbers_be_5xaw-6ayf.csv,128013,2523,4,zip -9,26492,4.8321,9.36,42.56
data_lottery_mega_millions_winning_numbers_be_5xaw-6ayf.csv,128013,2523,4,zstd -19,23654,5.4119,3.25,33.06
data_lottery_mega_millions_winning_numbers_be_5xaw-6ayf.csv,128013,2523,4,zstd -22,23654,5.4119,0.94,19.76
data_lottery_mega_millions_winning_numbers_be_5xaw-6ayf.csv,128013,2523,4,zstd -3,29600,4.3248,40.05,52.85
data_affordable_rental_housing_developments_s6ha-ppgi.csv,137515,598,14,7z lzma2 -mx9,33257,4.1349,6.94,36.56
data_affordable_rental_housing_developments_s6ha-ppgi.csv,137515,598,14,7z ppmd o12,30845,4.4583,14.96,14.07
data_affordable_rental_housing_developments_s6ha-ppgi.csv,137515,598,14,7z ppmd o16,30794,4.4656,15.13,13.71
data_affordable_rental_housing_developments_s6ha-ppgi.csv,137515,598,14,7z ppmd o6,31372,4.3834,17.19,16.23
data_affordable_rental_housing_developments_s6ha-ppgi.csv,137515,598,14,brotli -q11,32315,4.2555,1.2,36.31
data_affordable_rental_housing_developments_s6ha-ppgi.csv,137515,598,14,bzip2 -9,34255,4.0145,17.51,36.11
data_affordable_rental_housing_developments_s6ha-ppgi.csv,137515,598,14,feather+lz4,83210,1.6526,465.9,904.04
data_affordable_rental_housing_developments_s6ha-ppgi.csv,137515,598,14,feather+zstd,55330,2.4854,299.0,561.07
data_affordable_rental_housing_developments_s6ha-ppgi.csv,137515,598,14,gzip -9,43402,3.1684,13.4,74.49
data_affordable_rental_housing_developments_s6ha-ppgi.csv,137515,598,14,lz4 -9,51538,2.6682,26.61,66.46
data_affordable_rental_housing_developments_s6ha-ppgi.csv,137515,598,14,orc+snappy,65905,2.0866,170.59,376.98
data_affordable_rental_housing_developments_s6ha-ppgi.csv,137515,598,14,orc+zlib,48402,2.8411,77.04,301.51
data_affordable_rental_housing_developments_s6ha-ppgi.csv,137515,598,14,orc+zstd,46740,2.9421,131.75,501.55
data_affordable_rental_housing_developments_s6ha-ppgi.csv,137515,598,14,parquet+brotli,47937,2.8687,1.74,169.74
data_affordable_rental_housing_developments_s6ha-ppgi.csv,137515,598,14,parquet+gzip,53334,2.5784,49.41,195.32
data_affordable_rental_housing_developments_s6ha-ppgi.csv,137515,598,14,parquet+snappy,70868,1.9404,99.0,5.13
data_affordable_rental_housing_developments_s6ha-ppgi.csv,137515,598,14,parquet+zstd,49482,2.7791,14.73,297.62
data_affordable_rental_housing_developments_s6ha-ppgi.csv,137515,598,14,polypress,31425,4.376,4.37,28.25
data_affordable_rental_housing_developments_s6ha-ppgi.csv,137515,598,14,polypress+brotli,31191,4.4088,,
data_affordable_rental_housing_developments_s6ha-ppgi.csv,137515,598,14,polypress+zstd,34706,3.9623,,
data_affordable_rental_housing_developments_s6ha-ppgi.csv,137515,598,14,xz -9e,33024,4.1641,6.22,38.12
data_affordable_rental_housing_developments_s6ha-ppgi.csv,137515,598,14,zip -9,43377,3.1702,12.95,42.99
data_affordable_rental_housing_developments_s6ha-ppgi.csv,137515,598,14,zstd -19,35745,3.8471,3.98,48.06
data_affordable_rental_housing_developments_s6ha-ppgi.csv,137515,598,14,zstd -22,35745,3.8471,1.36,42.0
data_affordable_rental_housing_developments_s6ha-ppgi.csv,137515,598,14,zstd -3,42720,3.219,43.04,53.93
data_lottery_cash_4_life_winning_numbers_2014_kwxv-fwze.csv,140618,2949,3,7z lzma2 -mx9,19408,7.2454,4.59,34.6
data_lottery_cash_4_life_winning_numbers_2014_kwxv-fwze.csv,140618,2949,3,7z ppmd o12,16799,8.3706,21.68,19.03
data_lottery_cash_4_life_winning_numbers_2014_kwxv-fwze.csv,140618,2949,3,7z ppmd o16,17334,8.1123,18.13,17.83
data_lottery_cash_4_life_winning_numbers_2014_kwxv-fwze.csv,140618,2949,3,7z ppmd o6,15048,9.3446,25.8,26.24
data_lottery_cash_4_life_winning_numbers_2014_kwxv-fwze.csv,140618,2949,3,brotli -q11,21417,6.5657,1.12,47.16
data_lottery_cash_4_life_winning_numbers_2014_kwxv-fwze.csv,140618,2949,3,bzip2 -9,16769,8.3856,18.01,44.31
data_lottery_cash_4_life_winning_numbers_2014_kwxv-fwze.csv,140618,2949,3,feather+lz4,68250,2.0603,777.07,1098.31
data_lottery_cash_4_life_winning_numbers_2014_kwxv-fwze.csv,140618,2949,3,feather+zstd,43514,3.2316,630.8,1172.55
data_lottery_cash_4_life_winning_numbers_2014_kwxv-fwze.csv,140618,2949,3,gzip -9,26240,5.3589,10.52,60.46
data_lottery_cash_4_life_winning_numbers_2014_kwxv-fwze.csv,140618,2949,3,lz4 -9,35777,3.9304,19.4,50.74
data_lottery_cash_4_life_winning_numbers_2014_kwxv-fwze.csv,140618,2949,3,orc+snappy,25578,5.4976,212.77,567.11
data_lottery_cash_4_life_winning_numbers_2014_kwxv-fwze.csv,140618,2949,3,orc+zlib,18186,7.7322,175.53,685.81
data_lottery_cash_4_life_winning_numbers_2014_kwxv-fwze.csv,140618,2949,3,orc+zstd,16514,8.5151,296.53,1143.01
data_lottery_cash_4_life_winning_numbers_2014_kwxv-fwze.csv,140618,2949,3,parquet+brotli,39530,3.5572,1.25,180.26
data_lottery_cash_4_life_winning_numbers_2014_kwxv-fwze.csv,140618,2949,3,parquet+gzip,41373,3.3988,31.15,277.94
data_lottery_cash_4_life_winning_numbers_2014_kwxv-fwze.csv,140618,2949,3,parquet+snappy,57242,2.4566,248.86,5.29
data_lottery_cash_4_life_winning_numbers_2014_kwxv-fwze.csv,140618,2949,3,parquet+zstd,38445,3.6576,9.44,270.92
data_lottery_cash_4_life_winning_numbers_2014_kwxv-fwze.csv,140618,2949,3,polypress,15850,8.8718,3.86,35.44
data_lottery_cash_4_life_winning_numbers_2014_kwxv-fwze.csv,140618,2949,3,polypress+brotli,16166,8.6984,,
data_lottery_cash_4_life_winning_numbers_2014_kwxv-fwze.csv,140618,2949,3,polypress+zstd,17028,8.258,,
data_lottery_cash_4_life_winning_numbers_2014_kwxv-fwze.csv,140618,2949,3,xz -9e,19112,7.3576,4.81,38.27
data_lottery_cash_4_life_winning_numbers_2014_kwxv-fwze.csv,140618,2949,3,zip -9,26438,5.3188,10.68,40.14
data_lottery_cash_4_life_winning_numbers_2014_kwxv-fwze.csv,140618,2949,3,zstd -19,22973,6.121,3.23,45.76
data_lottery_cash_4_life_winning_numbers_2014_kwxv-fwze.csv,140618,2949,3,zstd -22,22973,6.121,1.31,43.99
data_lottery_cash_4_life_winning_numbers_2014_kwxv-fwze.csv,140618,2949,3,zstd -3,29803,4.7182,39.87,52.51
data_new_liquor_licenses_dymb-xy5c.csv,169552,859,13,7z lzma2 -mx9,23901,7.0939,7.54,38.81
data_new_liquor_licenses_dymb-xy5c.csv,169552,859,13,7z ppmd o12,19353,8.761,21.46,20.41
data_new_liquor_licenses_dymb-xy5c.csv,169552,859,13,7z ppmd o16,19087,8.8831,19.19,18.34
data_new_liquor_licenses_dymb-xy5c.csv,169552,859,13,7z ppmd o6,20824,8.1421,23.58,22.07
data_new_liquor_licenses_dymb-xy5c.csv,169552,859,13,brotli -q11,22410,7.5659,1.14,55.72
data_new_liquor_licenses_dymb-xy5c.csv,169552,859,13,bzip2 -9,23993,7.0667,17.46,45.82
data_new_liquor_licenses_dymb-xy5c.csv,169552,859,13,feather+lz4,93954,1.8046,573.05,1072.63
data_new_liquor_licenses_dymb-xy5c.csv,169552,859,13,feather+zstd,57066,2.9712,360.81,730.14
data_new_liquor_licenses_dymb-xy5c.csv,169552,859,13,gzip -9,30535,5.5527,22.86,83.08
data_new_liquor_licenses_dymb-xy5c.csv,169552,859,13,lz4 -9,34836,4.8671,30.41,67.12
data_new_liquor_licenses_dymb-xy5c.csv,169552,859,13,orc+snappy,53754,3.1542,160.1,358.26
data_new_liquor_licenses_dymb-xy5c.csv,169552,859,13,orc+zlib,36280,4.6734,92.6,305.61
data_new_liquor_licenses_dymb-xy5c.csv,169552,859,13,orc+zstd,35147,4.8241,134.03,417.59
data_new_liquor_licenses_dymb-xy5c.csv,169552,859,13,parquet+brotli,32373,5.2375,3.52,139.22
data_new_liquor_licenses_dymb-xy5c.csv,169552,859,13,parquet+gzip,34867,4.8628,79.04,253.71
data_new_liquor_licenses_dymb-xy5c.csv,169552,859,13,parquet+snappy,47056,3.6032,189.89,6.12
data_new_liquor_licenses_dymb-xy5c.csv,169552,859,13,parquet+zstd,33606,5.0453,19.54,129.23
data_new_liquor_licenses_dymb-xy5c.csv,169552,859,13,polypress,21718,7.807,5.62,30.26
data_new_liquor_licenses_dymb-xy5c.csv,169552,859,13,polypress+brotli,21301,7.9598,,
data_new_liquor_licenses_dymb-xy5c.csv,169552,859,13,polypress+zstd,23942,7.0818,,
data_new_liquor_licenses_dymb-xy5c.csv,169552,859,13,xz -9e,23336,7.2657,3.95,24.96
data_new_liquor_licenses_dymb-xy5c.csv,169552,859,13,zip -9,30596,5.5416,20.51,54.64
data_new_liquor_licenses_dymb-xy5c.csv,169552,859,13,zstd -19,24743,6.8525,2.91,47.43
data_new_liquor_licenses_dymb-xy5c.csv,169552,859,13,zstd -22,24743,6.8525,1.33,49.28
data_new_liquor_licenses_dymb-xy5c.csv,169552,859,13,zstd -3,30062,5.6401,36.53,56.88
datahub_smart_city_challenge_finalists_project_p_4zfz-amsd.csv,188801,743,16,7z lzma2 -mx9,23898,7.9003,7.48,40.26
datahub_smart_city_challenge_finalists_project_p_4zfz-amsd.csv,188801,743,16,7z ppmd o12,17090,11.0475,20.91,17.79
datahub_smart_city_challenge_finalists_project_p_4zfz-amsd.csv,188801,743,16,7z ppmd o16,16825,11.2215,20.62,18.16
datahub_smart_city_challenge_finalists_project_p_4zfz-amsd.csv,188801,743,16,7z ppmd o6,19675,9.596,20.03,21.71
datahub_smart_city_challenge_finalists_project_p_4zfz-amsd.csv,188801,743,16,brotli -q11,20525,9.1986,1.16,52.27
datahub_smart_city_challenge_finalists_project_p_4zfz-amsd.csv,188801,743,16,bzip2 -9,20857,9.0522,15.04,37.56
datahub_smart_city_challenge_finalists_project_p_4zfz-amsd.csv,188801,743,16,feather+lz4,79338,2.3797,575.92,1020.48
datahub_smart_city_challenge_finalists_project_p_4zfz-amsd.csv,188801,743,16,feather+zstd,51074,3.6966,401.77,789.52
datahub_smart_city_challenge_finalists_project_p_4zfz-amsd.csv,188801,743,16,gzip -9,28659,6.5878,30.67,87.12
datahub_smart_city_challenge_finalists_project_p_4zfz-amsd.csv,188801,743,16,lz4 -9,31079,6.0749,28.8,71.03
datahub_smart_city_challenge_finalists_project_p_4zfz-amsd.csv,188801,743,16,orc+snappy,52449,3.5997,138.42,297.81
datahub_smart_city_challenge_finalists_project_p_4zfz-amsd.csv,188801,743,16,orc+zlib,37456,5.0406,97.37,358.81
datahub_smart_city_challenge_finalists_project_p_4zfz-amsd.csv,188801,743,16,orc+zstd,37502,5.0344,153.35,551.84
datahub_smart_city_challenge_finalists_project_p_4zfz-amsd.csv,188801,743,16,parquet+brotli,26825,7.0382,3.58,186.94
datahub_smart_city_challenge_finalists_project_p_4zfz-amsd.csv,188801,743,16,parquet+gzip,30859,6.1182,82.13,242.32
datahub_smart_city_challenge_finalists_project_p_4zfz-amsd.csv,188801,743,16,parquet+snappy,41218,4.5805,234.29,14.02
datahub_smart_city_challenge_finalists_project_p_4zfz-amsd.csv,188801,743,16,parquet+zstd,29805,6.3345,23.44,162.07
datahub_smart_city_challenge_finalists_project_p_4zfz-amsd.csv,188801,743,16,polypress,20526,9.1981,6.01,39.43
datahub_smart_city_challenge_finalists_project_p_4zfz-amsd.csv,188801,743,16,polypress+brotli,18335,10.2973,,
datahub_smart_city_challenge_finalists_project_p_4zfz-amsd.csv,188801,743,16,polypress+zstd,21017,8.9833,,
datahub_smart_city_challenge_finalists_project_p_4zfz-amsd.csv,188801,743,16,xz -9e,22484,8.3971,4.36,48.51
datahub_smart_city_challenge_finalists_project_p_4zfz-amsd.csv,188801,743,16,zip -9,28818,6.5515,29.22,39.65
datahub_smart_city_challenge_finalists_project_p_4zfz-amsd.csv,188801,743,16,zstd -19,23023,8.2005,2.58,50.56
datahub_smart_city_challenge_finalists_project_p_4zfz-amsd.csv,188801,743,16,zstd -22,23011,8.2048,1.12,46.93
datahub_smart_city_challenge_finalists_project_p_4zfz-amsd.csv,188801,743,16,zstd -3,30619,6.1661,43.38,65.55
data_transportation_services_index_and_season_bw6n-ddqk.csv,197206,317,66,7z lzma2 -mx9,60328,3.2689,5.01,32.15
data_transportation_services_index_and_season_bw6n-ddqk.csv,197206,317,66,7z ppmd o12,60878,3.2394,12.61,10.96
data_transportation_services_index_and_season_bw6n-ddqk.csv,197206,317,66,7z ppmd o16,60885,3.239,12.23,11.31
data_transportation_services_index_and_season_bw6n-ddqk.csv,197206,317,66,7z ppmd o6,60901,3.2381,15.96,12.59
data_transportation_services_index_and_season_bw6n-ddqk.csv,197206,317,66,brotli -q11,56980,3.461,0.91,41.84
data_transportation_services_index_and_season_bw6n-ddqk.csv,197206,317,66,bzip2 -9,61654,3.1986,18.82,37.81
data_transportation_services_index_and_season_bw6n-ddqk.csv,197206,317,66,feather+lz4,123626,1.5952,355.45,691.59
data_transportation_services_index_and_season_bw6n-ddqk.csv,197206,317,66,feather+zstd,87610,2.251,187.14,435.57
data_transportation_services_index_and_season_bw6n-ddqk.csv,197206,317,66,gzip -9,73892,2.6688,3.94,83.37
data_transportation_services_index_and_season_bw6n-ddqk.csv,197206,317,66,lz4 -9,95046,2.0748,17.26,72.67
data_transportation_services_index_and_season_bw6n-ddqk.csv,197206,317,66,orc+snappy,93301,2.1137,75.33,341.23
data_transportation_services_index_and_season_bw6n-ddqk.csv,197206,317,66,orc+zlib,79115,2.4926,32.17,199.79
data_transportation_services_index_and_season_bw6n-ddqk.csv,197206,317,66,orc+zstd,80588,2.4471,61.8,276.17
data_transportation_services_index_and_season_bw6n-ddqk.csv,197206,317,66,parquet+brotli,111603,1.767,1.29,87.7
data_transportation_services_index_and_season_bw6n-ddqk.csv,197206,317,66,parquet+gzip,116185,1.6973,23.32,108.59
data_transportation_services_index_and_season_bw6n-ddqk.csv,197206,317,66,parquet+snappy,143711,1.3722,137.6,6.53
data_transportation_services_index_and_season_bw6n-ddqk.csv,197206,317,66,parquet+zstd,105978,1.8608,14.86,114.31
data_transportation_services_index_and_season_bw6n-ddqk.csv,197206,317,66,polypress,46279,4.2612,3.72,24.34
data_transportation_services_index_and_season_bw6n-ddqk.csv,197206,317,66,polypress+brotli,47973,4.1108,,
data_transportation_services_index_and_season_bw6n-ddqk.csv,197206,317,66,polypress+zstd,53093,3.7144,,
data_transportation_services_index_and_season_bw6n-ddqk.csv,197206,317,66,xz -9e,59572,3.3104,5.81,35.93
data_transportation_services_index_and_season_bw6n-ddqk.csv,197206,317,66,zip -9,74147,2.6597,3.66,44.93
data_transportation_services_index_and_season_bw6n-ddqk.csv,197206,317,66,zstd -19,62041,3.1786,4.71,59.4
data_transportation_services_index_and_season_bw6n-ddqk.csv,197206,317,66,zstd -22,62041,3.1786,1.82,49.52
data_transportation_services_index_and_season_bw6n-ddqk.csv,197206,317,66,zstd -3,75777,2.6025,46.01,63.49
datos_lista_oficial_de_precios_unitarios_fijos_ae7u-y7m2.csv,199122,1255,9,7z lzma2 -mx9,28015,7.1077,8.15,48.71
datos_lista_oficial_de_precios_unitarios_fijos_ae7u-y7m2.csv,199122,1255,9,7z ppmd o12,24013,8.2923,21.75,19.2
datos_lista_oficial_de_precios_unitarios_fijos_ae7u-y7m2.csv,199122,1255,9,7z ppmd o16,23885,8.3367,18.73,18.91
datos_lista_oficial_de_precios_unitarios_fijos_ae7u-y7m2.csv,199122,1255,9,7z ppmd o6,26181,7.6056,26.75,24.96
datos_lista_oficial_de_precios_unitarios_fijos_ae7u-y7m2.csv,199122,1255,9,brotli -q11,27043,7.3632,1.24,46.68
datos_lista_oficial_de_precios_unitarios_fijos_ae7u-y7m2.csv,199122,1255,9,bzip2 -9,28505,6.9855,18.41,43.96
datos_lista_oficial_de_precios_unitarios_fijos_ae7u-y7m2.csv,199122,1255,9,feather+lz4,72306,2.7539,729.41,1088.89
datos_lista_oficial_de_precios_unitarios_fijos_ae7u-y7m2.csv,199122,1255,9,feather+zstd,47034,4.2336,466.32,884.72
datos_lista_oficial_de_precios_unitarios_fijos_ae7u-y7m2.csv,199122,1255,9,gzip -9,34256,5.8128,20.41,77.69
datos_lista_oficial_de_precios_unitarios_fijos_ae7u-y7m2.csv,199122,1255,9,lz4 -9,43033,4.6272,38.34,85.35
datos_lista_oficial_de_precios_unitarios_fijos_ae7u-y7m2.csv,199122,1255,9,orc+snappy,49788,3.9994,254.63,496.54
datos_lista_oficial_de_precios_unitarios_fijos_ae7u-y7m2.csv,199122,1255,9,orc+zlib,35757,5.5688,139.06,413.05
datos_lista_oficial_de_precios_unitarios_fijos_ae7u-y7m2.csv,199122,1255,9,orc+zstd,32848,6.0619,193.1,603.45
datos_lista_oficial_de_precios_unitarios_fijos_ae7u-y7m2.csv,199122,1255,9,parquet+brotli,34878,5.7091,2.28,228.38
datos_lista_oficial_de_precios_unitarios_fijos_ae7u-y7m2.csv,199122,1255,9,parquet+gzip,39995,4.9787,75.09,344.97
datos_lista_oficial_de_precios_unitarios_fijos_ae7u-y7m2.csv,199122,1255,9,parquet+snappy,54233,3.6716,258.97,7.09
datos_lista_oficial_de_precios_unitarios_fijos_ae7u-y7m2.csv,199122,1255,9,parquet+zstd,36050,5.5235,12.79,295.43
datos_lista_oficial_de_precios_unitarios_fijos_ae7u-y7m2.csv,199122,1255,9,polypress,24158,8.2425,6.09,37.98
datos_lista_oficial_de_precios_unitarios_fijos_ae7u-y7m2.csv,199122,1255,9,polypress+brotli,23978,8.3044,,
datos_lista_oficial_de_precios_unitarios_fijos_ae7u-y7m2.csv,199122,1255,9,polypress+zstd,25822,7.7113,,
datos_lista_oficial_de_precios_unitarios_fijos_ae7u-y7m2.csv,199122,1255,9,xz -9e,27556,7.2261,5.86,43.08
datos_lista_oficial_de_precios_unitarios_fijos_ae7u-y7m2.csv,199122,1255,9,zip -9,34508,5.7703,20.14,51.15
datos_lista_oficial_de_precios_unitarios_fijos_ae7u-y7m2.csv,199122,1255,9,zstd -19,29690,6.7067,3.77,49.47
datos_lista_oficial_de_precios_unitarios_fijos_ae7u-y7m2.csv,199122,1255,9,zstd -22,29689,6.7069,1.77,43.62
datos_lista_oficial_de_precios_unitarios_fijos_ae7u-y7m2.csv,199122,1255,9,zstd -3,34799,5.7221,43.81,59.44
data_rates_of_covid_19_cases_or_deaths_by_age_3rge-nu2a.csv,239530,1591,16,7z lzma2 -mx9,54295,4.4116,6.13,47.13
data_rates_of_covid_19_cases_or_deaths_by_age_3rge-nu2a.csv,239530,1591,16,7z ppmd o12,56128,4.2676,17.91,16.46
data_rates_of_covid_19_cases_or_deaths_by_age_3rge-nu2a.csv,239530,1591,16,7z ppmd o16,55921,4.2834,14.64,14.07
data_rates_of_covid_19_cases_or_deaths_by_age_3rge-nu2a.csv,239530,1591,16,7z ppmd o6,56416,4.2458,20.18,18.62
data_rates_of_covid_19_cases_or_deaths_by_age_3rge-nu2a.csv,239530,1591,16,brotli -q11,51683,4.6346,1.07,64.18
data_rates_of_covid_19_cases_or_deaths_by_age_3rge-nu2a.csv,239530,1591,16,bzip2 -9,58787,4.0745,19.25,43.85
data_rates_of_covid_19_cases_or_deaths_by_age_3rge-nu2a.csv,239530,1591,16,feather+lz4,109114,2.1952,946.01,1453.92
data_rates_of_covid_19_cases_or_deaths_by_age_3rge-nu2a.csv,239530,1591,16,feather+zstd,79450,3.0149,475.24,886.73
data_rates_of_covid_19_cases_or_deaths_by_age_3rge-nu2a.csv,239530,1591,16,gzip -9,69125,3.4652,8.71,97.29
data_rates_of_covid_19_cases_or_deaths_by_age_3rge-nu2a.csv,239530,1591,16,lz4 -9,90285,2.653,19.81,96.28
data_rates_of_covid_19_cases_or_deaths_by_age_3rge-nu2a.csv,239530,1591,16,orc+snappy,74443,3.2176,252.43,573.44
data_rates_of_covid_19_cases_or_deaths_by_age_3rge-nu2a.csv,239530,1591,16,orc+zlib,63975,3.7441,128.59,506.38
data_rates_of_covid_19_cases_or_deaths_by_age_3rge-nu2a.csv,239530,1591,16,orc+zstd,61866,3.8718,217.74,803.73
data_rates_of_covid_19_cases_or_deaths_by_age_3rge-nu2a.csv,239530,1591,16,parquet+brotli,78653,3.0454,2.25,167.03
data_rates_of_covid_19_cases_or_deaths_by_age_3rge-nu2a.csv,239530,1591,16,parquet+gzip,83237,2.8777,63.45,258.14
data_rates_of_covid_19_cases_or_deaths_by_age_3rge-nu2a.csv,239530,1591,16,parquet+snappy,93090,2.5731,212.94,7.2
data_rates_of_covid_19_cases_or_deaths_by_age_3rge-nu2a.csv,239530,1591,16,parquet+zstd,78921,3.0351,36.94,381.86
data_rates_of_covid_19_cases_or_deaths_by_age_3rge-nu2a.csv,239530,1591,16,polypress,46348,5.1681,4.78,33.96
data_rates_of_covid_19_cases_or_deaths_by_age_3rge-nu2a.csv,239530,1591,16,polypress+brotli,46205,5.1841,,
data_rates_of_covid_19_cases_or_deaths_by_age_3rge-nu2a.csv,239530,1591,16,polypress+zstd,48219,4.9675,,
data_rates_of_covid_19_cases_or_deaths_by_age_3rge-nu2a.csv,239530,1591,16,xz -9e,53780,4.4539,5.38,45.59
data_rates_of_covid_19_cases_or_deaths_by_age_3rge-nu2a.csv,239530,1591,16,zip -9,69314,3.4557,8.52,57.75
data_rates_of_covid_19_cases_or_deaths_by_age_3rge-nu2a.csv,239530,1591,16,zstd -19,54075,4.4296,4.23,62.25
data_rates_of_covid_19_cases_or_deaths_by_age_3rge-nu2a.csv,239530,1591,16,zstd -22,54081,4.4291,2.27,69.8
data_rates_of_covid_19_cases_or_deaths_by_age_3rge-nu2a.csv,239530,1591,16,zstd -3,70870,3.3799,50.9,62.01
data_missouri_alcohol_licenses_not_renewed_fo_mtgj-bnbx.csv,250730,1366,14,7z lzma2 -mx9,61858,4.0533,5.92,43.66
data_missouri_alcohol_licenses_not_renewed_fo_mtgj-bnbx.csv,250730,1366,14,7z ppmd o12,53264,4.7073,13.38,13.95
data_missouri_alcohol_licenses_not_renewed_fo_mtgj-bnbx.csv,250730,1366,14,7z ppmd o16,54979,4.5605,13.87,13.19
data_missouri_alcohol_licenses_not_renewed_fo_mtgj-bnbx.csv,250730,1366,14,7z ppmd o6,52253,4.7984,17.9,16.65
data_missouri_alcohol_licenses_not_renewed_fo_mtgj-bnbx.csv,250730,1366,14,brotli -q11,60184,4.1661,1.15,60.21
data_missouri_alcohol_licenses_not_renewed_fo_mtgj-bnbx.csv,250730,1366,14,bzip2 -9,57371,4.3703,15.96,32.33
data_missouri_alcohol_licenses_not_renewed_fo_mtgj-bnbx.csv,250730,1366,14,feather+lz4,165410,1.5158,558.49,1235.77
data_missouri_alcohol_licenses_not_renewed_fo_mtgj-bnbx.csv,250730,1366,14,feather+zstd,105170,2.384,339.79,505.35
data_missouri_alcohol_licenses_not_renewed_fo_mtgj-bnbx.csv,250730,1366,14,gzip -9,76167,3.2918,13.05,97.74
data_missouri_alcohol_licenses_not_renewed_fo_mtgj-bnbx.csv,250730,1366,14,lz4 -9,87089,2.879,26.48,80.23
data_missouri_alcohol_licenses_not_renewed_fo_mtgj-bnbx.csv,250730,1366,14,orc+snappy,112411,2.2305,150.86,387.49
data_missouri_alcohol_licenses_not_renewed_fo_mtgj-bnbx.csv,250730,1366,14,orc+zlib,77462,3.2368,70.07,264.7
data_missouri_alcohol_licenses_not_renewed_fo_mtgj-bnbx.csv,250730,1366,14,orc+zstd,75260,3.3315,139.75,478.45
data_missouri_alcohol_licenses_not_renewed_fo_mtgj-bnbx.csv,250730,1366,14,parquet+brotli,81327,3.083,1.83,169.62
data_missouri_alcohol_licenses_not_renewed_fo_mtgj-bnbx.csv,250730,1366,14,parquet+gzip,88098,2.846,38.46,183.69
data_missouri_alcohol_licenses_not_renewed_fo_mtgj-bnbx.csv,250730,1366,14,parquet+snappy,123046,2.0377,179.09,22.73
data_missouri_alcohol_licenses_not_renewed_fo_mtgj-bnbx.csv,250730,1366,14,parquet+zstd,84149,2.9796,12.86,149.23
data_missouri_alcohol_licenses_not_renewed_fo_mtgj-bnbx.csv,250730,1366,14,polypress,55210,4.5414,4.5,35.23
data_missouri_alcohol_licenses_not_renewed_fo_mtgj-bnbx.csv,250730,1366,14,polypress+brotli,55757,4.4968,,
data_missouri_alcohol_licenses_not_renewed_fo_mtgj-bnbx.csv,250730,1366,14,polypress+zstd,59649,4.2034,,
data_missouri_alcohol_licenses_not_renewed_fo_mtgj-bnbx.csv,250730,1366,14,xz -9e,61620,4.069,5.36,45.82
data_missouri_alcohol_licenses_not_renewed_fo_mtgj-bnbx.csv,250730,1366,14,zip -9,76167,3.2918,11.83,43.02
data_missouri_alcohol_licenses_not_renewed_fo_mtgj-bnbx.csv,250730,1366,14,zstd -19,65342,3.8372,4.79,71.27
data_missouri_alcohol_licenses_not_renewed_fo_mtgj-bnbx.csv,250730,1366,14,zstd -22,65342,3.8372,2.53,61.14
data_missouri_alcohol_licenses_not_renewed_fo_mtgj-bnbx.csv,250730,1366,14,zstd -3,76753,3.2667,54.18,81.09
data_providence_police_department_arrests_and_vank-fyx9.csv,485254,1916,19,7z lzma2 -mx9,46080,10.5307,8.74,80.77
data_providence_police_department_arrests_and_vank-fyx9.csv,485254,1916,19,7z ppmd o12,34247,14.1692,35.16,25.3
data_providence_police_department_arrests_and_vank-fyx9.csv,485254,1916,19,7z ppmd o16,34767,13.9573,28.23,26.66
data_providence_police_department_arrests_and_vank-fyx9.csv,485254,1916,19,7z ppmd o6,37067,13.0913,42.11,33.54
data_providence_police_department_arrests_and_vank-fyx9.csv,485254,1916,19,brotli -q11,44881,10.812,1.13,132.33
data_providence_police_department_arrests_and_vank-fyx9.csv,485254,1916,19,bzip2 -9,43491,11.1576,16.99,57.9
data_providence_police_department_arrests_and_vank-fyx9.csv,485254,1916,19,feather+lz4,193498,2.5078,956.89,1791.64
data_providence_police_department_arrests_and_vank-fyx9.csv,485254,1916,19,feather+zstd,118594,4.0917,515.66,1023.79
data_providence_police_department_arrests_and_vank-fyx9.csv,485254,1916,19,gzip -9,66493,7.2978,27.17,170.03
data_providence_police_department_arrests_and_vank-fyx9.csv,485254,1916,19,lz4 -9,71579,6.7793,42.16,138.17
data_providence_police_department_arrests_and_vank-fyx9.csv,485254,1916,19,orc+snappy,95262,5.0939,250.78,718.93
data_providence_police_department_arrests_and_vank-fyx9.csv,485254,1916,19,orc+zlib,66140,7.3368,155.94,481.84
data_providence_police_department_arrests_and_vank-fyx9.csv,485254,1916,19,orc+zstd,63668,7.6216,216.94,620.71
data_providence_police_department_arrests_and_vank-fyx9.csv,485254,1916,19,parquet+brotli,57469,8.4438,5.39,346.2
data_providence_police_department_arrests_and_vank-fyx9.csv,485254,1916,19,parquet+gzip,63062,7.6949,123.51,387.53
data_providence_police_department_arrests_and_vank-fyx9.csv,485254,1916,19,parquet+snappy,83059,5.8423,342.93,17.14
data_providence_police_department_arrests_and_vank-fyx9.csv,485254,1916,19,parquet+zstd,59599,8.142,42.34,499.22
data_providence_police_department_arrests_and_vank-fyx9.csv,485254,1916,19,polypress,34843,13.9269,11.51,69.92
data_providence_police_department_arrests_and_vank-fyx9.csv,485254,1916,19,polypress+brotli,35063,13.8395,,
data_providence_police_department_arrests_and_vank-fyx9.csv,485254,1916,19,polypress+zstd,41536,11.6827,,
data_providence_police_department_arrests_and_vank-fyx9.csv,485254,1916,19,xz -9e,44476,10.9105,4.33,87.33
data_providence_police_department_arrests_and_vank-fyx9.csv,485254,1916,19,zip -9,67036,7.2387,25.42,87.37
data_providence_police_department_arrests_and_vank-fyx9.csv,485254,1916,19,zstd -19,49248,9.8533,3.44,123.32
data_providence_police_department_arrests_and_vank-fyx9.csv,485254,1916,19,zstd -22,49237,9.8555,1.63,112.77
data_providence_police_department_arrests_and_vank-fyx9.csv,485254,1916,19,zstd -3,62032,7.8226,69.65,130.52
data_police_active_warrants_cab7-wvn5.csv,495025,3877,11,7z lzma2 -mx9,60937,8.1236,5.59,101.54
data_police_active_warrants_cab7-wvn5.csv,495025,3877,11,7z ppmd o12,42057,11.7703,38.81,36.45
data_police_active_warrants_cab7-wvn5.csv,495025,3877,11,7z ppmd o16,42337,11.6925,33.86,31.85
data_police_active_warrants_cab7-wvn5.csv,495025,3877,11,7z ppmd o6,43198,11.4594,48.0,44.6
data_police_active_warrants_cab7-wvn5.csv,495025,3877,11,brotli -q11,59931,8.2599,1.12,134.89
data_police_active_warrants_cab7-wvn5.csv,495025,3877,11,bzip2 -9,49427,10.0153,19.42,62.51
data_police_active_warrants_cab7-wvn5.csv,495025,3877,11,feather+lz4,222978,2.2201,950.25,2140.5
data_police_active_warrants_cab7-wvn5.csv,495025,3877,11,feather+zstd,135858,3.6437,544.67,1102.65
data_police_active_warrants_cab7-wvn5.csv,495025,3877,11,gzip -9,78068,6.3409,17.43,185.4
data_police_active_warrants_cab7-wvn5.csv,495025,3877,11,lz4 -9,90624,5.4624,30.04,133.11
data_police_active_warrants_cab7-wvn5.csv,495025,3877,11,orc+snappy,104439,4.7398,268.6,806.01
data_police_active_warrants_cab7-wvn5.csv,495025,3877,11,orc+zlib,74287,6.6637,162.2,516.75
data_police_active_warrants_cab7-wvn5.csv,495025,3877,11,orc+zstd,71889,6.886,247.15,754.46
data_police_active_warrants_cab7-wvn5.csv,495025,3877,11,parquet+brotli,72258,6.8508,5.44,358.78
data_police_active_warrants_cab7-wvn5.csv,495025,3877,11,parquet+gzip,77138,6.4174,121.51,471.88
data_police_active_warrants_cab7-wvn5.csv,495025,3877,11,parquet+snappy,99278,4.9863,366.71,18.62
data_police_active_warrants_cab7-wvn5.csv,495025,3877,11,parquet+zstd,74934,6.6061,61.29,656.43
data_police_active_warrants_cab7-wvn5.csv,495025,3877,11,polypress,45667,10.8399,9.05,77.06
data_police_active_warrants_cab7-wvn5.csv,495025,3877,11,polypress+brotli,45649,10.8442,,
data_police_active_warrants_cab7-wvn5.csv,495025,3877,11,polypress+zstd,51211,9.6664,,
data_police_active_warrants_cab7-wvn5.csv,495025,3877,11,xz -9e,60248,8.2165,4.62,85.29
data_police_active_warrants_cab7-wvn5.csv,495025,3877,11,zip -9,78095,6.3388,17.44,112.66
data_police_active_warrants_cab7-wvn5.csv,495025,3877,11,zstd -19,62515,7.9185,4.13,121.78
data_police_active_warrants_cab7-wvn5.csv,495025,3877,11,zstd -22,62495,7.921,2.3,87.72
data_police_active_warrants_cab7-wvn5.csv,495025,3877,11,zstd -3,80735,6.1315,75.69,120.97
data_lottery_take_5_winning_numbers_beginning_dg63-4siq.csv,521332,10688,5,7z lzma2 -mx9,64163,8.1251,4.27,94.91
data_lottery_take_5_winning_numbers_beginning_dg63-4siq.csv,521332,10688,5,7z ppmd o12,59255,8.7981,34.29,31.92
data_lottery_take_5_winning_numbers_beginning_dg63-4siq.csv,521332,10688,5,7z ppmd o16,62690,8.316,28.02,25.31
data_lottery_take_5_winning_numbers_beginning_dg63-4siq.csv,521332,10688,5,7z ppmd o6,48533,10.7418,61.84,55.27
data_lottery_take_5_winning_numbers_beginning_dg63-4siq.csv,521332,10688,5,brotli -q11,72149,7.2258,1.02,139.01
data_lottery_take_5_winning_numbers_beginning_dg63-4siq.csv,521332,10688,5,bzip2 -9,59811,8.7163,22.21,72.71
data_lottery_take_5_winning_numbers_beginning_dg63-4siq.csv,521332,10688,5,feather+lz4,232866,2.2388,1229.82,2569.48
data_lottery_take_5_winning_numbers_beginning_dg63-4siq.csv,521332,10688,5,feather+zstd,163002,3.1983,832.68,1343.96
data_lottery_take_5_winning_numbers_beginning_dg63-4siq.csv,521332,10688,5,gzip -9,89168,5.8466,12.48,251.48
data_lottery_take_5_winning_numbers_beginning_dg63-4siq.csv,521332,10688,5,lz4 -9,120724,4.3184,19.41,174.71
data_lottery_take_5_winning_numbers_beginning_dg63-4siq.csv,521332,10688,5,orc+snappy,89832,5.8034,410.48,917.59
data_lottery_take_5_winning_numbers_beginning_dg63-4siq.csv,521332,10688,5,orc+zlib,65748,7.9292,217.75,723.09
data_lottery_take_5_winning_numbers_beginning_dg63-4siq.csv,521332,10688,5,orc+zstd,58161,8.9636,400.04,1084.64
data_lottery_take_5_winning_numbers_beginning_dg63-4siq.csv,521332,10688,5,parquet+brotli,140396,3.7133,0.82,251.86
data_lottery_take_5_winning_numbers_beginning_dg63-4siq.csv,521332,10688,5,parquet+gzip,152021,3.4293,26.89,348.24
data_lottery_take_5_winning_numbers_beginning_dg63-4siq.csv,521332,10688,5,parquet+snappy,214754,2.4276,321.61,53.83
data_lottery_take_5_winning_numbers_beginning_dg63-4siq.csv,521332,10688,5,parquet+zstd,143639,3.6295,8.36,517.18
data_lottery_take_5_winning_numbers_beginning_dg63-4siq.csv,521332,10688,5,polypress,50548,10.3136,4.05,71.17
data_lottery_take_5_winning_numbers_beginning_dg63-4siq.csv,521332,10688,5,polypress+brotli,55258,9.4345,,
data_lottery_take_5_winning_numbers_beginning_dg63-4siq.csv,521332,10688,5,polypress+zstd,53853,9.6806,,
data_lottery_take_5_winning_numbers_beginning_dg63-4siq.csv,521332,10688,5,xz -9e,62912,8.2867,4.83,91.19
data_lottery_take_5_winning_numbers_beginning_dg63-4siq.csv,521332,10688,5,zip -9,89782,5.8066,12.63,123.53
data_lottery_take_5_winning_numbers_beginning_dg63-4siq.csv,521332,10688,5,zstd -19,75044,6.947,5.15,143.97
data_lottery_take_5_winning_numbers_beginning_dg63-4siq.csv,521332,10688,5,zstd -22,75044,6.947,3.46,139.77
data_lottery_take_5_winning_numbers_beginning_dg63-4siq.csv,521332,10688,5,zstd -3,100953,5.1641,93.7,162.97
datos_tasa_de_cambio_representativa_del_mercad_32sa-8pi3.csv,563692,8317,4,7z lzma2 -mx9,36303,15.5274,6.64,109.46
datos_tasa_de_cambio_representativa_del_mercad_32sa-8pi3.csv,563692,8317,4,7z ppmd o12,39961,14.1061,51.56,46.44
datos_tasa_de_cambio_representativa_del_mercad_32sa-8pi3.csv,563692,8317,4,7z ppmd o16,47039,11.9835,37.81,35.22
datos_tasa_de_cambio_representativa_del_mercad_32sa-8pi3.csv,563692,8317,4,7z ppmd o6,36203,15.5703,66.93,60.28
datos_tasa_de_cambio_representativa_del_mercad_32sa-8pi3.csv,563692,8317,4,brotli -q11,41991,13.4241,1.3,152.56
datos_tasa_de_cambio_representativa_del_mercad_32sa-8pi3.csv,563692,8317,4,bzip2 -9,54609,10.3223,25.45,83.83
datos_tasa_de_cambio_representativa_del_mercad_32sa-8pi3.csv,563692,8317,4,feather+lz4,205226,2.7467,3127.38,3966.94
datos_tasa_de_cambio_representativa_del_mercad_32sa-8pi3.csv,563692,8317,4,feather+zstd,158458,3.5574,1528.31,2470.53
datos_tasa_de_cambio_representativa_del_mercad_32sa-8pi3.csv,563692,8317,4,gzip -9,76375,7.3806,15.15,217.97
datos_tasa_de_cambio_representativa_del_mercad_32sa-8pi3.csv,563692,8317,4,lz4 -9,120266,4.687,29.14,179.24
datos_tasa_de_cambio_representativa_del_mercad_32sa-8pi3.csv,563692,8317,4,orc+snappy,46575,12.1029,584.79,1911.31
datos_tasa_de_cambio_representativa_del_mercad_32sa-8pi3.csv,563692,8317,4,orc+zlib,33172,16.993,403.46,1601.83
datos_tasa_de_cambio_representativa_del_mercad_32sa-8pi3.csv,563692,8317,4,orc+zstd,30977,18.1971,612.67,2308.88
datos_tasa_de_cambio_representativa_del_mercad_32sa-8pi3.csv,563692,8317,4,parquet+brotli,149588,3.7683,0.91,308.05
datos_tasa_de_cambio_representativa_del_mercad_32sa-8pi3.csv,563692,8317,4,parquet+gzip,156537,3.601,67.81,632.0
datos_tasa_de_cambio_representativa_del_mercad_32sa-8pi3.csv,563692,8317,4,parquet+snappy,205030,2.7493,400.93,20.91
datos_tasa_de_cambio_representativa_del_mercad_32sa-8pi3.csv,563692,8317,4,parquet+zstd,144286,3.9068,40.79,1150.51
datos_tasa_de_cambio_representativa_del_mercad_32sa-8pi3.csv,563692,8317,4,polypress,25428,22.1682,1.8,90.62
datos_tasa_de_cambio_representativa_del_mercad_32sa-8pi3.csv,563692,8317,4,polypress+brotli,32294,17.455,,
datos_tasa_de_cambio_representativa_del_mercad_32sa-8pi3.csv,563692,8317,4,polypress+zstd,31644,17.8136,,
datos_tasa_de_cambio_representativa_del_mercad_32sa-8pi3.csv,563692,8317,4,xz -9e,38172,14.7672,5.14,103.1
datos_tasa_de_cambio_representativa_del_mercad_32sa-8pi3.csv,563692,8317,4,zip -9,76579,7.3609,15.19,135.76
datos_tasa_de_cambio_representativa_del_mercad_32sa-8pi3.csv,563692,8317,4,zstd -19,41792,13.488,5.51,133.73
datos_tasa_de_cambio_representativa_del_mercad_32sa-8pi3.csv,563692,8317,4,zstd -22,41792,13.488,2.4,151.13
datos_tasa_de_cambio_representativa_del_mercad_32sa-8pi3.csv,563692,8317,4,zstd -3,78946,7.1402,96.42,163.2
data_county_clerk_license_information_hbmv-rqk9.csv,600564,1448,24,7z lzma2 -mx9,50943,11.7889,11.77,123.62
data_county_clerk_license_information_hbmv-rqk9.csv,600564,1448,24,7z ppmd o12,49015,12.2527,38.07,34.5
data_county_clerk_license_information_hbmv-rqk9.csv,600564,1448,24,7z ppmd o16,46275,12.9782,33.32,31.53
data_county_clerk_license_information_hbmv-rqk9.csv,600564,1448,24,7z ppmd o6,62261,9.6459,45.12,40.73
data_county_clerk_license_information_hbmv-rqk9.csv,600564,1448,24,brotli -q11,48174,12.4666,2.0,160.83
data_county_clerk_license_information_hbmv-rqk9.csv,600564,1448,24,bzip2 -9,62624,9.59,19.46,67.01
data_county_clerk_license_information_hbmv-rqk9.csv,600564,1448,24,feather+lz4,256538,2.341,842.18,1912.64
data_county_clerk_license_information_hbmv-rqk9.csv,600564,1448,24,feather+zstd,160434,3.7434,512.92,1057.05
data_county_clerk_license_information_hbmv-rqk9.csv,600564,1448,24,gzip -9,74022,8.1133,38.64,277.78
data_county_clerk_license_information_hbmv-rqk9.csv,600564,1448,24,lz4 -9,83715,7.1739,61.36,182.48
data_county_clerk_license_information_hbmv-rqk9.csv,600564,1448,24,orc+snappy,150253,3.997,259.1,665.86
data_county_clerk_license_information_hbmv-rqk9.csv,600564,1448,24,orc+zlib,104359,5.7548,146.05,433.63
data_county_clerk_license_information_hbmv-rqk9.csv,600564,1448,24,orc+zstd,98665,6.0869,224.03,654.95
data_county_clerk_license_information_hbmv-rqk9.csv,600564,1448,24,parquet+brotli,91045,6.5963,4.21,324.23
data_county_clerk_license_information_hbmv-rqk9.csv,600564,1448,24,parquet+gzip,96972,6.1932,101.28,387.77
data_county_clerk_license_information_hbmv-rqk9.csv,600564,1448,24,parquet+snappy,131607,4.5633,370.71,21.6
data_county_clerk_license_information_hbmv-rqk9.csv,600564,1448,24,parquet+zstd,93566,6.4186,31.98,555.69
data_county_clerk_license_information_hbmv-rqk9.csv,600564,1448,24,polypress,50167,11.9713,13.26,72.46
data_county_clerk_license_information_hbmv-rqk9.csv,600564,1448,24,polypress+brotli,50388,11.9188,,
data_county_clerk_license_information_hbmv-rqk9.csv,600564,1448,24,polypress+zstd,56180,10.69,,
data_county_clerk_license_information_hbmv-rqk9.csv,600564,1448,24,xz -9e,50396,11.9169,8.18,108.77
data_county_clerk_license_information_hbmv-rqk9.csv,600564,1448,24,zip -9,74671,8.0428,35.53,123.14
data_county_clerk_license_information_hbmv-rqk9.csv,600564,1448,24,zstd -19,52563,11.4256,7.34,167.38
data_county_clerk_license_information_hbmv-rqk9.csv,600564,1448,24,zstd -22,52529,11.433,3.4,130.27
data_county_clerk_license_information_hbmv-rqk9.csv,600564,1448,24,zstd -3,65011,9.2379,102.29,186.7
data_provisional_covid_19_deaths_by_week_sex_vsak-wrfu.csv,704273,6552,8,7z lzma2 -mx9,37111,18.9775,9.49,153.1
data_provisional_covid_19_deaths_by_week_sex_vsak-wrfu.csv,704273,6552,8,7z ppmd o12,31890,22.0844,67.56,64.24
data_provisional_covid_19_deaths_by_week_sex_vsak-wrfu.csv,704273,6552,8,7z ppmd o16,31065,22.6709,64.94,61.06
data_provisional_covid_19_deaths_by_week_sex_vsak-wrfu.csv,704273,6552,8,7z ppmd o6,34985,20.1307,80.4,74.76
data_provisional_covid_19_deaths_by_week_sex_vsak-wrfu.csv,704273,6552,8,brotli -q11,31359,22.4584,0.91,203.9
data_provisional_covid_19_deaths_by_week_sex_vsak-wrfu.csv,704273,6552,8,bzip2 -9,34767,20.2569,16.71,87.05
data_provisional_covid_19_deaths_by_week_sex_vsak-wrfu.csv,704273,6552,8,feather+lz4,129322,5.4459,2697.66,3891.88
data_provisional_covid_19_deaths_by_week_sex_vsak-wrfu.csv,704273,6552,8,feather+zstd,80378,8.762,1764.6,2355.61
data_provisional_covid_19_deaths_by_week_sex_vsak-wrfu.csv,704273,6552,8,gzip -9,52586,13.3928,31.7,290.57
data_provisional_covid_19_deaths_by_week_sex_vsak-wrfu.csv,704273,6552,8,lz4 -9,73423,9.592,47.52,262.92
data_provisional_covid_19_deaths_by_week_sex_vsak-wrfu.csv,704273,6552,8,orc+snappy,35893,19.6215,524.03,1629.31
data_provisional_covid_19_deaths_by_week_sex_vsak-wrfu.csv,704273,6552,8,orc+zlib,24830,28.3638,414.76,1464.52
data_provisional_covid_19_deaths_by_week_sex_vsak-wrfu.csv,704273,6552,8,orc+zstd,23255,30.2848,563.08,1918.14
data_provisional_covid_19_deaths_by_week_sex_vsak-wrfu.csv,704273,6552,8,parquet+brotli,35836,19.6527,11.5,761.52
data_provisional_covid_19_deaths_by_week_sex_vsak-wrfu.csv,704273,6552,8,parquet+gzip,37486,18.7876,196.35,1197.38
data_provisional_covid_19_deaths_by_week_sex_vsak-wrfu.csv,704273,6552,8,parquet+snappy,47899,14.7033,634.44,26.74
data_provisional_covid_19_deaths_by_week_sex_vsak-wrfu.csv,704273,6552,8,parquet+zstd,34135,20.632,86.78,1470.35
data_provisional_covid_19_deaths_by_week_sex_vsak-wrfu.csv,704273,6552,8,polypress,19756,35.6486,39.18,135.56
data_provisional_covid_19_deaths_by_week_sex_vsak-wrfu.csv,704273,6552,8,polypress+brotli,21315,33.0412,,
data_provisional_covid_19_deaths_by_week_sex_vsak-wrfu.csv,704273,6552,8,polypress+zstd,23474,30.0023,,
data_provisional_covid_19_deaths_by_week_sex_vsak-wrfu.csv,704273,6552,8,xz -9e,31160,22.6018,4.78,136.91
data_provisional_covid_19_deaths_by_week_sex_vsak-wrfu.csv,704273,6552,8,zip -9,52757,13.3494,31.02,169.09
data_provisional_covid_19_deaths_by_week_sex_vsak-wrfu.csv,704273,6552,8,zstd -19,36395,19.3508,4.48,202.62
data_provisional_covid_19_deaths_by_week_sex_vsak-wrfu.csv,704273,6552,8,zstd -22,36379,19.3593,3.19,191.54
data_provisional_covid_19_deaths_by_week_sex_vsak-wrfu.csv,704273,6552,8,zstd -3,70078,10.0498,115.95,235.47
data_tlc_new_driver_application_status_dpec-ucu7.csv,781228,4237,12,7z lzma2 -mx9,31520,24.7852,10.04,174.11
data_tlc_new_driver_application_status_dpec-ucu7.csv,781228,4237,12,7z ppmd o12,20242,38.5944,87.24,83.22
data_tlc_new_driver_application_status_dpec-ucu7.csv,781228,4237,12,7z ppmd o16,19669,39.7187,88.91,82.67
data_tlc_new_driver_application_status_dpec-ucu7.csv,781228,4237,12,7z ppmd o6,24606,31.7495,97.02,87.16
data_tlc_new_driver_application_status_dpec-ucu7.csv,781228,4237,12,brotli -q11,25986,30.0634,0.93,227.69
data_tlc_new_driver_application_status_dpec-ucu7.csv,781228,4237,12,bzip2 -9,18669,41.8463,11.1,80.85
data_tlc_new_driver_application_status_dpec-ucu7.csv,781228,4237,12,feather+lz4,234610,3.3299,1887.5,3003.4
data_tlc_new_driver_application_status_dpec-ucu7.csv,781228,4237,12,feather+zstd,131042,5.9617,1032.03,1702.19
data_tlc_new_driver_application_status_dpec-ucu7.csv,781228,4237,12,gzip -9,34326,22.7591,43.73,388.47
data_tlc_new_driver_application_status_dpec-ucu7.csv,781228,4237,12,lz4 -9,45311,17.2415,56.64,311.62
data_tlc_new_driver_application_status_dpec-ucu7.csv,781228,4237,12,orc+snappy,81574,9.5769,361.83,1038.91
data_tlc_new_driver_application_status_dpec-ucu7.csv,781228,4237,12,orc+zlib,46616,16.7588,272.67,847.57
data_tlc_new_driver_application_status_dpec-ucu7.csv,781228,4237,12,orc+zstd,49034,15.9324,353.67,989.05
data_tlc_new_driver_application_status_dpec-ucu7.csv,781228,4237,12,parquet+brotli,29148,26.8021,16.23,682.22
data_tlc_new_driver_application_status_dpec-ucu7.csv,781228,4237,12,parquet+gzip,32395,24.1157,242.0,886.56
data_tlc_new_driver_application_status_dpec-ucu7.csv,781228,4237,12,parquet+snappy,42080,18.5653,587.86,28.28
data_tlc_new_driver_application_status_dpec-ucu7.csv,781228,4237,12,parquet+zstd,28860,27.0696,116.0,857.55
data_tlc_new_driver_application_status_dpec-ucu7.csv,781228,4237,12,polypress,17171,45.4969,25.5,134.76
data_tlc_new_driver_application_status_dpec-ucu7.csv,781228,4237,12,polypress+brotli,16898,46.232,,
data_tlc_new_driver_application_status_dpec-ucu7.csv,781228,4237,12,polypress+zstd,19423,40.2218,,
data_tlc_new_driver_application_status_dpec-ucu7.csv,781228,4237,12,xz -9e,25140,31.0751,4.37,174.31
data_tlc_new_driver_application_status_dpec-ucu7.csv,781228,4237,12,zip -9,34624,22.5632,41.2,180.68
data_tlc_new_driver_application_status_dpec-ucu7.csv,781228,4237,12,zstd -19,27193,28.729,3.15,229.43
data_tlc_new_driver_application_status_dpec-ucu7.csv,781228,4237,12,zstd -22,27193,28.729,2.6,213.56
data_tlc_new_driver_application_status_dpec-ucu7.csv,781228,4237,12,zstd -3,55658,14.0362,122.24,250.42
datos_código_único_de_medicamentos_en_trámite_vgr4-gemg.csv,788499,1607,29,7z lzma2 -mx9,35638,22.1252,10.17,181.27
datos_código_único_de_medicamentos_en_trámite_vgr4-gemg.csv,788499,1607,29,7z ppmd o12,34352,22.9535,58.14,54.94
datos_código_único_de_medicamentos_en_trámite_vgr4-gemg.csv,788499,1607,29,7z ppmd o16,30166,26.1387,53.56,51.3
datos_código_único_de_medicamentos_en_trámite_vgr4-gemg.csv,788499,1607,29,7z ppmd o6,48090,16.3963,64.94,59.65
datos_código_único_de_medicamentos_en_trámite_vgr4-gemg.csv,788499,1607,29,brotli -q11,33800,23.3284,1.27,224.4
datos_código_único_de_medicamentos_en_trámite_vgr4-gemg.csv,788499,1607,29,bzip2 -9,33762,23.3546,18.19,79.51
datos_código_único_de_medicamentos_en_trámite_vgr4-gemg.csv,788499,1607,29,feather+lz4,296970,2.6551,936.62,2194.56
datos_código_único_de_medicamentos_en_trámite_vgr4-gemg.csv,788499,1607,29,feather+zstd,174810,4.5106,570.5,1072.72
datos_código_único_de_medicamentos_en_trámite_vgr4-gemg.csv,788499,1607,29,gzip -9,104908,7.5161,31.34,261.85
datos_código_único_de_medicamentos_en_trámite_vgr4-gemg.csv,788499,1607,29,lz4 -9,93282,8.4529,58.86,272.18
datos_código_único_de_medicamentos_en_trámite_vgr4-gemg.csv,788499,1607,29,orc+snappy,159942,4.9299,265.68,888.79
datos_código_único_de_medicamentos_en_trámite_vgr4-gemg.csv,788499,1607,29,orc+zlib,111323,7.083,157.13,528.14
datos_código_único_de_medicamentos_en_trámite_vgr4-gemg.csv,788499,1607,29,orc+zstd,111557,7.0681,229.21,706.06
datos_código_único_de_medicamentos_en_trámite_vgr4-gemg.csv,788499,1607,29,parquet+brotli,59102,13.3413,6.77,514.66
datos_código_único_de_medicamentos_en_trámite_vgr4-gemg.csv,788499,1607,29,parquet+gzip,63202,12.4759,185.3,512.35
datos_código_único_de_medicamentos_en_trámite_vgr4-gemg.csv,788499,1607,29,parquet+snappy,82862,9.5158,436.08,26.78
datos_código_único_de_medicamentos_en_trámite_vgr4-gemg.csv,788499,1607,29,parquet+zstd,60291,13.0782,33.86,654.24
datos_código_único_de_medicamentos_en_trámite_vgr4-gemg.csv,788499,1607,29,polypress,28922,27.2629,20.26,111.12
datos_código_único_de_medicamentos_en_trámite_vgr4-gemg.csv,788499,1607,29,polypress+brotli,29106,27.0906,,
datos_código_único_de_medicamentos_en_trámite_vgr4-gemg.csv,788499,1607,29,polypress+zstd,32087,24.5738,,
datos_código_único_de_medicamentos_en_trámite_vgr4-gemg.csv,788499,1607,29,xz -9e,32328,24.3906,5.85,168.12
datos_código_único_de_medicamentos_en_trámite_vgr4-gemg.csv,788499,1607,29,zip -9,104848,7.5204,29.9,164.89
datos_código_único_de_medicamentos_en_trámite_vgr4-gemg.csv,788499,1607,29,zstd -19,34487,22.8637,4.9,226.4
datos_código_único_de_medicamentos_en_trámite_vgr4-gemg.csv,788499,1607,29,zstd -22,34148,23.0906,2.04,216.27
datos_código_único_de_medicamentos_en_trámite_vgr4-gemg.csv,788499,1607,29,zstd -3,52918,14.9004,122.7,267.21
data_lottery_daily_numbers_win_4_winning_numb_hsys-3def.csv,970818,16664,13,7z lzma2 -mx9,138187,7.0254,5.31,119.54
data_lottery_daily_numbers_win_4_winning_numb_hsys-3def.csv,970818,16664,13,7z ppmd o12,128375,7.5624,34.72,31.83
data_lottery_daily_numbers_win_4_winning_numb_hsys-3def.csv,970818,16664,13,7z ppmd o16,136558,7.1092,25.77,25.97
data_lottery_daily_numbers_win_4_winning_numb_hsys-3def.csv,970818,16664,13,7z ppmd o6,128007,7.5841,60.62,55.41
data_lottery_daily_numbers_win_4_winning_numb_hsys-3def.csv,970818,16664,13,brotli -q11,141282,6.8715,1.14,186.88
data_lottery_daily_numbers_win_4_winning_numb_hsys-3def.csv,970818,16664,13,bzip2 -9,140848,6.8927,24.57,67.89
data_lottery_daily_numbers_win_4_winning_numb_hsys-3def.csv,970818,16664,13,feather+lz4,368378,2.6354,1168.07,2064.86
data_lottery_daily_numbers_win_4_winning_numb_hsys-3def.csv,970818,16664,13,feather+zstd,218058,4.4521,864.52,990.49
data_lottery_daily_numbers_win_4_winning_numb_hsys-3def.csv,970818,16664,13,gzip -9,186931,5.1935,6.21,305.49
data_lottery_daily_numbers_win_4_winning_numb_hsys-3def.csv,970818,16664,13,lz4 -9,250372,3.8775,19.28,262.81
data_lottery_daily_numbers_win_4_winning_numb_hsys-3def.csv,970818,16664,13,orc+snappy,122536,7.9227,376.12,1087.0
data_lottery_daily_numbers_win_4_winning_numb_hsys-3def.csv,970818,16664,13,orc+zlib,98350,9.8711,241.91,892.18
data_lottery_daily_numbers_win_4_winning_numb_hsys-3def.csv,970818,16664,13,orc+zstd,96446,10.0659,411.51,1493.18
data_lottery_daily_numbers_win_4_winning_numb_hsys-3def.csv,970818,16664,13,parquet+brotli,241288,4.0235,1.24,337.55
data_lottery_daily_numbers_win_4_winning_numb_hsys-3def.csv,970818,16664,13,parquet+gzip,245254,3.9584,68.51,717.64
data_lottery_daily_numbers_win_4_winning_numb_hsys-3def.csv,970818,16664,13,parquet+snappy,306049,3.1721,402.36,35.78
data_lottery_daily_numbers_win_4_winning_numb_hsys-3def.csv,970818,16664,13,parquet+zstd,228482,4.249,31.76,1032.95
data_lottery_daily_numbers_win_4_winning_numb_hsys-3def.csv,970818,16664,13,polypress,95190,10.1987,4.81,78.8
data_lottery_daily_numbers_win_4_winning_numb_hsys-3def.csv,970818,16664,13,polypress+brotli,100821,9.6291,,
data_lottery_daily_numbers_win_4_winning_numb_hsys-3def.csv,970818,16664,13,polypress+zstd,108064,8.9837,,
data_lottery_daily_numbers_win_4_winning_numb_hsys-3def.csv,970818,16664,13,xz -9e,138524,7.0083,4.72,99.09
data_lottery_daily_numbers_win_4_winning_numb_hsys-3def.csv,970818,16664,13,zip -9,187966,5.1649,6.11,142.08
data_lottery_daily_numbers_win_4_winning_numb_hsys-3def.csv,970818,16664,13,zstd -19,146807,6.6129,5.92,215.06
data_lottery_daily_numbers_win_4_winning_numb_hsys-3def.csv,970818,16664,13,zstd -22,146807,6.6129,3.82,221.44
data_lottery_daily_numbers_win_4_winning_numb_hsys-3def.csv,970818,16664,13,zstd -3,211947,4.5805,109.98,261.96
data_active_trademark_registrations_ny3n-dx3v.csv,1197066,3537,10,7z lzma2 -mx9,179249,6.6782,9.45,155.46
data_active_trademark_registrations_ny3n-dx3v.csv,1197066,3537,10,7z ppmd o12,144932,8.2595,31.77,25.01
data_active_trademark_registrations_ny3n-dx3v.csv,1197066,3537,10,7z ppmd o16,143656,8.3329,25.43,22.43
data_active_trademark_registrations_ny3n-dx3v.csv,1197066,3537,10,7z ppmd o6,151192,7.9175,39.86,36.36
data_active_trademark_registrations_ny3n-dx3v.csv,1197066,3537,10,brotli -q11,174296,6.868,1.14,215.65
data_active_trademark_registrations_ny3n-dx3v.csv,1197066,3537,10,bzip2 -9,179401,6.6726,22.52,75.83
data_active_trademark_registrations_ny3n-dx3v.csv,1197066,3537,10,feather+lz4,440402,2.7181,953.09,3141.96
data_active_trademark_registrations_ny3n-dx3v.csv,1197066,3537,10,feather+zstd,280506,4.2675,641.89,1573.44
data_active_trademark_registrations_ny3n-dx3v.csv,1197066,3537,10,gzip -9,241354,4.9598,44.04,438.31
data_active_trademark_registrations_ny3n-dx3v.csv,1197066,3537,10,lz4 -9,277629,4.3117,57.12,264.42
data_active_trademark_registrations_ny3n-dx3v.csv,1197066,3537,10,orc+snappy,346369,3.456,463.99,1354.43
data_active_trademark_registrations_ny3n-dx3v.csv,1197066,3537,10,orc+zlib,240207,4.9835,199.57,589.93
data_active_trademark_registrations_ny3n-dx3v.csv,1197066,3537,10,orc+zstd,226644,5.2817,393.39,1213.06
data_active_trademark_registrations_ny3n-dx3v.csv,1197066,3537,10,parquet+brotli,212104,5.6438,1.1,358.5
data_active_trademark_registrations_ny3n-dx3v.csv,1197066,3537,10,parquet+gzip,244133,4.9033,59.12,469.81
data_active_trademark_registrations_ny3n-dx3v.csv,1197066,3537,10,parquet+snappy,381992,3.1337,419.28,41.0
data_active_trademark_registrations_ny3n-dx3v.csv,1197066,3537,10,parquet+zstd,216890,5.5192,6.15,784.39
data_active_trademark_registrations_ny3n-dx3v.csv,1197066,3537,10,polypress,156823,7.6332,6.55,100.43
data_active_trademark_registrations_ny3n-dx3v.csv,1197066,3537,10,polypress+brotli,155971,7.6749,,
data_active_trademark_registrations_ny3n-dx3v.csv,1197066,3537,10,polypress+zstd,163829,7.3068,,
data_active_trademark_registrations_ny3n-dx3v.csv,1197066,3537,10,xz -9e,175648,6.8151,5.13,126.22
data_active_trademark_registrations_ny3n-dx3v.csv,1197066,3537,10,zip -9,241239,4.9622,42.1,173.85
data_active_trademark_registrations_ny3n-dx3v.csv,1197066,3537,10,zstd -19,186898,6.4049,5.96,263.29
data_active_trademark_registrations_ny3n-dx3v.csv,1197066,3537,10,zstd -22,186864,6.4061,4.1,272.21
data_active_trademark_registrations_ny3n-dx3v.csv,1197066,3537,10,zstd -3,225170,5.3163,115.65,263.55
data_contracts_vmu2-pnrc.csv,1327439,2355,29,7z lzma2 -mx9,180895,7.3382,8.34,161.18
data_contracts_vmu2-pnrc.csv,1327439,2355,29,7z ppmd o12,144723,9.1723,34.69,31.91
data_contracts_vmu2-pnrc.csv,1327439,2355,29,7z ppmd o16,141637,9.3721,33.33,30.0
data_contracts_vmu2-pnrc.csv,1327439,2355,29,7z ppmd o6,160275,8.2823,41.97,36.63
data_contracts_vmu2-pnrc.csv,1327439,2355,29,brotli -q11,170185,7.8,1.01,251.22
data_contracts_vmu2-pnrc.csv,1327439,2355,29,bzip2 -9,179729,7.3858,18.26,65.92
data_contracts_vmu2-pnrc.csv,1327439,2355,29,feather+lz4,619770,2.1418,834.36,2431.3
data_contracts_vmu2-pnrc.csv,1327439,2355,29,feather+zstd,393826,3.3706,453.06,1087.86
data_contracts_vmu2-pnrc.csv,1327439,2355,29,gzip -9,275155,4.8243,34.83,450.13
data_contracts_vmu2-pnrc.csv,1327439,2355,29,lz4 -9,297119,4.4677,50.94,288.63
data_contracts_vmu2-pnrc.csv,1327439,2355,29,orc+snappy,388983,3.4126,323.51,978.85
data_contracts_vmu2-pnrc.csv,1327439,2355,29,orc+zlib,273099,4.8607,154.14,486.26
data_contracts_vmu2-pnrc.csv,1327439,2355,29,orc+zstd,266008,4.9902,263.58,794.02
data_contracts_vmu2-pnrc.csv,1327439,2355,29,parquet+brotli,221925,5.9815,3.17,390.88
data_contracts_vmu2-pnrc.csv,1327439,2355,29,parquet+gzip,251967,5.2683,76.8,416.12
data_contracts_vmu2-pnrc.csv,1327439,2355,29,parquet+snappy,355406,3.735,424.4,46.16
data_contracts_vmu2-pnrc.csv,1327439,2355,29,parquet+zstd,235079,5.6468,19.64,658.66
data_contracts_vmu2-pnrc.csv,1327439,2355,29,polypress,158861,8.356,7.77,106.14
data_contracts_vmu2-pnrc.csv,1327439,2355,29,polypress+brotli,156475,8.4834,,
data_contracts_vmu2-pnrc.csv,1327439,2355,29,polypress+zstd,169524,7.8304,,
data_contracts_vmu2-pnrc.csv,1327439,2355,29,xz -9e,174000,7.629,4.73,136.82
data_contracts_vmu2-pnrc.csv,1327439,2355,29,zip -9,276940,4.7932,33.43,171.41
data_contracts_vmu2-pnrc.csv,1327439,2355,29,zstd -19,184533,7.1935,4.34,279.46
data_contracts_vmu2-pnrc.csv,1327439,2355,29,zstd -22,184511,7.1944,3.49,282.32
data_contracts_vmu2-pnrc.csv,1327439,2355,29,zstd -3,234866,5.6519,121.87,279.7
data_state_of_vermont_employee_salaries_jgqy-2smf.csv,1341657,10770,7,7z lzma2 -mx9,147749,9.0807,8.49,190.39
data_state_of_vermont_employee_salaries_jgqy-2smf.csv,1341657,10770,7,7z ppmd o12,94440,14.2064,48.23,44.66
data_state_of_vermont_employee_salaries_jgqy-2smf.csv,1341657,10770,7,7z ppmd o16,93156,14.4023,43.96,42.74
data_state_of_vermont_employee_salaries_jgqy-2smf.csv,1341657,10770,7,7z ppmd o6,103098,13.0134,57.05,51.62
data_state_of_vermont_employee_salaries_jgqy-2smf.csv,1341657,10770,7,brotli -q11,141213,9.5009,1.23,234.96
data_state_of_vermont_employee_salaries_jgqy-2smf.csv,1341657,10770,7,bzip2 -9,127804,10.4978,19.79,74.87
data_state_of_vermont_employee_salaries_jgqy-2smf.csv,1341657,10770,7,feather+lz4,524434,2.5583,1109.49,3128.03
data_state_of_vermont_employee_salaries_jgqy-2smf.csv,1341657,10770,7,feather+zstd,339970,3.9464,760.65,1543.85
data_state_of_vermont_employee_salaries_jgqy-2smf.csv,1341657,10770,7,gzip -9,215743,6.2188,39.61,439.29
data_state_of_vermont_employee_salaries_jgqy-2smf.csv,1341657,10770,7,lz4 -9,237460,5.65,49.13,295.65
data_state_of_vermont_employee_salaries_jgqy-2smf.csv,1341657,10770,7,orc+snappy,329155,4.0761,423.11,1186.2
data_state_of_vermont_employee_salaries_jgqy-2smf.csv,1341657,10770,7,orc+zlib,226822,5.915,207.73,597.63
data_state_of_vermont_employee_salaries_jgqy-2smf.csv,1341657,10770,7,orc+zstd,225617,5.9466,365.05,1004.88
data_state_of_vermont_employee_salaries_jgqy-2smf.csv,1341657,10770,7,parquet+brotli,147578,9.0912,3.74,549.81
data_state_of_vermont_employee_salaries_jgqy-2smf.csv,1341657,10770,7,parquet+gzip,165568,8.1034,105.89,676.93
data_state_of_vermont_employee_salaries_jgqy-2smf.csv,1341657,10770,7,parquet+snappy,231550,5.7942,524.3,48.57
data_state_of_vermont_employee_salaries_jgqy-2smf.csv,1341657,10770,7,parquet+zstd,157570,8.5147,37.83,892.66
data_state_of_vermont_employee_salaries_jgqy-2smf.csv,1341657,10770,7,polypress,121503,11.0422,15.5,123.58
data_state_of_vermont_employee_salaries_jgqy-2smf.csv,1341657,10770,7,polypress+brotli,123427,10.87,,
data_state_of_vermont_employee_salaries_jgqy-2smf.csv,1341657,10770,7,polypress+zstd,131484,10.204,,
data_state_of_vermont_employee_salaries_jgqy-2smf.csv,1341657,10770,7,xz -9e,141156,9.5048,4.25,59.98
data_state_of_vermont_employee_salaries_jgqy-2smf.csv,1341657,10770,7,zip -9,215695,6.2202,38.25,180.75
data_state_of_vermont_employee_salaries_jgqy-2smf.csv,1341657,10770,7,zstd -19,148246,9.0502,4.76,293.0
data_state_of_vermont_employee_salaries_jgqy-2smf.csv,1341657,10770,7,zstd -22,148149,9.0561,3.69,222.2
data_state_of_vermont_employee_salaries_jgqy-2smf.csv,1341657,10770,7,zstd -3,199358,6.7299,125.76,323.84
data_equine_death_and_breakdown_q6ts-kwhk.csv,1645780,5450,13,7z lzma2 -mx9,276121,5.9604,6.39,169.68
data_equine_death_and_breakdown_q6ts-kwhk.csv,1645780,5450,13,7z ppmd o12,201185,8.1804,27.58,27.61
data_equine_death_and_breakdown_q6ts-kwhk.csv,1645780,5450,13,7z ppmd o16,201507,8.1674,26.87,24.44
data_equine_death_and_breakdown_q6ts-kwhk.csv,1645780,5450,13,7z ppmd o6,207432,7.9341,39.99,36.01
data_equine_death_and_breakdown_q6ts-kwhk.csv,1645780,5450,13,brotli -q11,267160,6.1603,1.08,241.5
data_equine_death_and_breakdown_q6ts-kwhk.csv,1645780,5450,13,bzip2 -9,249122,6.6063,19.26,65.58
data_equine_death_and_breakdown_q6ts-kwhk.csv,1645780,5450,13,feather+lz4,783930,2.0994,798.12,2823.27
data_equine_death_and_breakdown_q6ts-kwhk.csv,1645780,5450,13,feather+zstd,504274,3.2637,522.79,1281.88
data_equine_death_and_breakdown_q6ts-kwhk.csv,1645780,5450,13,gzip -9,382416,4.3036,38.34,447.34
data_equine_death_and_breakdown_q6ts-kwhk.csv,1645780,5450,13,lz4 -9,418642,3.9312,44.64,335.06
data_equine_death_and_breakdown_q6ts-kwhk.csv,1645780,5450,13,orc+snappy,578868,2.8431,392.12,1118.78
data_equine_death_and_breakdown_q6ts-kwhk.csv,1645780,5450,13,orc+zlib,409470,4.0193,160.97,477.21
data_equine_death_and_breakdown_q6ts-kwhk.csv,1645780,5450,13,orc+zstd,404055,4.0732,323.97,863.94
data_equine_death_and_breakdown_q6ts-kwhk.csv,1645780,5450,13,parquet+brotli,307668,5.3492,1.99,425.92
data_equine_death_and_breakdown_q6ts-kwhk.csv,1645780,5450,13,parquet+gzip,363958,4.5219,63.78,470.77
data_equine_death_and_breakdown_q6ts-kwhk.csv,1645780,5450,13,parquet+snappy,552043,2.9813,442.64,57.4
data_equine_death_and_breakdown_q6ts-kwhk.csv,1645780,5450,13,parquet+zstd,322762,5.0991,15.13,742.01
data_equine_death_and_breakdown_q6ts-kwhk.csv,1645780,5450,13,polypress,237567,6.9276,6.33,108.16
data_equine_death_and_breakdown_q6ts-kwhk.csv,1645780,5450,13,polypress+brotli,235251,6.9958,,
data_equine_death_and_breakdown_q6ts-kwhk.csv,1645780,5450,13,polypress+zstd,247035,6.6621,,
data_equine_death_and_breakdown_q6ts-kwhk.csv,1645780,5450,13,xz -9e,271024,6.0725,5.19,131.62
data_equine_death_and_breakdown_q6ts-kwhk.csv,1645780,5450,13,zip -9,382251,4.3055,37.74,177.91
data_equine_death_and_breakdown_q6ts-kwhk.csv,1645780,5450,13,zstd -19,278889,5.9012,5.75,330.68
data_equine_death_and_breakdown_q6ts-kwhk.csv,1645780,5450,13,zstd -22,278899,5.901,4.54,291.64
data_equine_death_and_breakdown_q6ts-kwhk.csv,1645780,5450,13,zstd -3,362466,4.5405,127.05,342.75
data_weekly_provisional_counts_of_deaths_by_s_muzy-jte6.csv,2331846,10476,35,7z lzma2 -mx9,230617,10.1113,6.56,206.71
data_weekly_provisional_counts_of_deaths_by_s_muzy-jte6.csv,2331846,10476,35,7z ppmd o12,189108,12.3308,46.24,39.86
data_weekly_provisional_counts_of_deaths_by_s_muzy-jte6.csv,2331846,10476,35,7z ppmd o16,187058,12.4659,41.9,38.86
data_weekly_provisional_counts_of_deaths_by_s_muzy-jte6.csv,2331846,10476,35,7z ppmd o6,203563,11.4552,85.77,76.64
data_weekly_provisional_counts_of_deaths_by_s_muzy-jte6.csv,2331846,10476,35,brotli -q11,223357,10.44,0.92,280.23
data_weekly_provisional_counts_of_deaths_by_s_muzy-jte6.csv,2331846,10476,35,bzip2 -9,201736,11.5589,16.16,94.33
data_weekly_provisional_counts_of_deaths_by_s_muzy-jte6.csv,2331846,10476,35,feather+lz4,603426,3.8643,1148.21,2193.91
data_weekly_provisional_counts_of_deaths_by_s_muzy-jte6.csv,2331846,10476,35,feather+zstd,301786,7.7268,654.65,1078.09
data_weekly_provisional_counts_of_deaths_by_s_muzy-jte6.csv,2331846,10476,35,gzip -9,291882,7.989,6.33,636.79
data_weekly_provisional_counts_of_deaths_by_s_muzy-jte6.csv,2331846,10476,35,lz4 -9,346243,6.7347,31.06,412.28
data_weekly_provisional_counts_of_deaths_by_s_muzy-jte6.csv,2331846,10476,35,orc+snappy,267157,8.7284,350.55,1025.85
data_weekly_provisional_counts_of_deaths_by_s_muzy-jte6.csv,2331846,10476,35,orc+zlib,173404,13.4475,232.63,758.76
data_weekly_provisional_counts_of_deaths_by_s_muzy-jte6.csv,2331846,10476,35,orc+zstd,173434,13.4451,320.88,991.03
data_weekly_provisional_counts_of_deaths_by_s_muzy-jte6.csv,2331846,10476,35,parquet+brotli,193840,12.0297,6.55,557.58
data_weekly_provisional_counts_of_deaths_by_s_muzy-jte6.csv,2331846,10476,35,parquet+gzip,201578,11.568,180.62,792.84
data_weekly_provisional_counts_of_deaths_by_s_muzy-jte6.csv,2331846,10476,35,parquet+snappy,242062,9.6333,397.32,205.18
data_weekly_provisional_counts_of_deaths_by_s_muzy-jte6.csv,2331846,10476,35,parquet+zstd,195257,11.9424,72.68,990.63
data_weekly_provisional_counts_of_deaths_by_s_muzy-jte6.csv,2331846,10476,35,polypress,121436,19.2023,17.21,131.17
data_weekly_provisional_counts_of_deaths_by_s_muzy-jte6.csv,2331846,10476,35,polypress+brotli,119087,19.581,,
data_weekly_provisional_counts_of_deaths_by_s_muzy-jte6.csv,2331846,10476,35,polypress+zstd,133665,17.4454,,
data_weekly_provisional_counts_of_deaths_by_s_muzy-jte6.csv,2331846,10476,35,xz -9e,218752,10.6598,3.87,168.12
data_weekly_provisional_counts_of_deaths_by_s_muzy-jte6.csv,2331846,10476,35,zip -9,292436,7.9739,6.08,191.05
data_weekly_provisional_counts_of_deaths_by_s_muzy-jte6.csv,2331846,10476,35,zstd -19,240763,9.6852,4.31,409.12
data_weekly_provisional_counts_of_deaths_by_s_muzy-jte6.csv,2331846,10476,35,zstd -22,239987,9.7166,2.87,322.65
data_weekly_provisional_counts_of_deaths_by_s_muzy-jte6.csv,2331846,10476,35,zstd -3,352737,6.6107,142.08,376.11
data_hhs_provider_relief_fund_kh8y-3es6.csv,2757399,50000,4,7z lzma2 -mx9,614293,4.4887,5.54,153.62
data_hhs_provider_relief_fund_kh8y-3es6.csv,2757399,50000,4,7z ppmd o12,469045,5.8788,21.36,19.6
data_hhs_provider_relief_fund_kh8y-3es6.csv,2757399,50000,4,7z ppmd o16,485894,5.6749,19.08,17.13
data_hhs_provider_relief_fund_kh8y-3es6.csv,2757399,50000,4,7z ppmd o6,438625,6.2865,36.46,34.14
data_hhs_provider_relief_fund_kh8y-3es6.csv,2757399,50000,4,brotli -q11,609803,4.5218,1.16,257.39
data_hhs_provider_relief_fund_kh8y-3es6.csv,2757399,50000,4,bzip2 -9,546473,5.0458,21.61,66.13
data_hhs_provider_relief_fund_kh8y-3es6.csv,2757399,50000,4,feather+lz4,1829858,1.5069,925.08,3293.1
data_hhs_provider_relief_fund_kh8y-3es6.csv,2757399,50000,4,feather+zstd,1170178,2.3564,646.4,1414.03
data_hhs_provider_relief_fund_kh8y-3es6.csv,2757399,50000,4,gzip -9,752149,3.666,22.79,561.51
data_hhs_provider_relief_fund_kh8y-3es6.csv,2757399,50000,4,lz4 -9,898929,3.0674,38.91,324.94
data_hhs_provider_relief_fund_kh8y-3es6.csv,2757399,50000,4,orc+snappy,1097351,2.5128,346.71,862.51
data_hhs_provider_relief_fund_kh8y-3es6.csv,2757399,50000,4,orc+zlib,752536,3.6641,152.2,432.53
data_hhs_provider_relief_fund_kh8y-3es6.csv,2757399,50000,4,orc+zstd,702201,3.9268,305.56,789.93
data_hhs_provider_relief_fund_kh8y-3es6.csv,2757399,50000,4,parquet+brotli,670577,4.112,0.92,305.19
data_hhs_provider_relief_fund_kh8y-3es6.csv,2757399,50000,4,parquet+gzip,821846,3.3551,40.5,367.32
data_hhs_provider_relief_fund_kh8y-3es6.csv,2757399,50000,4,parquet+snappy,1249403,2.207,262.03,90.14
data_hhs_provider_relief_fund_kh8y-3es6.csv,2757399,50000,4,parquet+zstd,746912,3.6917,9.56,584.08
data_hhs_provider_relief_fund_kh8y-3es6.csv,2757399,50000,4,polypress,517987,5.3233,4.13,98.41
data_hhs_provider_relief_fund_kh8y-3es6.csv,2757399,50000,4,polypress+brotli,517798,5.3252,,
data_hhs_provider_relief_fund_kh8y-3es6.csv,2757399,50000,4,polypress+zstd,523060,5.2717,,
data_hhs_provider_relief_fund_kh8y-3es6.csv,2757399,50000,4,xz -9e,611940,4.506,5.35,112.4
data_hhs_provider_relief_fund_kh8y-3es6.csv,2757399,50000,4,zip -9,751829,3.6676,22.42,173.28
data_hhs_provider_relief_fund_kh8y-3es6.csv,2757399,50000,4,zstd -19,632298,4.3609,6.33,397.54
data_hhs_provider_relief_fund_kh8y-3es6.csv,2757399,50000,4,zstd -22,632077,4.3624,5.19,314.56
data_hhs_provider_relief_fund_kh8y-3es6.csv,2757399,50000,4,zstd -3,764570,3.6065,130.31,388.97
data_current_employee_names_salaries_and_posi_xzkq-xp2w.csv,3077443,31775,8,7z lzma2 -mx9,314437,9.7872,7.65,274.48
data_current_employee_names_salaries_and_posi_xzkq-xp2w.csv,3077443,31775,8,7z ppmd o12,229649,13.4006,49.08,45.09
data_current_employee_names_salaries_and_posi_xzkq-xp2w.csv,3077443,31775,8,7z ppmd o16,224030,13.7367,46.8,41.32
data_current_employee_names_salaries_and_posi_xzkq-xp2w.csv,3077443,31775,8,7z ppmd o6,237849,12.9386,69.76,60.22
data_current_employee_names_salaries_and_posi_xzkq-xp2w.csv,3077443,31775,8,brotli -q11,280538,10.9698,1.11,354.63
data_current_employee_names_salaries_and_posi_xzkq-xp2w.csv,3077443,31775,8,bzip2 -9,263463,11.6807,17.32,87.81
data_current_employee_names_salaries_and_posi_xzkq-xp2w.csv,3077443,31775,8,feather+lz4,1447010,2.1268,980.38,2703.76
data_current_employee_names_salaries_and_posi_xzkq-xp2w.csv,3077443,31775,8,feather+zstd,897442,3.4291,643.01,1233.77
data_current_employee_names_salaries_and_posi_xzkq-xp2w.csv,3077443,31775,8,gzip -9,429379,7.1672,37.74,709.61
data_current_employee_names_salaries_and_posi_xzkq-xp2w.csv,3077443,31775,8,lz4 -9,481460,6.3919,58.23,451.38
data_current_employee_names_salaries_and_posi_xzkq-xp2w.csv,3077443,31775,8,orc+snappy,784601,3.9223,397.28,1002.78
data_current_employee_names_salaries_and_posi_xzkq-xp2w.csv,3077443,31775,8,orc+zlib,533507,5.7683,205.66,544.4
data_current_employee_names_salaries_and_posi_xzkq-xp2w.csv,3077443,31775,8,orc+zstd,519443,5.9245,335.86,798.94
data_current_employee_names_salaries_and_posi_xzkq-xp2w.csv,3077443,31775,8,parquet+brotli,351391,8.7579,3.77,556.42
data_current_employee_names_salaries_and_posi_xzkq-xp2w.csv,3077443,31775,8,parquet+gzip,384958,7.9942,98.27,616.24
data_current_employee_names_salaries_and_posi_xzkq-xp2w.csv,3077443,31775,8,parquet+snappy,545696,5.6395,503.09,104.03
data_current_employee_names_salaries_and_posi_xzkq-xp2w.csv,3077443,31775,8,parquet+zstd,358196,8.5915,37.68,837.19
data_current_employee_names_salaries_and_posi_xzkq-xp2w.csv,3077443,31775,8,polypress,216299,14.2277,11.21,164.81
data_current_employee_names_salaries_and_posi_xzkq-xp2w.csv,3077443,31775,8,polypress+brotli,219657,14.0102,,
data_current_employee_names_salaries_and_posi_xzkq-xp2w.csv,3077443,31775,8,polypress+zstd,228279,13.4811,,
data_current_employee_names_salaries_and_posi_xzkq-xp2w.csv,3077443,31775,8,xz -9e,281220,10.9432,3.12,217.77
data_current_employee_names_salaries_and_posi_xzkq-xp2w.csv,3077443,31775,8,zip -9,429173,7.1706,36.89,232.0
data_current_employee_names_salaries_and_posi_xzkq-xp2w.csv,3077443,31775,8,zstd -19,287653,10.6985,3.78,554.57
data_current_employee_names_salaries_and_posi_xzkq-xp2w.csv,3077443,31775,8,zstd -22,287651,10.6985,2.89,454.66
data_current_employee_names_salaries_and_posi_xzkq-xp2w.csv,3077443,31775,8,zstd -3,439031,7.0096,153.01,541.39
datos_resultados_de_los_sorteos_loterías_i3kx-3zps.csv,3670852,50000,8,7z lzma2 -mx9,284772,12.8905,6.02,274.68
datos_resultados_de_los_sorteos_loterías_i3kx-3zps.csv,3670852,50000,8,7z ppmd o12,241419,15.2053,61.34,56.26
datos_resultados_de_los_sorteos_loterías_i3kx-3zps.csv,3670852,50000,8,7z ppmd o16,242555,15.1341,58.36,44.0
datos_resultados_de_los_sorteos_loterías_i3kx-3zps.csv,3670852,50000,8,7z ppmd o6,280519,13.0859,103.15,89.88
datos_resultados_de_los_sorteos_loterías_i3kx-3zps.csv,3670852,50000,8,brotli -q11,281117,13.0581,1.1,412.55
datos_resultados_de_los_sorteos_loterías_i3kx-3zps.csv,3670852,50000,8,bzip2 -9,255216,14.3833,16.79,106.43
datos_resultados_de_los_sorteos_loterías_i3kx-3zps.csv,3670852,50000,8,feather+lz4,1358674,2.7018,1380.0,2888.14
datos_resultados_de_los_sorteos_loterías_i3kx-3zps.csv,3670852,50000,8,feather+zstd,807386,4.5466,817.19,1196.14
datos_resultados_de_los_sorteos_loterías_i3kx-3zps.csv,3670852,50000,8,gzip -9,379015,9.6852,12.36,946.32
datos_resultados_de_los_sorteos_loterías_i3kx-3zps.csv,3670852,50000,8,lz4 -9,503224,7.2947,38.95,451.62
datos_resultados_de_los_sorteos_loterías_i3kx-3zps.csv,3670852,50000,8,orc+snappy,570371,6.4359,453.96,1059.43
datos_resultados_de_los_sorteos_loterías_i3kx-3zps.csv,3670852,50000,8,orc+zlib,395217,9.2882,244.32,757.49
datos_resultados_de_los_sorteos_loterías_i3kx-3zps.csv,3670852,50000,8,orc+zstd,394047,9.3158,387.68,1131.53
datos_resultados_de_los_sorteos_loterías_i3kx-3zps.csv,3670852,50000,8,parquet+brotli,297392,12.3435,3.75,785.5
datos_resultados_de_los_sorteos_loterías_i3kx-3zps.csv,3670852,50000,8,parquet+gzip,312894,11.7319,253.18,1225.17
datos_resultados_de_los_sorteos_loterías_i3kx-3zps.csv,3670852,50000,8,parquet+snappy,345781,10.6161,736.4,127.51
datos_resultados_de_los_sorteos_loterías_i3kx-3zps.csv,3670852,50000,8,parquet+zstd,306212,11.9879,119.06,1669.56
datos_resultados_de_los_sorteos_loterías_i3kx-3zps.csv,3670852,50000,8,polypress,249604,14.7067,22.94,131.67
datos_resultados_de_los_sorteos_loterías_i3kx-3zps.csv,3670852,50000,8,polypress+brotli,260081,14.1143,,
datos_resultados_de_los_sorteos_loterías_i3kx-3zps.csv,3670852,50000,8,polypress+zstd,285081,12.8765,,
datos_resultados_de_los_sorteos_loterías_i3kx-3zps.csv,3670852,50000,8,xz -9e,275120,13.3427,4.62,198.15
datos_resultados_de_los_sorteos_loterías_i3kx-3zps.csv,3670852,50000,8,zip -9,379671,9.6685,12.25,282.2
datos_resultados_de_los_sorteos_loterías_i3kx-3zps.csv,3670852,50000,8,zstd -19,298303,12.3058,5.05,606.17
datos_resultados_de_los_sorteos_loterías_i3kx-3zps.csv,3670852,50000,8,zstd -22,298178,12.3109,4.65,475.98
datos_resultados_de_los_sorteos_loterías_i3kx-3zps.csv,3670852,50000,8,zstd -3,510097,7.1964,155.53,523.07
opendata_fire_rescue_personnel_responses_2012_201_8fxg-nyr5.csv,3899960,50000,5,7z lzma2 -mx9,217748,17.9104,5.04,344.92
opendata_fire_rescue_personnel_responses_2012_201_8fxg-nyr5.csv,3899960,50000,5,7z ppmd o12,212675,18.3377,81.67,66.31
opendata_fire_rescue_personnel_responses_2012_201_8fxg-nyr5.csv,3899960,50000,5,7z ppmd o16,212848,18.3227,62.33,60.11
opendata_fire_rescue_personnel_responses_2012_201_8fxg-nyr5.csv,3899960,50000,5,7z ppmd o6,312545,12.4781,103.71,91.92
opendata_fire_rescue_personnel_responses_2012_201_8fxg-nyr5.csv,3899960,50000,5,brotli -q11,212728,18.3331,0.84,448.89
opendata_fire_rescue_personnel_responses_2012_201_8fxg-nyr5.csv,3899960,50000,5,bzip2 -9,228793,17.0458,19.5,116.63
opendata_fire_rescue_personnel_responses_2012_201_8fxg-nyr5.csv,3899960,50000,5,feather+lz4,1113498,3.5024,2096.86,4912.2
opendata_fire_rescue_personnel_responses_2012_201_8fxg-nyr5.csv,3899960,50000,5,feather+zstd,699474,5.5756,1195.56,1847.48
opendata_fire_rescue_personnel_responses_2012_201_8fxg-nyr5.csv,3899960,50000,5,gzip -9,331413,11.7677,25.52,968.42
opendata_fire_rescue_personnel_responses_2012_201_8fxg-nyr5.csv,3899960,50000,5,lz4 -9,440523,8.853,46.41,486.83
opendata_fire_rescue_personnel_responses_2012_201_8fxg-nyr5.csv,3899960,50000,5,orc+snappy,426682,9.1402,718.23,1825.83
opendata_fire_rescue_personnel_responses_2012_201_8fxg-nyr5.csv,3899960,50000,5,orc+zlib,267793,14.5633,383.67,1105.39
opendata_fire_rescue_personnel_responses_2012_201_8fxg-nyr5.csv,3899960,50000,5,orc+zstd,316188,12.3343,642.28,1526.47
opendata_fire_rescue_personnel_responses_2012_201_8fxg-nyr5.csv,3899960,50000,5,parquet+brotli,255316,15.275,5.56,1054.85
opendata_fire_rescue_personnel_responses_2012_201_8fxg-nyr5.csv,3899960,50000,5,parquet+gzip,283464,13.7582,171.36,1467.71
opendata_fire_rescue_personnel_responses_2012_201_8fxg-nyr5.csv,3899960,50000,5,parquet+snappy,367576,10.6099,831.9,140.39
opendata_fire_rescue_personnel_responses_2012_201_8fxg-nyr5.csv,3899960,50000,5,parquet+zstd,262463,14.8591,88.66,1929.42
opendata_fire_rescue_personnel_responses_2012_201_8fxg-nyr5.csv,3899960,50000,5,polypress,131972,29.5514,33.92,250.05
opendata_fire_rescue_personnel_responses_2012_201_8fxg-nyr5.csv,3899960,50000,5,polypress+brotli,131520,29.653,,
opendata_fire_rescue_personnel_responses_2012_201_8fxg-nyr5.csv,3899960,50000,5,polypress+zstd,149978,26.0035,,
opendata_fire_rescue_personnel_responses_2012_201_8fxg-nyr5.csv,3899960,50000,5,xz -9e,190360,20.4873,3.54,245.73
opendata_fire_rescue_personnel_responses_2012_201_8fxg-nyr5.csv,3899960,50000,5,zip -9,331323,11.7709,24.75,241.65
opendata_fire_rescue_personnel_responses_2012_201_8fxg-nyr5.csv,3899960,50000,5,zstd -19,213088,18.3021,4.38,635.17
opendata_fire_rescue_personnel_responses_2012_201_8fxg-nyr5.csv,3899960,50000,5,zstd -22,212916,18.3169,3.62,479.81
opendata_fire_rescue_personnel_responses_2012_201_8fxg-nyr5.csv,3899960,50000,5,zstd -3,334730,11.6511,168.96,615.53
health_new_york_state_statewide_covid_19_testin_xdss-u53e.csv,4148270,50000,8,7z lzma2 -mx9,581083,7.1389,3.9,172.69
health_new_york_state_statewide_covid_19_testin_xdss-u53e.csv,4148270,50000,8,7z ppmd o12,544852,7.6136,29.97,27.55
health_new_york_state_statewide_covid_19_testin_xdss-u53e.csv,4148270,50000,8,7z ppmd o16,546344,7.5928,26.36,25.31
health_new_york_state_statewide_covid_19_testin_xdss-u53e.csv,4148270,50000,8,7z ppmd o6,547958,7.5704,63.06,57.16
health_new_york_state_statewide_covid_19_testin_xdss-u53e.csv,4148270,50000,8,brotli -q11,547916,7.571,0.96,302.44
health_new_york_state_statewide_covid_19_testin_xdss-u53e.csv,4148270,50000,8,bzip2 -9,615178,6.7432,21.98,82.12
health_new_york_state_statewide_covid_19_testin_xdss-u53e.csv,4148270,50000,8,feather+lz4,1534986,2.7025,1342.94,4449.9
health_new_york_state_statewide_covid_19_testin_xdss-u53e.csv,4148270,50000,8,feather+zstd,824898,5.0288,992.87,1828.41
health_new_york_state_statewide_covid_19_testin_xdss-u53e.csv,4148270,50000,8,gzip -9,836290,4.9603,8.15,641.35
health_new_york_state_statewide_covid_19_testin_xdss-u53e.csv,4148270,50000,8,lz4 -9,1090482,3.8041,33.82,404.91
health_new_york_state_statewide_covid_19_testin_xdss-u53e.csv,4148270,50000,8,orc+snappy,636255,6.5198,403.73,1486.21
health_new_york_state_statewide_covid_19_testin_xdss-u53e.csv,4148270,50000,8,orc+zlib,530072,7.8259,212.34,886.17
health_new_york_state_statewide_covid_19_testin_xdss-u53e.csv,4148270,50000,8,orc+zstd,517108,8.0221,384.27,1376.84
health_new_york_state_statewide_covid_19_testin_xdss-u53e.csv,4148270,50000,8,parquet+brotli,646600,6.4155,1.16,419.78
health_new_york_state_statewide_covid_19_testin_xdss-u53e.csv,4148270,50000,8,parquet+gzip,719207,5.7678,73.44,857.1
health_new_york_state_statewide_covid_19_testin_xdss-u53e.csv,4148270,50000,8,parquet+snappy,908653,4.5653,518.99,141.65
health_new_york_state_statewide_covid_19_testin_xdss-u53e.csv,4148270,50000,8,parquet+zstd,622361,6.6654,27.78,1383.19
health_new_york_state_statewide_covid_19_testin_xdss-u53e.csv,4148270,50000,8,polypress,367836,11.2775,26.94,146.08
health_new_york_state_statewide_covid_19_testin_xdss-u53e.csv,4148270,50000,8,polypress+brotli,383910,10.8053,,
health_new_york_state_statewide_covid_19_testin_xdss-u53e.csv,4148270,50000,8,polypress+zstd,489744,8.4703,,
health_new_york_state_statewide_covid_19_testin_xdss-u53e.csv,4148270,50000,8,xz -9e,577648,7.1813,3.21,127.35
health_new_york_state_statewide_covid_19_testin_xdss-u53e.csv,4148270,50000,8,zip -9,836253,4.9605,8.21,230.74
health_new_york_state_statewide_covid_19_testin_xdss-u53e.csv,4148270,50000,8,zstd -19,611682,6.7817,3.37,508.49
health_new_york_state_statewide_covid_19_testin_xdss-u53e.csv,4148270,50000,8,zstd -22,612020,6.778,3.06,438.56
health_new_york_state_statewide_covid_19_testin_xdss-u53e.csv,4148270,50000,8,zstd -3,925470,4.4823,143.22,470.12
opendata_howard_county_police_department_call_for_qccx-65fg.csv,4169553,50000,6,7z lzma2 -mx9,449472,9.2766,4.58,247.92
opendata_howard_county_police_department_call_for_qccx-65fg.csv,4169553,50000,6,7z ppmd o12,369459,11.2856,42.17,38.13
opendata_howard_county_police_department_call_for_qccx-65fg.csv,4169553,50000,6,7z ppmd o16,368046,11.3289,30.47,27.54
opendata_howard_county_police_department_call_for_qccx-65fg.csv,4169553,50000,6,7z ppmd o6,381284,10.9356,79.57,71.41
opendata_howard_county_police_department_call_for_qccx-65fg.csv,4169553,50000,6,brotli -q11,474521,8.7869,1.13,344.94
opendata_howard_county_police_department_call_for_qccx-65fg.csv,4169553,50000,6,bzip2 -9,482026,8.6501,23.13,87.8
opendata_howard_county_police_department_call_for_qccx-65fg.csv,4169553,50000,6,feather+lz4,1855946,2.2466,1514.54,4893.22
opendata_howard_county_police_department_call_for_qccx-65fg.csv,4169553,50000,6,feather+zstd,1232778,3.3822,833.41,1767.57
opendata_howard_county_police_department_call_for_qccx-65fg.csv,4169553,50000,6,gzip -9,789339,5.2823,18.65,785.68
opendata_howard_county_police_department_call_for_qccx-65fg.csv,4169553,50000,6,lz4 -9,953783,4.3716,40.9,427.12
opendata_howard_county_police_department_call_for_qccx-65fg.csv,4169553,50000,6,parquet+brotli,669229,6.2304,1.33,524.47
opendata_howard_county_police_department_call_for_qccx-65fg.csv,4169553,50000,6,parquet+gzip,802174,5.1978,114.93,775.68
opendata_howard_county_police_department_call_for_qccx-65fg.csv,4169553,50000,6,parquet+snappy,986179,4.228,505.09,140.78
opendata_howard_county_police_department_call_for_qccx-65fg.csv,4169553,50000,6,parquet+zstd,775189,5.3788,70.45,1345.78
opendata_howard_county_police_department_call_for_qccx-65fg.csv,4169553,50000,6,polypress,332613,12.5357,7.14,148.56
opendata_howard_county_police_department_call_for_qccx-65fg.csv,4169553,50000,6,polypress+brotli,348144,11.9765,,
opendata_howard_county_police_department_call_for_qccx-65fg.csv,4169553,50000,6,polypress+zstd,425735,9.7938,,
opendata_howard_county_police_department_call_for_qccx-65fg.csv,4169553,50000,6,xz -9e,437280,9.5352,3.21,180.84
opendata_howard_county_police_department_call_for_qccx-65fg.csv,4169553,50000,6,zip -9,788896,5.2853,18.09,220.32
opendata_howard_county_police_department_call_for_qccx-65fg.csv,4169553,50000,6,zstd -19,482033,8.6499,4.32,564.67
opendata_howard_county_police_department_call_for_qccx-65fg.csv,4169553,50000,6,zstd -22,481840,8.6534,3.04,526.58
opendata_howard_county_police_department_call_for_qccx-65fg.csv,4169553,50000,6,zstd -3,705286,5.9119,157.64,550.81
health_genealogical_research_death_index_beginn_vafa-pf2s.csv,4174316,50000,10,7z lzma2 -mx9,594587,7.0205,4.01,221.63
health_genealogical_research_death_index_beginn_vafa-pf2s.csv,4174316,50000,10,7z ppmd o12,404208,10.3271,39.5,34.83
health_genealogical_research_death_index_beginn_vafa-pf2s.csv,4174316,50000,10,7z ppmd o16,420518,9.9266,28.56,29.95
health_genealogical_research_death_index_beginn_vafa-pf2s.csv,4174316,50000,10,7z ppmd o6,394975,10.5686,68.12,61.61
health_genealogical_research_death_index_beginn_vafa-pf2s.csv,4174316,50000,10,brotli -q11,619741,6.7356,1.06,339.68
health_genealogical_research_death_index_beginn_vafa-pf2s.csv,4174316,50000,10,bzip2 -9,521602,8.0029,19.24,83.46
health_genealogical_research_death_index_beginn_vafa-pf2s.csv,4174316,50000,10,feather+lz4,2025890,2.0605,1200.93,3216.08
health_genealogical_research_death_index_beginn_vafa-pf2s.csv,4174316,50000,10,feather+zstd,1075394,3.8817,747.8,1464.28
health_genealogical_research_death_index_beginn_vafa-pf2s.csv,4174316,50000,10,gzip -9,796242,5.2425,7.76,716.38
health_genealogical_research_death_index_beginn_vafa-pf2s.csv,4174316,50000,10,lz4 -9,943598,4.4238,33.62,441.32
health_genealogical_research_death_index_beginn_vafa-pf2s.csv,4174316,50000,10,orc+snappy,762809,5.4723,354.42,1160.49
health_genealogical_research_death_index_beginn_vafa-pf2s.csv,4174316,50000,10,orc+zlib,522997,7.9815,203.86,692.49
health_genealogical_research_death_index_beginn_vafa-pf2s.csv,4174316,50000,10,orc+zstd,521086,8.0108,343.99,1079.23
health_genealogical_research_death_index_beginn_vafa-pf2s.csv,4174316,50000,10,parquet+brotli,584954,7.1361,2.0,503.4
health_genealogical_research_death_index_beginn_vafa-pf2s.csv,4174316,50000,10,parquet+gzip,620754,6.7246,85.15,710.65
health_genealogical_research_death_index_beginn_vafa-pf2s.csv,4174316,50000,10,parquet+snappy,871133,4.7918,437.34,131.57
health_genealogical_research_death_index_beginn_vafa-pf2s.csv,4174316,50000,10,parquet+zstd,560652,7.4455,16.37,939.74
health_genealogical_research_death_index_beginn_vafa-pf2s.csv,4174316,50000,10,polypress,350799,11.8995,20.9,118.99
health_genealogical_research_death_index_beginn_vafa-pf2s.csv,4174316,50000,10,polypress+brotli,344686,12.1105,,
health_genealogical_research_death_index_beginn_vafa-pf2s.csv,4174316,50000,10,polypress+zstd,367047,11.3727,,
health_genealogical_research_death_index_beginn_vafa-pf2s.csv,4174316,50000,10,xz -9e,594588,7.0205,1.92,156.91
health_genealogical_research_death_index_beginn_vafa-pf2s.csv,4174316,50000,10,zip -9,795810,5.2454,7.75,210.14
health_genealogical_research_death_index_beginn_vafa-pf2s.csv,4174316,50000,10,zstd -19,636133,6.562,4.01,539.03
health_genealogical_research_death_index_beginn_vafa-pf2s.csv,4174316,50000,10,zstd -22,635926,6.5642,2.02,497.06
health_genealogical_research_death_index_beginn_vafa-pf2s.csv,4174316,50000,10,zstd -3,858215,4.864,148.2,515.36
opendata_fire_dispatches_2012_2018_6uza-cd7z.csv,5532535,50000,8,7z lzma2 -mx9,326843,16.9272,7.4,420.73
opendata_fire_dispatches_2012_2018_6uza-cd7z.csv,5532535,50000,8,7z ppmd o12,248032,22.3057,90.61,86.32
opendata_fire_dispatches_2012_2018_6uza-cd7z.csv,5532535,50000,8,7z ppmd o16,232537,23.7921,67.07,62.87
opendata_fire_dispatches_2012_2018_6uza-cd7z.csv,5532535,50000,8,7z ppmd o6,263582,20.9898,121.47,104.23
opendata_fire_dispatches_2012_2018_6uza-cd7z.csv,5532535,50000,8,brotli -q11,290500,19.0449,0.98,572.61
opendata_fire_dispatches_2012_2018_6uza-cd7z.csv,5532535,50000,8,bzip2 -9,292998,18.8825,15.49,81.84
opendata_fire_dispatches_2012_2018_6uza-cd7z.csv,5532535,50000,8,gzip -9,516508,10.7114,21.5,1123.63
opendata_fire_dispatches_2012_2018_6uza-cd7z.csv,5532535,50000,8,lz4 -9,612425,9.0338,53.56,606.69
opendata_fire_dispatches_2012_2018_6uza-cd7z.csv,5532535,50000,8,polypress,249099,22.2102,37.5,203.69
opendata_fire_dispatches_2012_2018_6uza-cd7z.csv,5532535,50000,8,polypress+brotli,252424,21.9176,,
opendata_fire_dispatches_2012_2018_6uza-cd7z.csv,5532535,50000,8,polypress+zstd,280531,19.7217,,
opendata_fire_dispatches_2012_2018_6uza-cd7z.csv,5532535,50000,8,xz -9e,287452,19.2468,4.14,202.12
opendata_fire_dispatches_2012_2018_6uza-cd7z.csv,5532535,50000,8,zip -9,518071,10.6791,21.04,281.97
opendata_fire_dispatches_2012_2018_6uza-cd7z.csv,5532535,50000,8,zstd -19,308711,17.9214,3.28,683.11
opendata_fire_dispatches_2012_2018_6uza-cd7z.csv,5532535,50000,8,zstd -22,308674,17.9236,2.96,804.84
opendata_fire_dispatches_2012_2018_6uza-cd7z.csv,5532535,50000,8,zstd -3,488716,11.3206,175.78,688.23
data_medallion_drivers_active_jb3k-j3gp.csv,5635382,50000,6,7z lzma2 -mx9,663762,8.4901,5.89,249.92
data_medallion_drivers_active_jb3k-j3gp.csv,5635382,50000,6,7z ppmd o12,480132,11.7372,48.89,45.06
data_medallion_drivers_active_jb3k-j3gp.csv,5635382,50000,6,7z ppmd o16,480368,11.7314,43.36,41.87
data_medallion_drivers_active_jb3k-j3gp.csv,5635382,50000,6,7z ppmd o6,491240,11.4717,61.96,59.57
data_medallion_drivers_active_jb3k-j3gp.csv,5635382,50000,6,brotli -q11,651903,8.6445,1.03,395.61
data_medallion_drivers_active_jb3k-j3gp.csv,5635382,50000,6,bzip2 -9,561960,10.0281,14.15,72.18
data_medallion_drivers_active_jb3k-j3gp.csv,5635382,50000,6,feather+lz4,1449154,3.8887,2059.65,5540.67
data_medallion_drivers_active_jb3k-j3gp.csv,5635382,50000,6,feather+zstd,940890,5.9894,1258.94,2410.41
data_medallion_drivers_active_jb3k-j3gp.csv,5635382,50000,6,gzip -9,902425,6.2447,28.13,870.49
data_medallion_drivers_active_jb3k-j3gp.csv,5635382,50000,6,lz4 -9,1094119,5.1506,74.77,500.95
data_medallion_drivers_active_jb3k-j3gp.csv,5635382,50000,6,parquet+brotli,735621,7.6607,2.07,731.4
data_medallion_drivers_active_jb3k-j3gp.csv,5635382,50000,6,parquet+gzip,840059,6.7083,90.95,927.83
data_medallion_drivers_active_jb3k-j3gp.csv,5635382,50000,6,parquet+snappy,1181286,4.7705,630.71,133.25
data_medallion_drivers_active_jb3k-j3gp.csv,5635382,50000,6,parquet+zstd,767475,7.3428,32.19,1580.83
data_medallion_drivers_active_jb3k-j3gp.csv,5635382,50000,6,polypress,513769,10.9687,20.82,181.75
data_medallion_drivers_active_jb3k-j3gp.csv,5635382,50000,6,polypress+brotli,513868,10.9666,,
data_medallion_drivers_active_jb3k-j3gp.csv,5635382,50000,6,polypress+zstd,550196,10.2425,,
data_medallion_drivers_active_jb3k-j3gp.csv,5635382,50000,6,xz -9e,639132,8.8172,4.14,189.21
data_medallion_drivers_active_jb3k-j3gp.csv,5635382,50000,6,zip -9,907381,6.2106,27.85,257.72
data_medallion_drivers_active_jb3k-j3gp.csv,5635382,50000,6,zstd -19,687995,8.191,4.23,660.98
data_medallion_drivers_active_jb3k-j3gp.csv,5635382,50000,6,zstd -22,687973,8.1913,3.24,471.7
data_medallion_drivers_active_jb3k-j3gp.csv,5635382,50000,6,zstd -3,859387,6.5574,164.27,645.44
data_provisional_covid_19_death_counts_by_wee_r8kw-7aab.csv,5955280,23220,17,7z lzma2 -mx9,311889,19.0942,8.4,425.52
data_provisional_covid_19_death_counts_by_wee_r8kw-7aab.csv,5955280,23220,17,7z ppmd o12,267913,22.2284,83.95,79.88
data_provisional_covid_19_death_counts_by_wee_r8kw-7aab.csv,5955280,23220,17,7z ppmd o16,259676,22.9335,74.28,68.62
data_provisional_covid_19_death_counts_by_wee_r8kw-7aab.csv,5955280,23220,17,7z ppmd o6,301774,19.7342,125.62,112.53
data_provisional_covid_19_death_counts_by_wee_r8kw-7aab.csv,5955280,23220,17,brotli -q11,305974,19.4634,0.83,557.1
data_provisional_covid_19_death_counts_by_wee_r8kw-7aab.csv,5955280,23220,17,bzip2 -9,276457,21.5414,15.25,102.34
data_provisional_covid_19_death_counts_by_wee_r8kw-7aab.csv,5955280,23220,17,feather+lz4,823986,7.2274,2294.95,4873.81
data_provisional_covid_19_death_counts_by_wee_r8kw-7aab.csv,5955280,23220,17,feather+zstd,465626,12.7898,1706.86,2593.8
data_provisional_covid_19_death_counts_by_wee_r8kw-7aab.csv,5955280,23220,17,gzip -9,527619,11.2871,22.26,1092.52
data_provisional_covid_19_death_counts_by_wee_r8kw-7aab.csv,5955280,23220,17,lz4 -9,723172,8.2349,68.47,619.82
data_provisional_covid_19_death_counts_by_wee_r8kw-7aab.csv,5955280,23220,17,orc+snappy,371923,16.0121,577.96,2124.72
data_provisional_covid_19_death_counts_by_wee_r8kw-7aab.csv,5955280,23220,17,orc+zlib,216199,27.5454,481.31,1631.07
data_provisional_covid_19_death_counts_by_wee_r8kw-7aab.csv,5955280,23220,17,orc+zstd,191929,31.0286,679.92,2198.21
data_provisional_covid_19_death_counts_by_wee_r8kw-7aab.csv,5955280,23220,17,parquet+brotli,214662,27.7426,11.24,1393.41
data_provisional_covid_19_death_counts_by_wee_r8kw-7aab.csv,5955280,23220,17,parquet+gzip,222563,26.7577,404.0,2099.9
data_provisional_covid_19_death_counts_by_wee_r8kw-7aab.csv,5955280,23220,17,parquet+snappy,286344,20.7976,547.25,100.92
data_provisional_covid_19_death_counts_by_wee_r8kw-7aab.csv,5955280,23220,17,parquet+zstd,214100,27.8154,73.57,2357.77
data_provisional_covid_19_death_counts_by_wee_r8kw-7aab.csv,5955280,23220,17,polypress,140018,42.5322,34.59,243.77
data_provisional_covid_19_death_counts_by_wee_r8kw-7aab.csv,5955280,23220,17,polypress+brotli,142522,41.785,,
data_provisional_covid_19_death_counts_by_wee_r8kw-7aab.csv,5955280,23220,17,polypress+zstd,159119,37.4266,,
data_provisional_covid_19_death_counts_by_wee_r8kw-7aab.csv,5955280,23220,17,xz -9e,286736,20.7692,1.46,300.91
data_provisional_covid_19_death_counts_by_wee_r8kw-7aab.csv,5955280,23220,17,zip -9,528575,11.2667,21.71,288.38
data_provisional_covid_19_death_counts_by_wee_r8kw-7aab.csv,5955280,23220,17,zstd -19,322771,18.4505,2.28,823.93
data_provisional_covid_19_death_counts_by_wee_r8kw-7aab.csv,5955280,23220,17,zstd -22,316818,18.7972,1.32,684.75
data_provisional_covid_19_death_counts_by_wee_r8kw-7aab.csv,5955280,23220,17,zstd -3,481940,12.3569,181.53,836.4
data_for_hire_vehicles_fhv_active_drivers_xjfq-wh2d.csv,6036014,50000,7,7z lzma2 -mx9,665774,9.0662,6.75,285.11
data_for_hire_vehicles_fhv_active_drivers_xjfq-wh2d.csv,6036014,50000,7,7z ppmd o12,480520,12.5614,49.18,45.96
data_for_hire_vehicles_fhv_active_drivers_xjfq-wh2d.csv,6036014,50000,7,7z ppmd o16,480739,12.5557,46.52,43.06
data_for_hire_vehicles_fhv_active_drivers_xjfq-wh2d.csv,6036014,50000,7,7z ppmd o6,491653,12.277,69.24,61.05
data_for_hire_vehicles_fhv_active_drivers_xjfq-wh2d.csv,6036014,50000,7,brotli -q11,656549,9.1935,1.05,442.36
data_for_hire_vehicles_fhv_active_drivers_xjfq-wh2d.csv,6036014,50000,7,bzip2 -9,563990,10.7023,14.59,79.73
data_for_hire_vehicles_fhv_active_drivers_xjfq-wh2d.csv,6036014,50000,7,feather+lz4,1655682,3.6456,2249.79,5894.5
data_for_hire_vehicles_fhv_active_drivers_xjfq-wh2d.csv,6036014,50000,7,feather+zstd,1064802,5.6687,1253.31,2418.27
data_for_hire_vehicles_fhv_active_drivers_xjfq-wh2d.csv,6036014,50000,7,gzip -9,910167,6.6318,30.24,915.79
data_for_hire_vehicles_fhv_active_drivers_xjfq-wh2d.csv,6036014,50000,7,lz4 -9,1104327,5.4658,79.58,536.67
data_for_hire_vehicles_fhv_active_drivers_xjfq-wh2d.csv,6036014,50000,7,parquet+brotli,736245,8.1984,2.29,737.09
data_for_hire_vehicles_fhv_active_drivers_xjfq-wh2d.csv,6036014,50000,7,parquet+gzip,840689,7.1798,97.65,937.28
data_for_hire_vehicles_fhv_active_drivers_xjfq-wh2d.csv,6036014,50000,7,parquet+snappy,1181655,5.1081,608.83,190.71
data_for_hire_vehicles_fhv_active_drivers_xjfq-wh2d.csv,6036014,50000,7,parquet+zstd,769450,7.8446,34.15,1615.11
data_for_hire_vehicles_fhv_active_drivers_xjfq-wh2d.csv,6036014,50000,7,polypress,514129,11.7403,22.97,193.92
data_for_hire_vehicles_fhv_active_drivers_xjfq-wh2d.csv,6036014,50000,7,polypress+brotli,514227,11.738,,
data_for_hire_vehicles_fhv_active_drivers_xjfq-wh2d.csv,6036014,50000,7,polypress+zstd,550573,10.9631,,
data_for_hire_vehicles_fhv_active_drivers_xjfq-wh2d.csv,6036014,50000,7,xz -9e,641048,9.4159,4.07,191.03
data_for_hire_vehicles_fhv_active_drivers_xjfq-wh2d.csv,6036014,50000,7,zip -9,915304,6.5945,29.25,246.15
data_for_hire_vehicles_fhv_active_drivers_xjfq-wh2d.csv,6036014,50000,7,zstd -19,691130,8.7335,4.18,661.39
data_for_hire_vehicles_fhv_active_drivers_xjfq-wh2d.csv,6036014,50000,7,zstd -22,691076,8.7342,3.77,601.08
data_for_hire_vehicles_fhv_active_drivers_xjfq-wh2d.csv,6036014,50000,7,zstd -3,862144,7.0012,167.68,670.68
data_commissioned_nys_notaries_public_rwbv-mz6z.csv,6242578,50000,13,7z lzma2 -mx9,919629,6.7881,5.19,250.31
data_commissioned_nys_notaries_public_rwbv-mz6z.csv,6242578,50000,13,7z ppmd o12,713452,8.7498,32.83,29.75
data_commissioned_nys_notaries_public_rwbv-mz6z.csv,6242578,50000,13,7z ppmd o16,713673,8.7471,28.17,25.05
data_commissioned_nys_notaries_public_rwbv-mz6z.csv,6242578,50000,13,7z ppmd o6,745893,8.3693,50.18,46.21
data_commissioned_nys_notaries_public_rwbv-mz6z.csv,6242578,50000,13,brotli -q11,908225,6.8734,1.03,385.68
data_commissioned_nys_notaries_public_rwbv-mz6z.csv,6242578,50000,13,bzip2 -9,828609,7.5338,19.42,70.03
data_commissioned_nys_notaries_public_rwbv-mz6z.csv,6242578,50000,13,feather+lz4,2767434,2.2557,1090.2,3887.07
data_commissioned_nys_notaries_public_rwbv-mz6z.csv,6242578,50000,13,feather+zstd,1752594,3.5619,655.79,1506.43
data_commissioned_nys_notaries_public_rwbv-mz6z.csv,6242578,50000,13,gzip -9,1453917,4.2936,22.3,721.68
data_commissioned_nys_notaries_public_rwbv-mz6z.csv,6242578,50000,13,lz4 -9,1647273,3.7896,59.51,445.67
data_commissioned_nys_notaries_public_rwbv-mz6z.csv,6242578,50000,13,orc+snappy,1776489,3.514,297.97,942.28
data_commissioned_nys_notaries_public_rwbv-mz6z.csv,6242578,50000,13,orc+zlib,1233402,5.0613,165.17,530.94
data_commissioned_nys_notaries_public_rwbv-mz6z.csv,6242578,50000,13,orc+zstd,1267667,4.9245,305.49,839.75
data_commissioned_nys_notaries_public_rwbv-mz6z.csv,6242578,50000,13,parquet+brotli,1081054,5.7745,1.64,461.59
data_commissioned_nys_notaries_public_rwbv-mz6z.csv,6242578,50000,13,parquet+gzip,1271511,4.9096,59.06,493.6
data_commissioned_nys_notaries_public_rwbv-mz6z.csv,6242578,50000,13,parquet+snappy,1830882,3.4096,387.96,173.81
data_commissioned_nys_notaries_public_rwbv-mz6z.csv,6242578,50000,13,parquet+zstd,1152261,5.4177,17.69,805.91
data_commissioned_nys_notaries_public_rwbv-mz6z.csv,6242578,50000,13,polypress,689670,9.0515,7.07,129.81
data_commissioned_nys_notaries_public_rwbv-mz6z.csv,6242578,50000,13,polypress+brotli,699194,8.9282,,
data_commissioned_nys_notaries_public_rwbv-mz6z.csv,6242578,50000,13,polypress+zstd,753253,8.2875,,
data_commissioned_nys_notaries_public_rwbv-mz6z.csv,6242578,50000,13,xz -9e,899140,6.9428,3.79,170.72
data_commissioned_nys_notaries_public_rwbv-mz6z.csv,6242578,50000,13,zip -9,1462875,4.2673,21.99,220.36
data_commissioned_nys_notaries_public_rwbv-mz6z.csv,6242578,50000,13,zstd -19,954273,6.5417,4.14,622.15
data_commissioned_nys_notaries_public_rwbv-mz6z.csv,6242578,50000,13,zstd -22,954190,6.5423,3.81,542.04
data_commissioned_nys_notaries_public_rwbv-mz6z.csv,6242578,50000,13,zstd -3,1298121,4.8089,152.95,555.88
data_covid_19_tests_cases_and_deaths_by_town_28fr-iqnx.csv,6319313,50000,16,7z lzma2 -mx9,628371,10.0567,3.25,198.19
data_covid_19_tests_cases_and_deaths_by_town_28fr-iqnx.csv,6319313,50000,16,7z ppmd o12,1039181,6.0811,16.61,15.57
data_covid_19_tests_cases_and_deaths_by_town_28fr-iqnx.csv,6319313,50000,16,7z ppmd o16,1072885,5.89,15.12,13.11
data_covid_19_tests_cases_and_deaths_by_town_28fr-iqnx.csv,6319313,50000,16,7z ppmd o6,1178262,5.3632,53.19,52.81
data_covid_19_tests_cases_and_deaths_by_town_28fr-iqnx.csv,6319313,50000,16,brotli -q11,650945,9.7079,0.96,402.4
data_covid_19_tests_cases_and_deaths_by_town_28fr-iqnx.csv,6319313,50000,16,bzip2 -9,1152446,5.4834,22.25,70.44
data_covid_19_tests_cases_and_deaths_by_town_28fr-iqnx.csv,6319313,50000,16,feather+lz4,1956762,3.2295,1077.27,3430.64
data_covid_19_tests_cases_and_deaths_by_town_28fr-iqnx.csv,6319313,50000,16,feather+zstd,1052362,6.0049,758.09,1212.22
data_covid_19_tests_cases_and_deaths_by_town_28fr-iqnx.csv,6319313,50000,16,gzip -9,1351297,4.6765,4.09,764.87
data_covid_19_tests_cases_and_deaths_by_town_28fr-iqnx.csv,6319313,50000,16,lz4 -9,1718121,3.678,38.32,428.8
data_covid_19_tests_cases_and_deaths_by_town_28fr-iqnx.csv,6319313,50000,16,orc+snappy,1116951,5.6576,354.17,1938.93
data_covid_19_tests_cases_and_deaths_by_town_28fr-iqnx.csv,6319313,50000,16,orc+zlib,940488,6.7192,185.07,909.52
data_covid_19_tests_cases_and_deaths_by_town_28fr-iqnx.csv,6319313,50000,16,orc+zstd,948792,6.6604,345.41,1669.51
data_covid_19_tests_cases_and_deaths_by_town_28fr-iqnx.csv,6319313,50000,16,parquet+brotli,1332229,4.7434,1.22,412.78
data_covid_19_tests_cases_and_deaths_by_town_28fr-iqnx.csv,6319313,50000,16,parquet+gzip,1441665,4.3833,60.1,866.35
data_covid_19_tests_cases_and_deaths_by_town_28fr-iqnx.csv,6319313,50000,16,parquet+snappy,1801939,3.507,479.39,198.71
data_covid_19_tests_cases_and_deaths_by_town_28fr-iqnx.csv,6319313,50000,16,parquet+zstd,1312157,4.816,17.95,1532.71
data_covid_19_tests_cases_and_deaths_by_town_28fr-iqnx.csv,6319313,50000,16,polypress,542516,11.6482,12.8,129.26
data_covid_19_tests_cases_and_deaths_by_town_28fr-iqnx.csv,6319313,50000,16,polypress+brotli,622417,10.1529,,
data_covid_19_tests_cases_and_deaths_by_town_28fr-iqnx.csv,6319313,50000,16,polypress+zstd,730346,8.6525,,
data_covid_19_tests_cases_and_deaths_by_town_28fr-iqnx.csv,6319313,50000,16,xz -9e,615376,10.269,1.78,147.18
data_covid_19_tests_cases_and_deaths_by_town_28fr-iqnx.csv,6319313,50000,16,zip -9,1350959,4.6776,4.11,231.39
data_covid_19_tests_cases_and_deaths_by_town_28fr-iqnx.csv,6319313,50000,16,zstd -19,716639,8.818,2.33,684.66
data_covid_19_tests_cases_and_deaths_by_town_28fr-iqnx.csv,6319313,50000,16,zstd -22,716601,8.8185,1.83,519.5
data_covid_19_tests_cases_and_deaths_by_town_28fr-iqnx.csv,6319313,50000,16,zstd -3,1466095,4.3103,144.24,522.77
data_health_care_provider_credential_data_qxh8-f4bd.csv,7007455,50000,12,7z lzma2 -mx9,1041808,6.7262,3.73,240.33
data_health_care_provider_credential_data_qxh8-f4bd.csv,7007455,50000,12,7z ppmd o12,756647,9.2612,33.97,31.88
data_health_care_provider_credential_data_qxh8-f4bd.csv,7007455,50000,12,7z ppmd o16,741778,9.4468,25.83,23.1
data_health_care_provider_credential_data_qxh8-f4bd.csv,7007455,50000,12,7z ppmd o6,777456,9.0133,60.62,54.79
data_health_care_provider_credential_data_qxh8-f4bd.csv,7007455,50000,12,brotli -q11,1045846,6.7003,1.02,379.91
data_health_care_provider_credential_data_qxh8-f4bd.csv,7007455,50000,12,bzip2 -9,905294,7.7405,19.4,76.23
data_health_care_provider_credential_data_qxh8-f4bd.csv,7007455,50000,12,feather+lz4,4006690,1.7489,904.43,2731.8
data_health_care_provider_credential_data_qxh8-f4bd.csv,7007455,50000,12,feather+zstd,2395226,2.9256,537.63,1179.1
data_health_care_provider_credential_data_qxh8-f4bd.csv,7007455,50000,12,gzip -9,1485526,4.7172,11.57,789.75
data_health_care_provider_credential_data_qxh8-f4bd.csv,7007455,50000,12,lz4 -9,1693599,4.1376,42.64,471.46
data_health_care_provider_credential_data_qxh8-f4bd.csv,7007455,50000,12,orc+snappy,2052444,3.4142,367.23,824.03
data_health_care_provider_credential_data_qxh8-f4bd.csv,7007455,50000,12,orc+zlib,1440622,4.8642,158.95,477.84
data_health_care_provider_credential_data_qxh8-f4bd.csv,7007455,50000,12,orc+zstd,1380075,5.0776,312.18,736.55
data_health_care_provider_credential_data_qxh8-f4bd.csv,7007455,50000,12,parquet+brotli,1063892,6.5866,1.99,468.05
data_health_care_provider_credential_data_qxh8-f4bd.csv,7007455,50000,12,parquet+gzip,1159359,6.0442,86.32,559.61
data_health_care_provider_credential_data_qxh8-f4bd.csv,7007455,50000,12,parquet+snappy,1566199,4.4742,427.7,189.19
data_health_care_provider_credential_data_qxh8-f4bd.csv,7007455,50000,12,parquet+zstd,1092487,6.4142,17.5,805.91
data_health_care_provider_credential_data_qxh8-f4bd.csv,7007455,50000,12,polypress,755042,9.2809,8.65,141.46
data_health_care_provider_credential_data_qxh8-f4bd.csv,7007455,50000,12,polypress+brotli,769741,9.1037,,
data_health_care_provider_credential_data_qxh8-f4bd.csv,7007455,50000,12,polypress+zstd,824059,8.5036,,
data_health_care_provider_credential_data_qxh8-f4bd.csv,7007455,50000,12,xz -9e,1024920,6.8371,3.33,168.46
data_health_care_provider_credential_data_qxh8-f4bd.csv,7007455,50000,12,zip -9,1485105,4.7185,11.32,232.39
data_health_care_provider_credential_data_qxh8-f4bd.csv,7007455,50000,12,zstd -19,1083206,6.4692,3.93,639.14
data_health_care_provider_credential_data_qxh8-f4bd.csv,7007455,50000,12,zstd -22,1083150,6.4695,3.33,606.97
data_health_care_provider_credential_data_qxh8-f4bd.csv,7007455,50000,12,zstd -3,1570809,4.461,153.47,555.35
data_united_states_covid_19_community_levels_3nnm-4jni.csv,7271480,50000,12,7z lzma2 -mx9,451182,16.1165,5.9,402.47
data_united_states_covid_19_community_levels_3nnm-4jni.csv,7271480,50000,12,7z ppmd o12,380310,19.1199,66.87,60.15
data_united_states_covid_19_community_levels_3nnm-4jni.csv,7271480,50000,12,7z ppmd o16,298379,24.3699,53.52,48.07
data_united_states_covid_19_community_levels_3nnm-4jni.csv,7271480,50000,12,7z ppmd o6,684179,10.628,80.41,72.77
data_united_states_covid_19_community_levels_3nnm-4jni.csv,7271480,50000,12,brotli -q11,419271,17.3432,0.94,584.94
data_united_states_covid_19_community_levels_3nnm-4jni.csv,7271480,50000,12,bzip2 -9,802142,9.0651,21.68,87.97
data_united_states_covid_19_community_levels_3nnm-4jni.csv,7271480,50000,12,feather+lz4,2281706,3.1869,1250.72,3608.47
data_united_states_covid_19_community_levels_3nnm-4jni.csv,7271480,50000,12,feather+zstd,1426506,5.0974,855.96,1530.53
data_united_states_covid_19_community_levels_3nnm-4jni.csv,7271480,50000,12,gzip -9,1379739,5.2702,16.13,867.31
data_united_states_covid_19_community_levels_3nnm-4jni.csv,7271480,50000,12,lz4 -9,1675384,4.3402,74.53,496.38
data_united_states_covid_19_community_levels_3nnm-4jni.csv,7271480,50000,12,orc+snappy,1565370,4.6452,461.36,1466.92
data_united_states_covid_19_community_levels_3nnm-4jni.csv,7271480,50000,12,orc+zlib,1122142,6.48,227.2,702.82
data_united_states_covid_19_community_levels_3nnm-4jni.csv,7271480,50000,12,orc+zstd,1079690,6.7348,406.8,1128.12
data_united_states_covid_19_community_levels_3nnm-4jni.csv,7271480,50000,12,parquet+brotli,513207,14.1687,4.69,957.4
data_united_states_covid_19_community_levels_3nnm-4jni.csv,7271480,50000,12,parquet+gzip,550940,13.1983,248.96,1344.8
data_united_states_covid_19_community_levels_3nnm-4jni.csv,7271480,50000,12,parquet+snappy,778947,9.335,866.69,230.1
data_united_states_covid_19_community_levels_3nnm-4jni.csv,7271480,50000,12,parquet+zstd,534089,13.6147,72.5,1881.25
data_united_states_covid_19_community_levels_3nnm-4jni.csv,7271480,50000,12,polypress,245542,29.614,25.97,234.12
data_united_states_covid_19_community_levels_3nnm-4jni.csv,7271480,50000,12,polypress+brotli,246638,29.4824,,
data_united_states_covid_19_community_levels_3nnm-4jni.csv,7271480,50000,12,polypress+zstd,269525,26.9789,,
data_united_states_covid_19_community_levels_3nnm-4jni.csv,7271480,50000,12,xz -9e,422668,17.2038,3.58,290.63
data_united_states_covid_19_community_levels_3nnm-4jni.csv,7271480,50000,12,zip -9,1380525,5.2672,16.02,231.18
data_united_states_covid_19_community_levels_3nnm-4jni.csv,7271480,50000,12,zstd -19,455375,15.9681,3.82,886.67
data_united_states_covid_19_community_levels_3nnm-4jni.csv,7271480,50000,12,zstd -22,458498,15.8593,3.24,756.19
data_united_states_covid_19_community_levels_3nnm-4jni.csv,7271480,50000,12,zstd -3,676507,10.7486,181.02,841.9
data_solicitor_product_list_with_assigned_who_gfq7-aa86.csv,7658704,50000,8,7z lzma2 -mx9,448079,17.0923,11.32,459.9
data_solicitor_product_list_with_assigned_who_gfq7-aa86.csv,7658704,50000,8,7z ppmd o12,368976,20.7566,69.81,64.68
data_solicitor_product_list_with_assigned_who_gfq7-aa86.csv,7658704,50000,8,7z ppmd o16,337418,22.698,58.52,55.51
data_solicitor_product_list_with_assigned_who_gfq7-aa86.csv,7658704,50000,8,7z ppmd o6,515185,14.8659,86.37,76.85
data_solicitor_product_list_with_assigned_who_gfq7-aa86.csv,7658704,50000,8,brotli -q11,394908,19.3936,0.88,618.69
data_solicitor_product_list_with_assigned_who_gfq7-aa86.csv,7658704,50000,8,bzip2 -9,506500,15.1208,19.69,117.58
data_solicitor_product_list_with_assigned_who_gfq7-aa86.csv,7658704,50000,8,feather+lz4,2072458,3.6955,1892.81,4492.09
data_solicitor_product_list_with_assigned_who_gfq7-aa86.csv,7658704,50000,8,feather+zstd,1322162,5.7926,1138.67,2109.88
data_solicitor_product_list_with_assigned_who_gfq7-aa86.csv,7658704,50000,8,gzip -9,635127,12.0585,48.61,1250.16
data_solicitor_product_list_with_assigned_who_gfq7-aa86.csv,7658704,50000,8,lz4 -9,776727,9.8602,112.91,731.26
data_solicitor_product_list_with_assigned_who_gfq7-aa86.csv,7658704,50000,8,orc+snappy,1042142,7.349,705.22,1230.15
data_solicitor_product_list_with_assigned_who_gfq7-aa86.csv,7658704,50000,8,orc+zlib,677198,11.3094,364.09,875.19
data_solicitor_product_list_with_assigned_who_gfq7-aa86.csv,7658704,50000,8,orc+zstd,586166,13.0658,610.21,1422.0
data_solicitor_product_list_with_assigned_who_gfq7-aa86.csv,7658704,50000,8,parquet+brotli,451250,16.9722,5.14,988.22
data_solicitor_product_list_with_assigned_who_gfq7-aa86.csv,7658704,50000,8,parquet+gzip,563819,13.5836,170.27,1061.21
data_solicitor_product_list_with_assigned_who_gfq7-aa86.csv,7658704,50000,8,parquet+snappy,847121,9.0409,837.47,238.13
data_solicitor_product_list_with_assigned_who_gfq7-aa86.csv,7658704,50000,8,parquet+zstd,477973,16.0233,38.47,1459.07
data_solicitor_product_list_with_assigned_who_gfq7-aa86.csv,7658704,50000,8,polypress,299567,25.5659,29.12,248.53
data_solicitor_product_list_with_assigned_who_gfq7-aa86.csv,7658704,50000,8,polypress+brotli,307279,24.9243,,
data_solicitor_product_list_with_assigned_who_gfq7-aa86.csv,7658704,50000,8,polypress+zstd,334212,22.9157,,
data_solicitor_product_list_with_assigned_who_gfq7-aa86.csv,7658704,50000,8,xz -9e,380748,20.1149,4.13,326.25
data_solicitor_product_list_with_assigned_who_gfq7-aa86.csv,7658704,50000,8,zip -9,638214,12.0002,46.91,318.82
data_solicitor_product_list_with_assigned_who_gfq7-aa86.csv,7658704,50000,8,zstd -19,426363,17.9629,3.74,956.41
data_solicitor_product_list_with_assigned_who_gfq7-aa86.csv,7658704,50000,8,zstd -22,426355,17.9632,3.36,770.09
data_solicitor_product_list_with_assigned_who_gfq7-aa86.csv,7658704,50000,8,zstd -3,557170,13.7457,186.61,926.53
data_film_permits_tg4x-b46p.csv,7790331,18310,14,7z lzma2 -mx9,497047,15.6732,6.27,314.69
data_film_permits_tg4x-b46p.csv,7790331,18310,14,7z ppmd o12,431306,18.0622,73.61,71.71
data_film_permits_tg4x-b46p.csv,7790331,18310,14,7z ppmd o16,384574,20.257,63.08,57.63
data_film_permits_tg4x-b46p.csv,7790331,18310,14,7z ppmd o6,471759,16.5134,99.78,91.64
data_film_permits_tg4x-b46p.csv,7790331,18310,14,brotli -q11,472468,16.4886,1.03,646.06
data_film_permits_tg4x-b46p.csv,7790331,18310,14,bzip2 -9,480301,16.2197,17.88,97.91
data_film_permits_tg4x-b46p.csv,7790331,18310,14,feather+lz4,2213122,3.5201,1332.8,3936.75
data_film_permits_tg4x-b46p.csv,7790331,18310,14,feather+zstd,1394466,5.5866,863.96,1823.69
data_film_permits_tg4x-b46p.csv,7790331,18310,14,gzip -9,868698,8.9678,44.35,1176.59
data_film_permits_tg4x-b46p.csv,7790331,18310,14,lz4 -9,984461,7.9133,96.87,662.15
data_film_permits_tg4x-b46p.csv,7790331,18310,14,orc+snappy,1373687,5.6711,694.58,1827.05
data_film_permits_tg4x-b46p.csv,7790331,18310,14,orc+zlib,950967,8.192,292.36,790.17
data_film_permits_tg4x-b46p.csv,7790331,18310,14,orc+zstd,959273,8.1211,547.54,1301.48
data_film_permits_tg4x-b46p.csv,7790331,18310,14,parquet+brotli,644850,12.0808,2.07,951.18
data_film_permits_tg4x-b46p.csv,7790331,18310,14,parquet+gzip,862430,9.033,119.28,1017.91
data_film_permits_tg4x-b46p.csv,7790331,18310,14,parquet+snappy,1350853,5.767,777.09,260.92
data_film_permits_tg4x-b46p.csv,7790331,18310,14,parquet+zstd,678986,11.4735,10.82,1761.36
data_film_permits_tg4x-b46p.csv,7790331,18310,14,polypress,320845,24.2807,6.78,261.64
data_film_permits_tg4x-b46p.csv,7790331,18310,14,polypress+brotli,343679,22.6675,,
data_film_permits_tg4x-b46p.csv,7790331,18310,14,polypress+zstd,367443,21.2015,,
data_film_permits_tg4x-b46p.csv,7790331,18310,14,xz -9e,448920,17.3535,4.14,279.63
data_film_permits_tg4x-b46p.csv,7790331,18310,14,zip -9,868071,8.9743,42.92,294.94
data_film_permits_tg4x-b46p.csv,7790331,18310,14,zstd -19,487588,15.9773,4.16,870.43
data_film_permits_tg4x-b46p.csv,7790331,18310,14,zstd -22,485547,16.0444,3.22,925.32
data_film_permits_tg4x-b46p.csv,7790331,18310,14,zstd -3,900717,8.649,176.82,787.86
data_missouri_active_alcohol_license_data_yyhn-562y.csv,7827018,36264,16,7z lzma2 -mx9,708325,11.05,8.34,355.79
data_missouri_active_alcohol_license_data_yyhn-562y.csv,7827018,36264,16,7z ppmd o12,644046,12.1529,37.83,35.62
data_missouri_active_alcohol_license_data_yyhn-562y.csv,7827018,36264,16,7z ppmd o16,621293,12.5979,31.24,29.53
data_missouri_active_alcohol_license_data_yyhn-562y.csv,7827018,36264,16,7z ppmd o6,869001,9.0069,59.63,54.69
data_missouri_active_alcohol_license_data_yyhn-562y.csv,7827018,36264,16,brotli -q11,673455,11.6222,1.09,564.53
data_missouri_active_alcohol_license_data_yyhn-562y.csv,7827018,36264,16,bzip2 -9,873693,8.9585,19.98,88.61
data_missouri_active_alcohol_license_data_yyhn-562y.csv,7827018,36264,16,feather+lz4,3270178,2.3935,1026.61,3092.69
data_missouri_active_alcohol_license_data_yyhn-562y.csv,7827018,36264,16,feather+zstd,1984834,3.9434,689.12,1327.71
data_missouri_active_alcohol_license_data_yyhn-562y.csv,7827018,36264,16,gzip -9,996917,7.8512,32.7,1145.82
data_missouri_active_alcohol_license_data_yyhn-562y.csv,7827018,36264,16,lz4 -9,1196070,6.5439,96.29,648.41
data_missouri_active_alcohol_license_data_yyhn-562y.csv,7827018,36264,16,orc+snappy,1610978,4.8586,449.16,1004.62
data_missouri_active_alcohol_license_data_yyhn-562y.csv,7827018,36264,16,orc+zlib,1103716,7.0915,228.63,573.03
data_missouri_active_alcohol_license_data_yyhn-562y.csv,7827018,36264,16,orc+zstd,1035542,7.5584,381.06,823.91
data_missouri_active_alcohol_license_data_yyhn-562y.csv,7827018,36264,16,parquet+brotli,923917,8.4716,3.03,561.0
data_missouri_active_alcohol_license_data_yyhn-562y.csv,7827018,36264,16,parquet+gzip,1045453,7.4867,93.61,689.0
data_missouri_active_alcohol_license_data_yyhn-562y.csv,7827018,36264,16,parquet+snappy,1476636,5.3006,516.16,237.0
data_missouri_active_alcohol_license_data_yyhn-562y.csv,7827018,36264,16,parquet+zstd,971205,8.0591,30.48,946.1
data_missouri_active_alcohol_license_data_yyhn-562y.csv,7827018,36264,16,polypress,564554,13.8641,17.97,170.15
data_missouri_active_alcohol_license_data_yyhn-562y.csv,7827018,36264,16,polypress+brotli,584855,13.3828,,
data_missouri_active_alcohol_license_data_yyhn-562y.csv,7827018,36264,16,polypress+zstd,642692,12.1785,,
data_missouri_active_alcohol_license_data_yyhn-562y.csv,7827018,36264,16,xz -9e,675024,11.5952,4.39,238.73
data_missouri_active_alcohol_license_data_yyhn-562y.csv,7827018,36264,16,zip -9,1002034,7.8111,31.89,285.51
data_missouri_active_alcohol_license_data_yyhn-562y.csv,7827018,36264,16,zstd -19,713958,10.9629,4.15,853.47
data_missouri_active_alcohol_license_data_yyhn-562y.csv,7827018,36264,16,zstd -22,713576,10.9687,3.65,855.61
data_missouri_active_alcohol_license_data_yyhn-562y.csv,7827018,36264,16,zstd -3,994181,7.8728,172.72,787.51
data_adult_jail_booking_jul_1_2025_to_jun_30_j56h-zgnm.csv,8158074,40631,13,7z lzma2 -mx9,686808,11.8782,7.54,360.4
data_adult_jail_booking_jul_1_2025_to_jun_30_j56h-zgnm.csv,8158074,40631,13,7z ppmd o12,530280,15.3845,53.52,48.42
data_adult_jail_booking_jul_1_2025_to_jun_30_j56h-zgnm.csv,8158074,40631,13,7z ppmd o16,540011,15.1072,40.52,38.89
data_adult_jail_booking_jul_1_2025_to_jun_30_j56h-zgnm.csv,8158074,40631,13,7z ppmd o6,669191,12.1909,79.35,68.89
data_adult_jail_booking_jul_1_2025_to_jun_30_j56h-zgnm.csv,8158074,40631,13,brotli -q11,656517,12.4263,1.07,566.72
data_adult_jail_booking_jul_1_2025_to_jun_30_j56h-zgnm.csv,8158074,40631,13,bzip2 -9,736303,11.0798,18.69,99.08
data_adult_jail_booking_jul_1_2025_to_jun_30_j56h-zgnm.csv,8158074,40631,13,feather+lz4,2911306,2.8022,1316.06,3424.83
data_adult_jail_booking_jul_1_2025_to_jun_30_j56h-zgnm.csv,8158074,40631,13,feather+zstd,1837362,4.4401,730.77,1663.63
data_adult_jail_booking_jul_1_2025_to_jun_30_j56h-zgnm.csv,8158074,40631,13,gzip -9,1071673,7.6125,37.29,1142.41
data_adult_jail_booking_jul_1_2025_to_jun_30_j56h-zgnm.csv,8158074,40631,13,lz4 -9,1190292,6.8538,92.51,657.98
data_adult_jail_booking_jul_1_2025_to_jun_30_j56h-zgnm.csv,8158074,40631,13,orc+snappy,1494596,5.4584,496.6,1152.57
data_adult_jail_booking_jul_1_2025_to_jun_30_j56h-zgnm.csv,8158074,40631,13,orc+zlib,1042442,7.8259,251.75,652.69
data_adult_jail_booking_jul_1_2025_to_jun_30_j56h-zgnm.csv,8158074,40631,13,orc+zstd,986644,8.2685,425.93,964.31
data_adult_jail_booking_jul_1_2025_to_jun_30_j56h-zgnm.csv,8158074,40631,13,parquet+brotli,806572,10.1145,3.2,695.08
data_adult_jail_booking_jul_1_2025_to_jun_30_j56h-zgnm.csv,8158074,40631,13,parquet+gzip,933605,8.7383,142.73,835.2
data_adult_jail_booking_jul_1_2025_to_jun_30_j56h-zgnm.csv,8158074,40631,13,parquet+snappy,1241053,6.5735,613.57,248.5
data_adult_jail_booking_jul_1_2025_to_jun_30_j56h-zgnm.csv,8158074,40631,13,parquet+zstd,854056,9.5522,54.34,1159.6
data_adult_jail_booking_jul_1_2025_to_jun_30_j56h-zgnm.csv,8158074,40631,13,polypress,444525,18.3523,22.54,211.78
data_adult_jail_booking_jul_1_2025_to_jun_30_j56h-zgnm.csv,8158074,40631,13,polypress+brotli,464200,17.5745,,
data_adult_jail_booking_jul_1_2025_to_jun_30_j56h-zgnm.csv,8158074,40631,13,polypress+zstd,521475,15.6442,,
data_adult_jail_booking_jul_1_2025_to_jun_30_j56h-zgnm.csv,8158074,40631,13,xz -9e,638284,12.7813,3.97,246.91
data_adult_jail_booking_jul_1_2025_to_jun_30_j56h-zgnm.csv,8158074,40631,13,zip -9,1078396,7.565,36.17,288.49
data_adult_jail_booking_jul_1_2025_to_jun_30_j56h-zgnm.csv,8158074,40631,13,zstd -19,687621,11.8642,4.31,894.53
data_adult_jail_booking_jul_1_2025_to_jun_30_j56h-zgnm.csv,8158074,40631,13,zstd -22,687707,11.8627,3.29,897.79
data_adult_jail_booking_jul_1_2025_to_jun_30_j56h-zgnm.csv,8158074,40631,13,zstd -3,1017177,8.0203,172.3,816.96
datos_información_financiera_con_fines_de_supe_mxk5-ce6w.csv,8238644,50000,11,7z lzma2 -mx9,400922,20.5492,10.81,518.03
datos_información_financiera_con_fines_de_supe_mxk5-ce6w.csv,8238644,50000,11,7z ppmd o12,274610,30.0013,101.98,94.75
datos_información_financiera_con_fines_de_supe_mxk5-ce6w.csv,8238644,50000,11,7z ppmd o16,265827,30.9925,87.98,81.72
datos_información_financiera_con_fines_de_supe_mxk5-ce6w.csv,8238644,50000,11,7z ppmd o6,354122,23.265,110.25,102.78
datos_información_financiera_con_fines_de_supe_mxk5-ce6w.csv,8238644,50000,11,brotli -q11,337784,24.3903,0.99,798.47
datos_información_financiera_con_fines_de_supe_mxk5-ce6w.csv,8238644,50000,11,bzip2 -9,413027,19.947,18.89,123.31
datos_información_financiera_con_fines_de_supe_mxk5-ce6w.csv,8238644,50000,11,feather+lz4,1702562,4.839,2745.54,5574.35
datos_información_financiera_con_fines_de_supe_mxk5-ce6w.csv,8238644,50000,11,feather+zstd,1121394,7.3468,1330.79,2235.0
datos_información_financiera_con_fines_de_supe_mxk5-ce6w.csv,8238644,50000,11,gzip -9,613987,13.4183,42.05,1475.34
datos_información_financiera_con_fines_de_supe_mxk5-ce6w.csv,8238644,50000,11,lz4 -9,788406,10.4497,114.42,788.45
datos_información_financiera_con_fines_de_supe_mxk5-ce6w.csv,8238644,50000,11,orc+snappy,770557,10.6918,847.86,2136.08
datos_información_financiera_con_fines_de_supe_mxk5-ce6w.csv,8238644,50000,11,orc+zlib,515228,15.9903,473.26,1276.71
datos_información_financiera_con_fines_de_supe_mxk5-ce6w.csv,8238644,50000,11,orc+zstd,463537,17.7734,748.78,1843.05
datos_información_financiera_con_fines_de_supe_mxk5-ce6w.csv,8238644,50000,11,parquet+brotli,302112,27.2702,9.57,1560.41
datos_información_financiera_con_fines_de_supe_mxk5-ce6w.csv,8238644,50000,11,parquet+gzip,341914,24.0957,425.15,1924.13
datos_información_financiera_con_fines_de_supe_mxk5-ce6w.csv,8238644,50000,11,parquet+snappy,433568,19.002,1098.04,280.68
datos_información_financiera_con_fines_de_supe_mxk5-ce6w.csv,8238644,50000,11,parquet+zstd,316559,26.0256,160.14,2565.74
datos_información_financiera_con_fines_de_supe_mxk5-ce6w.csv,8238644,50000,11,polypress,195941,42.0466,40.82,309.18
datos_información_financiera_con_fines_de_supe_mxk5-ce6w.csv,8238644,50000,11,polypress+brotli,197207,41.7766,,
datos_información_financiera_con_fines_de_supe_mxk5-ce6w.csv,8238644,50000,11,polypress+zstd,237200,34.7329,,
datos_información_financiera_con_fines_de_supe_mxk5-ce6w.csv,8238644,50000,11,xz -9e,335148,24.5821,1.93,341.65
datos_información_financiera_con_fines_de_supe_mxk5-ce6w.csv,8238644,50000,11,zip -9,615905,13.3765,40.75,343.62
datos_información_financiera_con_fines_de_supe_mxk5-ce6w.csv,8238644,50000,11,zstd -19,366728,22.4653,3.31,1116.96
datos_información_financiera_con_fines_de_supe_mxk5-ce6w.csv,8238644,50000,11,zstd -22,366648,22.4702,1.84,1148.71
datos_información_financiera_con_fines_de_supe_mxk5-ce6w.csv,8238644,50000,11,zstd -3,584400,14.0976,192.56,1016.48
opendata_building_electrical_fire_grading_mechani_kvz2-j5cj.csv,8626863,50000,11,7z lzma2 -mx9,403163,21.398,6.66,511.19
opendata_building_electrical_fire_grading_mechani_kvz2-j5cj.csv,8626863,50000,11,7z ppmd o12,269626,31.9957,130.75,118.92
opendata_building_electrical_fire_grading_mechani_kvz2-j5cj.csv,8626863,50000,11,7z ppmd o16,272160,31.6978,111.32,104.35
opendata_building_electrical_fire_grading_mechani_kvz2-j5cj.csv,8626863,50000,11,7z ppmd o6,283451,30.4351,154.6,137.55
opendata_building_electrical_fire_grading_mechani_kvz2-j5cj.csv,8626863,50000,11,brotli -q11,363485,23.7338,0.94,801.61
opendata_building_electrical_fire_grading_mechani_kvz2-j5cj.csv,8626863,50000,11,bzip2 -9,313121,27.5512,16.85,113.79
opendata_building_electrical_fire_grading_mechani_kvz2-j5cj.csv,8626863,50000,11,feather+lz4,2319290,3.7196,2042.43,4696.13
opendata_building_electrical_fire_grading_mechani_kvz2-j5cj.csv,8626863,50000,11,feather+zstd,1329834,6.4872,1118.61,1929.08
opendata_building_electrical_fire_grading_mechani_kvz2-j5cj.csv,8626863,50000,11,gzip -9,492892,17.5025,37.61,1675.71
opendata_building_electrical_fire_grading_mechani_kvz2-j5cj.csv,8626863,50000,11,lz4 -9,657390,13.1229,100.41,877.88
opendata_building_electrical_fire_grading_mechani_kvz2-j5cj.csv,8626863,50000,11,orc+snappy,964024,8.9488,642.26,1608.88
opendata_building_electrical_fire_grading_mechani_kvz2-j5cj.csv,8626863,50000,11,orc+zlib,596124,14.4716,390.34,1032.55
opendata_building_electrical_fire_grading_mechani_kvz2-j5cj.csv,8626863,50000,11,orc+zstd,574037,15.0284,560.37,1307.31
opendata_building_electrical_fire_grading_mechani_kvz2-j5cj.csv,8626863,50000,11,parquet+brotli,291516,29.5931,5.09,1249.22
opendata_building_electrical_fire_grading_mechani_kvz2-j5cj.csv,8626863,50000,11,parquet+gzip,419532,20.5631,288.82,1420.53
opendata_building_electrical_fire_grading_mechani_kvz2-j5cj.csv,8626863,50000,11,parquet+snappy,547066,15.7693,897.5,273.0
opendata_building_electrical_fire_grading_mechani_kvz2-j5cj.csv,8626863,50000,11,parquet+zstd,342494,25.1884,31.11,1736.51
opendata_building_electrical_fire_grading_mechani_kvz2-j5cj.csv,8626863,50000,11,polypress,127364,67.7339,25.27,343.31
opendata_building_electrical_fire_grading_mechani_kvz2-j5cj.csv,8626863,50000,11,polypress+brotli,140840,61.2529,,
opendata_building_electrical_fire_grading_mechani_kvz2-j5cj.csv,8626863,50000,11,polypress+zstd,149082,57.8666,,
opendata_building_electrical_fire_grading_mechani_kvz2-j5cj.csv,8626863,50000,11,xz -9e,343756,25.0959,2.51,356.79
opendata_building_electrical_fire_grading_mechani_kvz2-j5cj.csv,8626863,50000,11,zip -9,492904,17.5021,36.5,355.57
opendata_building_electrical_fire_grading_mechani_kvz2-j5cj.csv,8626863,50000,11,zstd -19,380631,22.6646,3.41,1121.07
opendata_building_electrical_fire_grading_mechani_kvz2-j5cj.csv,8626863,50000,11,zstd -22,380592,22.667,2.5,1122.36
opendata_building_electrical_fire_grading_mechani_kvz2-j5cj.csv,8626863,50000,11,zstd -3,643697,13.4021,194.01,988.41
data_civil_service_list_active_vx8i-nprf.csv,8713457,50000,20,7z lzma2 -mx9,791926,11.0029,6.61,385.98
data_civil_service_list_active_vx8i-nprf.csv,8713457,50000,20,7z ppmd o12,615922,14.147,50.39,45.63
data_civil_service_list_active_vx8i-nprf.csv,8713457,50000,20,7z ppmd o16,611902,14.24,42.95,39.12
data_civil_service_list_active_vx8i-nprf.csv,8713457,50000,20,7z ppmd o6,703419,12.3873,81.43,73.49
data_civil_service_list_active_vx8i-nprf.csv,8713457,50000,20,brotli -q11,728040,11.9684,1.0,641.39
data_civil_service_list_active_vx8i-nprf.csv,8713457,50000,20,bzip2 -9,711872,12.2402,17.3,84.33
data_civil_service_list_active_vx8i-nprf.csv,8713457,50000,20,feather+lz4,2888258,3.0169,1168.15,3250.35
data_civil_service_list_active_vx8i-nprf.csv,8713457,50000,20,feather+zstd,1702298,5.1186,745.7,1365.12
data_civil_service_list_active_vx8i-nprf.csv,8713457,50000,20,gzip -9,1326824,6.5672,19.8,1110.24
data_civil_service_list_active_vx8i-nprf.csv,8713457,50000,20,lz4 -9,1390525,6.2663,84.9,645.83
data_civil_service_list_active_vx8i-nprf.csv,8713457,50000,20,orc+snappy,1678036,5.1927,382.92,1164.88
data_civil_service_list_active_vx8i-nprf.csv,8713457,50000,20,orc+zlib,1175439,7.4129,216.64,673.95
data_civil_service_list_active_vx8i-nprf.csv,8713457,50000,20,orc+zstd,1173201,7.4271,351.58,999.59
data_civil_service_list_active_vx8i-nprf.csv,8713457,50000,20,parquet+brotli,806234,10.8076,3.89,713.1
data_civil_service_list_active_vx8i-nprf.csv,8713457,50000,20,parquet+gzip,848283,10.2719,165.98,879.06
data_civil_service_list_active_vx8i-nprf.csv,8713457,50000,20,parquet+snappy,1043913,8.3469,637.89,562.68
data_civil_service_list_active_vx8i-nprf.csv,8713457,50000,20,parquet+zstd,822507,10.5938,75.09,1216.97
data_civil_service_list_active_vx8i-nprf.csv,8713457,50000,20,polypress,637697,13.6639,19.47,147.38
data_civil_service_list_active_vx8i-nprf.csv,8713457,50000,20,polypress+brotli,640292,13.6086,,
data_civil_service_list_active_vx8i-nprf.csv,8713457,50000,20,polypress+zstd,709142,12.2873,,
data_civil_service_list_active_vx8i-nprf.csv,8713457,50000,20,xz -9e,718184,12.1326,3.96,266.41
data_civil_service_list_active_vx8i-nprf.csv,8713457,50000,20,zip -9,1325500,6.5737,19.55,280.79
data_civil_service_list_active_vx8i-nprf.csv,8713457,50000,20,zstd -19,754272,11.5521,3.53,914.04
data_civil_service_list_active_vx8i-nprf.csv,8713457,50000,20,zstd -22,754238,11.5527,3.25,878.02
data_civil_service_list_active_vx8i-nprf.csv,8713457,50000,20,zstd -3,1097817,7.9371,178.51,830.8
data_covid_19_case_surveillance_public_use_da_n8mc-b4w4.csv,8862088,50000,19,7z lzma2 -mx9,232345,38.1419,8.97,761.23
data_covid_19_case_surveillance_public_use_da_n8mc-b4w4.csv,8862088,50000,19,7z ppmd o12,252957,35.034,144.4,128.25
data_covid_19_case_surveillance_public_use_da_n8mc-b4w4.csv,8862088,50000,19,7z ppmd o16,210374,42.1254,136.69,123.2
data_covid_19_case_surveillance_public_use_da_n8mc-b4w4.csv,8862088,50000,19,7z ppmd o6,332518,26.6515,142.19,127.49
data_covid_19_case_surveillance_public_use_da_n8mc-b4w4.csv,8862088,50000,19,brotli -q11,183360,48.3316,1.52,1088.57
data_covid_19_case_surveillance_public_use_da_n8mc-b4w4.csv,8862088,50000,19,bzip2 -9,272008,32.5802,12.44,86.33
data_covid_19_case_surveillance_public_use_da_n8mc-b4w4.csv,8862088,50000,19,feather+lz4,4171130,2.1246,1451.11,3085.95
data_covid_19_case_surveillance_public_use_da_n8mc-b4w4.csv,8862088,50000,19,feather+zstd,2443138,3.6273,726.93,1280.85
data_covid_19_case_surveillance_public_use_da_n8mc-b4w4.csv,8862088,50000,19,gzip -9,919965,9.6331,21.61,1328.22
data_covid_19_case_surveillance_public_use_da_n8mc-b4w4.csv,8862088,50000,19,lz4 -9,1030232,8.602,69.11,744.14
data_covid_19_case_surveillance_public_use_da_n8mc-b4w4.csv,8862088,50000,19,orc+snappy,1236708,7.1659,385.29,906.35
data_covid_19_case_surveillance_public_use_da_n8mc-b4w4.csv,8862088,50000,19,orc+zlib,729474,12.1486,250.09,656.22
data_covid_19_case_surveillance_public_use_da_n8mc-b4w4.csv,8862088,50000,19,orc+zstd,738493,12.0002,333.37,762.92
data_covid_19_case_surveillance_public_use_da_n8mc-b4w4.csv,8862088,50000,19,parquet+brotli,311968,28.407,16.37,862.32
data_covid_19_case_surveillance_public_use_da_n8mc-b4w4.csv,8862088,50000,19,parquet+gzip,329719,26.8777,330.43,948.51
data_covid_19_case_surveillance_public_use_da_n8mc-b4w4.csv,8862088,50000,19,parquet+snappy,438218,20.223,607.63,254.41
data_covid_19_case_surveillance_public_use_da_n8mc-b4w4.csv,8862088,50000,19,parquet+zstd,318473,27.8268,209.2,1082.58
data_covid_19_case_surveillance_public_use_da_n8mc-b4w4.csv,8862088,50000,19,polypress,80347,110.2977,23.2,299.1
data_covid_19_case_surveillance_public_use_da_n8mc-b4w4.csv,8862088,50000,19,polypress+brotli,80472,110.1264,,
data_covid_19_case_surveillance_public_use_da_n8mc-b4w4.csv,8862088,50000,19,polypress+zstd,87301,101.5119,,
data_covid_19_case_surveillance_public_use_da_n8mc-b4w4.csv,8862088,50000,19,xz -9e,166416,53.2526,5.36,531.91
data_covid_19_case_surveillance_public_use_da_n8mc-b4w4.csv,8862088,50000,19,zip -9,919129,9.6418,21.22,319.98
data_covid_19_case_surveillance_public_use_da_n8mc-b4w4.csv,8862088,50000,19,zstd -19,179816,49.2842,5.51,1284.92
data_covid_19_case_surveillance_public_use_da_n8mc-b4w4.csv,8862088,50000,19,zstd -22,170801,51.8855,1.92,1277.11
data_covid_19_case_surveillance_public_use_da_n8mc-b4w4.csv,8862088,50000,19,zstd -3,578818,15.3107,205.51,1056.9
data_covid_19_case_surveillance_public_use_da_vbim-akqf.csv,9183360,50000,12,7z lzma2 -mx9,371672,24.7082,8.18,636.81
data_covid_19_case_surveillance_public_use_da_vbim-akqf.csv,9183360,50000,12,7z ppmd o12,256452,35.8093,164.49,148.69
data_covid_19_case_surveillance_public_use_da_vbim-akqf.csv,9183360,50000,12,7z ppmd o16,250512,36.6584,156.21,141.34
data_covid_19_case_surveillance_public_use_da_vbim-akqf.csv,9183360,50000,12,7z ppmd o6,260563,35.2443,184.28,159.49
data_covid_19_case_surveillance_public_use_da_vbim-akqf.csv,9183360,50000,12,brotli -q11,310587,29.5678,0.81,923.51
data_covid_19_case_surveillance_public_use_da_vbim-akqf.csv,9183360,50000,12,bzip2 -9,251134,36.5676,10.82,94.86
data_covid_19_case_surveillance_public_use_da_vbim-akqf.csv,9183360,50000,12,feather+lz4,2540058,3.6154,2199.51,4704.75
data_covid_19_case_surveillance_public_use_da_vbim-akqf.csv,9183360,50000,12,feather+zstd,1627810,5.6415,1176.3,2060.88
data_covid_19_case_surveillance_public_use_da_vbim-akqf.csv,9183360,50000,12,gzip -9,467162,19.6578,44.07,1645.78
data_covid_19_case_surveillance_public_use_da_vbim-akqf.csv,9183360,50000,12,lz4 -9,609163,15.0754,85.58,928.54
data_covid_19_case_surveillance_public_use_da_vbim-akqf.csv,9183360,50000,12,orc+snappy,816161,11.2519,554.68,1495.2
data_covid_19_case_surveillance_public_use_da_vbim-akqf.csv,9183360,50000,12,orc+zlib,500362,18.3534,383.42,1093.76
data_covid_19_case_surveillance_public_use_da_vbim-akqf.csv,9183360,50000,12,orc+zstd,575640,15.9533,512.96,1324.41
data_covid_19_case_surveillance_public_use_da_vbim-akqf.csv,9183360,50000,12,parquet+brotli,284094,32.3251,12.88,1455.64
data_covid_19_case_surveillance_public_use_da_vbim-akqf.csv,9183360,50000,12,parquet+gzip,290558,31.6059,590.38,1752.48
data_covid_19_case_surveillance_public_use_da_vbim-akqf.csv,9183360,50000,12,parquet+snappy,314345,29.2143,955.92,294.24
data_covid_19_case_surveillance_public_use_da_vbim-akqf.csv,9183360,50000,12,parquet+zstd,283715,32.3683,464.23,2112.53
data_covid_19_case_surveillance_public_use_da_vbim-akqf.csv,9183360,50000,12,polypress,172008,53.3891,38.72,339.35
data_covid_19_case_surveillance_public_use_da_vbim-akqf.csv,9183360,50000,12,polypress+brotli,176943,51.9001,,
data_covid_19_case_surveillance_public_use_da_vbim-akqf.csv,9183360,50000,12,polypress+zstd,196728,46.6805,,
data_covid_19_case_surveillance_public_use_da_vbim-akqf.csv,9183360,50000,12,xz -9e,284556,32.2726,3.56,435.82
data_covid_19_case_surveillance_public_use_da_vbim-akqf.csv,9183360,50000,12,zip -9,467207,19.6559,42.49,383.15
data_covid_19_case_surveillance_public_use_da_vbim-akqf.csv,9183360,50000,12,zstd -19,316212,29.0418,3.47,1251.15
data_covid_19_case_surveillance_public_use_da_vbim-akqf.csv,9183360,50000,12,zstd -22,313336,29.3083,2.83,1234.62
data_covid_19_case_surveillance_public_use_da_vbim-akqf.csv,9183360,50000,12,zstd -3,686904,13.3692,213.38,1025.96
datos_beneficiarios_más_familias_en_acción_xfif-myr2.csv,9700043,50000,22,7z lzma2 -mx9,324442,29.8976,9.9,708.59
datos_beneficiarios_más_familias_en_acción_xfif-myr2.csv,9700043,50000,22,7z ppmd o12,222931,43.5114,146.98,133.84
datos_beneficiarios_más_familias_en_acción_xfif-myr2.csv,9700043,50000,22,7z ppmd o16,218110,44.4732,135.84,122.06
datos_beneficiarios_más_familias_en_acción_xfif-myr2.csv,9700043,50000,22,7z ppmd o6,388884,24.9433,144.42,129.42
datos_beneficiarios_más_familias_en_acción_xfif-myr2.csv,9700043,50000,22,brotli -q11,284098,34.1433,1.65,913.26
datos_beneficiarios_más_familias_en_acción_xfif-myr2.csv,9700043,50000,22,bzip2 -9,279324,34.7269,12.24,109.29
datos_beneficiarios_más_familias_en_acción_xfif-myr2.csv,9700043,50000,22,feather+lz4,4628722,2.0956,1554.46,3207.83
datos_beneficiarios_más_familias_en_acción_xfif-myr2.csv,9700043,50000,22,feather+zstd,2668922,3.6344,730.17,1297.68
datos_beneficiarios_más_familias_en_acción_xfif-myr2.csv,9700043,50000,22,gzip -9,598986,16.1941,32.45,1731.49
datos_beneficiarios_más_familias_en_acción_xfif-myr2.csv,9700043,50000,22,lz4 -9,649551,14.9335,111.73,970.38
datos_beneficiarios_más_familias_en_acción_xfif-myr2.csv,9700043,50000,22,orc+snappy,1135167,8.545,401.87,948.57
datos_beneficiarios_más_familias_en_acción_xfif-myr2.csv,9700043,50000,22,orc+zlib,700538,13.8466,267.11,700.61
datos_beneficiarios_más_familias_en_acción_xfif-myr2.csv,9700043,50000,22,orc+zstd,694747,13.962,367.79,842.32
datos_beneficiarios_más_familias_en_acción_xfif-myr2.csv,9700043,50000,22,parquet+brotli,300006,32.3328,15.41,932.69
datos_beneficiarios_más_familias_en_acción_xfif-myr2.csv,9700043,50000,22,parquet+gzip,316256,30.6715,317.69,1048.31
datos_beneficiarios_más_familias_en_acción_xfif-myr2.csv,9700043,50000,22,parquet+snappy,402912,24.0748,590.43,280.03
datos_beneficiarios_más_familias_en_acción_xfif-myr2.csv,9700043,50000,22,parquet+zstd,308429,31.4498,210.21,1195.74
datos_beneficiarios_más_familias_en_acción_xfif-myr2.csv,9700043,50000,22,polypress,138664,69.9536,21.25,280.43
datos_beneficiarios_más_familias_en_acción_xfif-myr2.csv,9700043,50000,22,polypress+brotli,136700,70.9586,,
datos_beneficiarios_más_familias_en_acción_xfif-myr2.csv,9700043,50000,22,polypress+zstd,151846,63.8808,,
datos_beneficiarios_más_familias_en_acción_xfif-myr2.csv,9700043,50000,22,xz -9e,271756,35.6939,5.62,466.28
datos_beneficiarios_más_familias_en_acción_xfif-myr2.csv,9700043,50000,22,zip -9,598728,16.2011,31.56,345.31
datos_beneficiarios_más_familias_en_acción_xfif-myr2.csv,9700043,50000,22,zstd -19,287518,33.7372,5.91,1292.28
datos_beneficiarios_más_familias_en_acción_xfif-myr2.csv,9700043,50000,22,zstd -22,284180,34.1334,4.12,1304.84
datos_beneficiarios_más_familias_en_acción_xfif-myr2.csv,9700043,50000,22,zstd -3,667312,14.536,228.36,1077.32
data_citywide_payroll_data_fiscal_year_k397-673e.csv,10148400,50000,17,7z lzma2 -mx9,954955,10.6271,6.06,347.25
data_citywide_payroll_data_fiscal_year_k397-673e.csv,10148400,50000,17,7z ppmd o12,733932,13.8274,46.07,40.55
data_citywide_payroll_data_fiscal_year_k397-673e.csv,10148400,50000,17,7z ppmd o16,700112,14.4954,40.32,36.85
data_citywide_payroll_data_fiscal_year_k397-673e.csv,10148400,50000,17,7z ppmd o6,827668,12.2614,76.67,71.03
data_citywide_payroll_data_fiscal_year_k397-673e.csv,10148400,50000,17,brotli -q11,940907,10.7858,1.04,568.73
data_citywide_payroll_data_fiscal_year_k397-673e.csv,10148400,50000,17,bzip2 -9,1029047,9.8619,16.43,85.12
data_citywide_payroll_data_fiscal_year_k397-673e.csv,10148400,50000,17,feather+lz4,3625146,2.7994,1256.47,3731.2
data_citywide_payroll_data_fiscal_year_k397-673e.csv,10148400,50000,17,feather+zstd,2414234,4.2036,736.67,1454.73
data_citywide_payroll_data_fiscal_year_k397-673e.csv,10148400,50000,17,gzip -9,1665525,6.0932,21.01,1085.52
data_citywide_payroll_data_fiscal_year_k397-673e.csv,10148400,50000,17,lz4 -9,1911385,5.3094,91.46,627.8
data_citywide_payroll_data_fiscal_year_k397-673e.csv,10148400,50000,17,orc+snappy,2134797,4.7538,516.33,1499.26
data_citywide_payroll_data_fiscal_year_k397-673e.csv,10148400,50000,17,orc+zlib,1491475,6.8043,239.4,748.84
data_citywide_payroll_data_fiscal_year_k397-673e.csv,10148400,50000,17,orc+zstd,1532209,6.6234,449.28,1134.41
data_citywide_payroll_data_fiscal_year_k397-673e.csv,10148400,50000,17,parquet+brotli,1065390,9.5255,2.59,725.51
data_citywide_payroll_data_fiscal_year_k397-673e.csv,10148400,50000,17,parquet+gzip,1194685,8.4946,120.02,1017.29
data_citywide_payroll_data_fiscal_year_k397-673e.csv,10148400,50000,17,parquet+snappy,1507129,6.7336,597.99,310.35
data_citywide_payroll_data_fiscal_year_k397-673e.csv,10148400,50000,17,parquet+zstd,1142643,8.8815,55.37,1428.32
data_citywide_payroll_data_fiscal_year_k397-673e.csv,10148400,50000,17,polypress,769040,13.1962,22.73,173.9
data_citywide_payroll_data_fiscal_year_k397-673e.csv,10148400,50000,17,polypress+brotli,800874,12.6717,,
data_citywide_payroll_data_fiscal_year_k397-673e.csv,10148400,50000,17,polypress+zstd,893599,11.3568,,
data_citywide_payroll_data_fiscal_year_k397-673e.csv,10148400,50000,17,xz -9e,929424,10.919,3.73,240.7
data_citywide_payroll_data_fiscal_year_k397-673e.csv,10148400,50000,17,zip -9,1667382,6.0864,20.58,273.01
data_citywide_payroll_data_fiscal_year_k397-673e.csv,10148400,50000,17,zstd -19,976162,10.3962,3.9,945.27
data_citywide_payroll_data_fiscal_year_k397-673e.csv,10148400,50000,17,zstd -22,975159,10.4069,3.37,942.8
data_citywide_payroll_data_fiscal_year_k397-673e.csv,10148400,50000,17,zstd -3,1568442,6.4704,202.46,776.64
data_nys_attorney_registrations_eqw2-r5nb.csv,11087272,50000,20,7z lzma2 -mx9,1501517,7.384,4.55,281.69
data_nys_attorney_registrations_eqw2-r5nb.csv,11087272,50000,20,7z ppmd o12,1117059,9.9254,28.75,26.48
data_nys_attorney_registrations_eqw2-r5nb.csv,11087272,50000,20,7z ppmd o16,1107768,10.0087,23.96,22.61
data_nys_attorney_registrations_eqw2-r5nb.csv,11087272,50000,20,7z ppmd o6,1199125,9.2461,50.66,48.12
data_nys_attorney_registrations_eqw2-r5nb.csv,11087272,50000,20,brotli -q11,1458567,7.6015,1.01,485.03
data_nys_attorney_registrations_eqw2-r5nb.csv,11087272,50000,20,bzip2 -9,1632883,6.79,19.2,70.38
data_nys_attorney_registrations_eqw2-r5nb.csv,11087272,50000,20,feather+lz4,5426586,2.0431,676.55,2220.58
data_nys_attorney_registrations_eqw2-r5nb.csv,11087272,50000,20,feather+zstd,3215834,3.4477,475.3,1137.14
data_nys_attorney_registrations_eqw2-r5nb.csv,11087272,50000,20,gzip -9,2651166,4.182,24.42,879.75
data_nys_attorney_registrations_eqw2-r5nb.csv,11087272,50000,20,lz4 -9,2866389,3.868,75.41,511.05
data_nys_attorney_registrations_eqw2-r5nb.csv,11087272,50000,20,orc+snappy,3166273,3.5017,351.65,930.78
data_nys_attorney_registrations_eqw2-r5nb.csv,11087272,50000,20,orc+zlib,2210640,5.0154,176.16,498.14
data_nys_attorney_registrations_eqw2-r5nb.csv,11087272,50000,20,orc+zstd,2099940,5.2798,310.89,802.72
data_nys_attorney_registrations_eqw2-r5nb.csv,11087272,50000,20,parquet+brotli,1671978,6.6312,1.97,468.79
data_nys_attorney_registrations_eqw2-r5nb.csv,11087272,50000,20,parquet+gzip,1899368,5.8373,66.67,540.05
data_nys_attorney_registrations_eqw2-r5nb.csv,11087272,50000,20,parquet+snappy,2759444,4.0179,411.78,285.82
data_nys_attorney_registrations_eqw2-r5nb.csv,11087272,50000,20,parquet+zstd,1727813,6.4169,22.7,797.71
data_nys_attorney_registrations_eqw2-r5nb.csv,11087272,50000,20,polypress,1053739,10.5218,11.42,154.98
data_nys_attorney_registrations_eqw2-r5nb.csv,11087272,50000,20,polypress+brotli,1058746,10.4721,,
data_nys_attorney_registrations_eqw2-r5nb.csv,11087272,50000,20,polypress+zstd,1123876,9.8652,,
data_nys_attorney_registrations_eqw2-r5nb.csv,11087272,50000,20,xz -9e,1452516,7.6331,1.41,174.82
data_nys_attorney_registrations_eqw2-r5nb.csv,11087272,50000,20,zip -9,2667445,4.1565,22.61,231.1
data_nys_attorney_registrations_eqw2-r5nb.csv,11087272,50000,20,zstd -19,1528455,7.2539,2.64,805.0
data_nys_attorney_registrations_eqw2-r5nb.csv,11087272,50000,20,zstd -22,1525609,7.2674,1.69,790.31
data_nys_attorney_registrations_eqw2-r5nb.csv,11087272,50000,20,zstd -3,2263157,4.899,198.91,668.03
datos_casos_positivos_de_covid_19_en_colombia_gt2j-8ykr.csv,11114090,50000,23,7z lzma2 -mx9,542513,20.4863,7.19,548.28
datos_casos_positivos_de_covid_19_en_colombia_gt2j-8ykr.csv,11114090,50000,23,7z ppmd o12,464896,23.9066,117.88,108.78
datos_casos_positivos_de_covid_19_en_colombia_gt2j-8ykr.csv,11114090,50000,23,7z ppmd o16,431372,25.7645,99.99,93.75
datos_casos_positivos_de_covid_19_en_colombia_gt2j-8ykr.csv,11114090,50000,23,7z ppmd o6,496569,22.3818,132.59,118.16
datos_casos_positivos_de_covid_19_en_colombia_gt2j-8ykr.csv,11114090,50000,23,brotli -q11,458410,24.2449,0.9,830.26
datos_casos_positivos_de_covid_19_en_colombia_gt2j-8ykr.csv,11114090,50000,23,bzip2 -9,451914,24.5934,14.19,115.46
datos_casos_positivos_de_covid_19_en_colombia_gt2j-8ykr.csv,11114090,50000,23,feather+lz4,2979170,3.7306,1811.31,4157.68
datos_casos_positivos_de_covid_19_en_colombia_gt2j-8ykr.csv,11114090,50000,23,feather+zstd,1747978,6.3583,875.97,1508.26
datos_casos_positivos_de_covid_19_en_colombia_gt2j-8ykr.csv,11114090,50000,23,gzip -9,749651,14.8257,21.17,1657.04
datos_casos_positivos_de_covid_19_en_colombia_gt2j-8ykr.csv,11114090,50000,23,lz4 -9,948063,11.7229,111.09,904.78
datos_casos_positivos_de_covid_19_en_colombia_gt2j-8ykr.csv,11114090,50000,23,orc+snappy,1045961,10.6257,513.8,1550.3
datos_casos_positivos_de_covid_19_en_colombia_gt2j-8ykr.csv,11114090,50000,23,orc+zlib,739600,15.0272,323.3,1024.05
datos_casos_positivos_de_covid_19_en_colombia_gt2j-8ykr.csv,11114090,50000,23,orc+zstd,769775,14.4381,471.77,1350.79
datos_casos_positivos_de_covid_19_en_colombia_gt2j-8ykr.csv,11114090,50000,23,parquet+brotli,535434,20.7572,10.27,1260.4
datos_casos_positivos_de_covid_19_en_colombia_gt2j-8ykr.csv,11114090,50000,23,parquet+gzip,563218,19.7332,262.5,1400.09
datos_casos_positivos_de_covid_19_en_colombia_gt2j-8ykr.csv,11114090,50000,23,parquet+snappy,771434,14.4071,772.41,350.27
datos_casos_positivos_de_covid_19_en_colombia_gt2j-8ykr.csv,11114090,50000,23,parquet+zstd,538814,20.627,117.65,1841.29
datos_casos_positivos_de_covid_19_en_colombia_gt2j-8ykr.csv,11114090,50000,23,polypress,278664,39.8835,26.48,282.97
datos_casos_positivos_de_covid_19_en_colombia_gt2j-8ykr.csv,11114090,50000,23,polypress+brotli,285881,38.8766,,
datos_casos_positivos_de_covid_19_en_colombia_gt2j-8ykr.csv,11114090,50000,23,polypress+zstd,312101,35.6106,,
datos_casos_positivos_de_covid_19_en_colombia_gt2j-8ykr.csv,11114090,50000,23,xz -9e,433140,25.6593,3.41,365.62
datos_casos_positivos_de_covid_19_en_colombia_gt2j-8ykr.csv,11114090,50000,23,zip -9,749085,14.8369,20.89,349.49
datos_casos_positivos_de_covid_19_en_colombia_gt2j-8ykr.csv,11114090,50000,23,zstd -19,480396,23.1353,3.5,1245.88
datos_casos_positivos_de_covid_19_en_colombia_gt2j-8ykr.csv,11114090,50000,23,zstd -22,479889,23.1597,3.26,1205.82
datos_casos_positivos_de_covid_19_en_colombia_gt2j-8ykr.csv,11114090,50000,23,zstd -3,869832,12.7773,217.45,1039.35
data_conditions_contributing_to_covid_19_deat_hk9y-quqm.csv,11164458,50000,14,7z lzma2 -mx9,317469,35.1671,16.01,735.28
data_conditions_contributing_to_covid_19_deat_hk9y-quqm.csv,11164458,50000,14,7z ppmd o12,194687,57.3457,165.32,150.48
data_conditions_contributing_to_covid_19_deat_hk9y-quqm.csv,11164458,50000,14,7z ppmd o16,191156,58.405,153.52,140.54
data_conditions_contributing_to_covid_19_deat_hk9y-quqm.csv,11164458,50000,14,7z ppmd o6,250603,44.5504,176.2,158.56
data_conditions_contributing_to_covid_19_deat_hk9y-quqm.csv,11164458,50000,14,brotli -q11,271151,41.1743,0.79,1057.62
data_conditions_contributing_to_covid_19_deat_hk9y-quqm.csv,11164458,50000,14,bzip2 -9,219015,50.9758,16.07,127.87
data_conditions_contributing_to_covid_19_deat_hk9y-quqm.csv,11164458,50000,14,feather+lz4,1565450,7.1318,4935.93,7021.61
data_conditions_contributing_to_covid_19_deat_hk9y-quqm.csv,11164458,50000,14,feather+zstd,963874,11.5829,2167.02,3314.96
data_conditions_contributing_to_covid_19_deat_hk9y-quqm.csv,11164458,50000,14,gzip -9,424868,26.2775,98.62,2127.73
data_conditions_contributing_to_covid_19_deat_hk9y-quqm.csv,11164458,50000,14,lz4 -9,520467,21.4508,169.69,1127.82
data_conditions_contributing_to_covid_19_deat_hk9y-quqm.csv,11164458,50000,14,orc+snappy,453884,24.5976,864.8,2203.42
data_conditions_contributing_to_covid_19_deat_hk9y-quqm.csv,11164458,50000,14,orc+zlib,195862,57.0017,633.59,1673.83
data_conditions_contributing_to_covid_19_deat_hk9y-quqm.csv,11164458,50000,14,orc+zstd,145270,76.8532,843.05,2232.31
data_conditions_contributing_to_covid_19_deat_hk9y-quqm.csv,11164458,50000,14,parquet+brotli,129943,85.9181,28.24,2184.31
data_conditions_contributing_to_covid_19_deat_hk9y-quqm.csv,11164458,50000,14,parquet+gzip,137685,81.087,764.36,2410.79
data_conditions_contributing_to_covid_19_deat_hk9y-quqm.csv,11164458,50000,14,parquet+snappy,170525,65.4711,1343.18,866.08
data_conditions_contributing_to_covid_19_deat_hk9y-quqm.csv,11164458,50000,14,parquet+zstd,132233,84.4302,419.86,2709.12
data_conditions_contributing_to_covid_19_deat_hk9y-quqm.csv,11164458,50000,14,polypress,80002,139.5522,64.52,352.37
data_conditions_contributing_to_covid_19_deat_hk9y-quqm.csv,11164458,50000,14,polypress+brotli,80831,138.121,,
data_conditions_contributing_to_covid_19_deat_hk9y-quqm.csv,11164458,50000,14,polypress+zstd,90167,123.8198,,
data_conditions_contributing_to_covid_19_deat_hk9y-quqm.csv,11164458,50000,14,xz -9e,273984,40.7486,3.66,488.02
data_conditions_contributing_to_covid_19_deat_hk9y-quqm.csv,11164458,50000,14,zip -9,424961,26.2717,92.16,416.98
data_conditions_contributing_to_covid_19_deat_hk9y-quqm.csv,11164458,50000,14,zstd -19,305924,36.4942,3.75,1408.04
data_conditions_contributing_to_covid_19_deat_hk9y-quqm.csv,11164458,50000,14,zstd -22,288641,38.6794,2.16,1404.53
data_conditions_contributing_to_covid_19_deat_hk9y-quqm.csv,11164458,50000,14,zstd -3,461133,24.2109,226.23,1323.1
data_yourmoney_active_pension_members_44xg-bswk.csv,11497365,50000,21,7z lzma2 -mx9,892258,12.8857,6.85,434.66
data_yourmoney_active_pension_members_44xg-bswk.csv,11497365,50000,21,7z ppmd o12,574718,20.0052,66.25,59.7
data_yourmoney_active_pension_members_44xg-bswk.csv,11497365,50000,21,7z ppmd o16,571150,20.1302,52.08,50.3
data_yourmoney_active_pension_members_44xg-bswk.csv,11497365,50000,21,7z ppmd o6,700530,16.4124,102.67,92.77
data_yourmoney_active_pension_members_44xg-bswk.csv,11497365,50000,21,brotli -q11,878594,13.0861,0.96,672.28
data_yourmoney_active_pension_members_44xg-bswk.csv,11497365,50000,21,bzip2 -9,787782,14.5946,14.29,84.59
data_yourmoney_active_pension_members_44xg-bswk.csv,11497365,50000,21,feather+lz4,3447690,3.3348,1662.88,4196.26
data_yourmoney_active_pension_members_44xg-bswk.csv,11497365,50000,21,feather+zstd,2065058,5.5676,882.71,1608.47
data_yourmoney_active_pension_members_44xg-bswk.csv,11497365,50000,21,gzip -9,1294742,8.88,21.13,1361.9
data_yourmoney_active_pension_members_44xg-bswk.csv,11497365,50000,21,lz4 -9,1519169,7.5682,110.96,775.06
data_yourmoney_active_pension_members_44xg-bswk.csv,11497365,50000,21,orc+snappy,1543218,7.4503,561.48,1602.59
data_yourmoney_active_pension_members_44xg-bswk.csv,11497365,50000,21,orc+zlib,988951,11.6258,320.96,973.6
data_yourmoney_active_pension_members_44xg-bswk.csv,11497365,50000,21,orc+zstd,993707,11.5702,529.93,1414.88
data_yourmoney_active_pension_members_44xg-bswk.csv,11497365,50000,21,parquet+brotli,864995,13.2918,4.45,971.8
data_yourmoney_active_pension_members_44xg-bswk.csv,11497365,50000,21,parquet+gzip,920488,12.4905,198.75,1235.33
data_yourmoney_active_pension_members_44xg-bswk.csv,11497365,50000,21,parquet+snappy,1132996,10.1478,722.11,748.47
data_yourmoney_active_pension_members_44xg-bswk.csv,11497365,50000,21,parquet+zstd,895610,12.8375,82.96,1684.37
data_yourmoney_active_pension_members_44xg-bswk.csv,11497365,50000,21,polypress,598582,19.2077,28.86,192.83
data_yourmoney_active_pension_members_44xg-bswk.csv,11497365,50000,21,polypress+brotli,610999,18.8173,,
data_yourmoney_active_pension_members_44xg-bswk.csv,11497365,50000,21,polypress+zstd,672107,17.1065,,
data_yourmoney_active_pension_members_44xg-bswk.csv,11497365,50000,21,xz -9e,838864,13.7059,3.41,295.11
data_yourmoney_active_pension_members_44xg-bswk.csv,11497365,50000,21,zip -9,1294532,8.8815,20.82,322.19
data_yourmoney_active_pension_members_44xg-bswk.csv,11497365,50000,21,zstd -19,901304,12.7564,3.64,1037.73
data_yourmoney_active_pension_members_44xg-bswk.csv,11497365,50000,21,zstd -22,894680,12.8508,3.13,1036.26
data_yourmoney_active_pension_members_44xg-bswk.csv,11497365,50000,21,zstd -3,1262513,9.1067,213.96,938.73
data_civil_service_list_certification_a9md-ynri.csv,11707128,50000,21,7z lzma2 -mx9,560377,20.8915,10.33,550.51
data_civil_service_list_certification_a9md-ynri.csv,11707128,50000,21,7z ppmd o12,384333,30.4609,90.92,83.68
data_civil_service_list_certification_a9md-ynri.csv,11707128,50000,21,7z ppmd o16,381878,30.6567,79.23,72.08
data_civil_service_list_certification_a9md-ynri.csv,11707128,50000,21,7z ppmd o6,505009,23.182,120.61,109.64
data_civil_service_list_certification_a9md-ynri.csv,11707128,50000,21,brotli -q11,468064,25.0118,0.84,868.87
data_civil_service_list_certification_a9md-ynri.csv,11707128,50000,21,bzip2 -9,567903,20.6147,19.15,138.06
data_civil_service_list_certification_a9md-ynri.csv,11707128,50000,21,feather+lz4,1894106,6.1808,3116.08,5773.46
data_civil_service_list_certification_a9md-ynri.csv,11707128,50000,21,feather+zstd,1176234,9.9531,1514.46,2354.17
data_civil_service_list_certification_a9md-ynri.csv,11707128,50000,21,gzip -9,859240,13.625,38.45,1650.97
data_civil_service_list_certification_a9md-ynri.csv,11707128,50000,21,lz4 -9,1074824,10.8921,142.41,920.31
data_civil_service_list_certification_a9md-ynri.csv,11707128,50000,21,orc+snappy,833235,14.0502,897.67,1992.02
data_civil_service_list_certification_a9md-ynri.csv,11707128,50000,21,orc+zlib,469447,24.9381,569.44,1443.7
data_civil_service_list_certification_a9md-ynri.csv,11707128,50000,21,orc+zstd,417345,28.0514,836.71,1872.88
data_civil_service_list_certification_a9md-ynri.csv,11707128,50000,21,parquet+brotli,342132,34.2182,10.66,1603.9
data_civil_service_list_certification_a9md-ynri.csv,11707128,50000,21,parquet+gzip,386408,30.2973,382.3,1857.09
data_civil_service_list_certification_a9md-ynri.csv,11707128,50000,21,parquet+snappy,545787,21.45,1003.87,862.97
data_civil_service_list_certification_a9md-ynri.csv,11707128,50000,21,parquet+zstd,350173,33.4324,73.96,2357.9
data_civil_service_list_certification_a9md-ynri.csv,11707128,50000,21,polypress,197175,59.3743,40.73,306.49
data_civil_service_list_certification_a9md-ynri.csv,11707128,50000,21,polypress+brotli,196360,59.6207,,
data_civil_service_list_certification_a9md-ynri.csv,11707128,50000,21,polypress+zstd,211421,55.3735,,
data_civil_service_list_certification_a9md-ynri.csv,11707128,50000,21,xz -9e,429560,27.2538,1.1,381.25
data_civil_service_list_certification_a9md-ynri.csv,11707128,50000,21,zip -9,858590,13.6353,37.17,358.3
data_civil_service_list_certification_a9md-ynri.csv,11707128,50000,21,zstd -19,550809,21.2544,2.48,1273.33
data_civil_service_list_certification_a9md-ynri.csv,11707128,50000,21,zstd -22,546291,21.4302,1.21,1209.05
data_civil_service_list_certification_a9md-ynri.csv,11707128,50000,21,zstd -3,827521,14.1472,220.22,1148.53
data_2020_general_election_mail_ballot_reques_mcba-yywm.csv,11747944,50000,11,7z lzma2 -mx9,589931,19.9141,6.57,600.83
data_2020_general_election_mail_ballot_reques_mcba-yywm.csv,11747944,50000,11,7z ppmd o12,490698,23.9413,129.4,118.41
data_2020_general_election_mail_ballot_reques_mcba-yywm.csv,11747944,50000,11,7z ppmd o16,474150,24.7769,111.13,98.56
data_2020_general_election_mail_ballot_reques_mcba-yywm.csv,11747944,50000,11,7z ppmd o6,504610,23.2812,151.75,133.36
data_2020_general_election_mail_ballot_reques_mcba-yywm.csv,11747944,50000,11,brotli -q11,536200,21.9096,0.85,868.75
data_2020_general_election_mail_ballot_reques_mcba-yywm.csv,11747944,50000,11,bzip2 -9,385825,30.4489,14.73,86.8
data_2020_general_election_mail_ballot_reques_mcba-yywm.csv,11747944,50000,11,feather+lz4,3062746,3.8358,2152.38,6054.86
data_2020_general_election_mail_ballot_reques_mcba-yywm.csv,11747944,50000,11,feather+zstd,1786922,6.5744,1149.07,2022.01
data_2020_general_election_mail_ballot_reques_mcba-yywm.csv,11747944,50000,11,gzip -9,944402,12.4396,38.73,1630.31
data_2020_general_election_mail_ballot_reques_mcba-yywm.csv,11747944,50000,11,lz4 -9,1069493,10.9846,110.78,888.45
data_2020_general_election_mail_ballot_reques_mcba-yywm.csv,11747944,50000,11,orc+snappy,1428602,8.2234,604.05,1783.82
data_2020_general_election_mail_ballot_reques_mcba-yywm.csv,11747944,50000,11,orc+zlib,956088,12.2875,352.15,1078.69
data_2020_general_election_mail_ballot_reques_mcba-yywm.csv,11747944,50000,11,orc+zstd,953624,12.3193,534.29,1404.43
data_2020_general_election_mail_ballot_reques_mcba-yywm.csv,11747944,50000,11,parquet+brotli,571513,20.5559,9.77,1616.62
data_2020_general_election_mail_ballot_reques_mcba-yywm.csv,11747944,50000,11,parquet+gzip,593383,19.7982,395.72,1942.69
data_2020_general_election_mail_ballot_reques_mcba-yywm.csv,11747944,50000,11,parquet+snappy,668022,17.5862,1398.09,378.84
data_2020_general_election_mail_ballot_reques_mcba-yywm.csv,11747944,50000,11,parquet+zstd,588640,19.9578,285.7,2499.97
data_2020_general_election_mail_ballot_reques_mcba-yywm.csv,11747944,50000,11,polypress,284486,41.2953,41.58,352.12
data_2020_general_election_mail_ballot_reques_mcba-yywm.csv,11747944,50000,11,polypress+brotli,285649,41.1272,,
data_2020_general_election_mail_ballot_reques_mcba-yywm.csv,11747944,50000,11,polypress+zstd,297940,39.4306,,
data_2020_general_election_mail_ballot_reques_mcba-yywm.csv,11747944,50000,11,xz -9e,505408,23.2445,3.08,405.86
data_2020_general_election_mail_ballot_reques_mcba-yywm.csv,11747944,50000,11,zip -9,943945,12.4456,37.18,346.32
data_2020_general_election_mail_ballot_reques_mcba-yywm.csv,11747944,50000,11,zstd -19,536549,21.8954,3.09,1260.54
data_2020_general_election_mail_ballot_reques_mcba-yywm.csv,11747944,50000,11,zstd -22,535524,21.9373,2.89,1240.55
data_2020_general_election_mail_ballot_reques_mcba-yywm.csv,11747944,50000,11,zstd -3,1111169,10.5726,213.06,1005.74
data_provisional_covid_19_deaths_by_sex_and_a_9bhg-hcku.csv,12116526,50000,16,7z lzma2 -mx9,508525,23.8268,14.52,592.11
data_provisional_covid_19_deaths_by_sex_and_a_9bhg-hcku.csv,12116526,50000,16,7z ppmd o12,336114,36.0489,114.28,94.68
data_provisional_covid_19_deaths_by_sex_and_a_9bhg-hcku.csv,12116526,50000,16,7z ppmd o16,332840,36.4035,103.95,98.16
data_provisional_covid_19_deaths_by_sex_and_a_9bhg-hcku.csv,12116526,50000,16,7z ppmd o6,394381,30.7229,155.26,140.02
data_provisional_covid_19_deaths_by_sex_and_a_9bhg-hcku.csv,12116526,50000,16,brotli -q11,451994,26.8068,0.76,875.35
data_provisional_covid_19_deaths_by_sex_and_a_9bhg-hcku.csv,12116526,50000,16,bzip2 -9,370267,32.7238,15.13,140.13
data_provisional_covid_19_deaths_by_sex_and_a_9bhg-hcku.csv,12116526,50000,16,feather+lz4,1643338,7.3731,3311.42,6042.85
data_provisional_covid_19_deaths_by_sex_and_a_9bhg-hcku.csv,12116526,50000,16,feather+zstd,968738,12.5075,1629.64,2698.62
data_provisional_covid_19_deaths_by_sex_and_a_9bhg-hcku.csv,12116526,50000,16,gzip -9,585911,20.6798,51.81,1932.78
data_provisional_covid_19_deaths_by_sex_and_a_9bhg-hcku.csv,12116526,50000,16,lz4 -9,742765,16.3127,149.15,1070.29
data_provisional_covid_19_deaths_by_sex_and_a_9bhg-hcku.csv,12116526,50000,16,orc+snappy,646092,18.7536,939.64,2247.99
data_provisional_covid_19_deaths_by_sex_and_a_9bhg-hcku.csv,12116526,50000,16,orc+zlib,355221,34.1098,591.37,1616.22
data_provisional_covid_19_deaths_by_sex_and_a_9bhg-hcku.csv,12116526,50000,16,orc+zstd,314759,38.4946,879.03,2260.49
data_provisional_covid_19_deaths_by_sex_and_a_9bhg-hcku.csv,12116526,50000,16,parquet+brotli,335739,36.0891,12.4,1756.73
data_provisional_covid_19_deaths_by_sex_and_a_9bhg-hcku.csv,12116526,50000,16,parquet+gzip,351876,34.4341,422.46,2241.25
data_provisional_covid_19_deaths_by_sex_and_a_9bhg-hcku.csv,12116526,50000,16,parquet+snappy,432066,28.0432,1098.7,401.89
data_provisional_covid_19_deaths_by_sex_and_a_9bhg-hcku.csv,12116526,50000,16,parquet+zstd,332897,36.3972,163.17,2862.31
data_provisional_covid_19_deaths_by_sex_and_a_9bhg-hcku.csv,12116526,50000,16,polypress,253125,47.8678,33.36,294.97
data_provisional_covid_19_deaths_by_sex_and_a_9bhg-hcku.csv,12116526,50000,16,polypress+brotli,255648,47.3953,,
data_provisional_covid_19_deaths_by_sex_and_a_9bhg-hcku.csv,12116526,50000,16,polypress+zstd,280119,43.2549,,
data_provisional_covid_19_deaths_by_sex_and_a_9bhg-hcku.csv,12116526,50000,16,xz -9e,448708,27.0031,3.19,397.34
data_provisional_covid_19_deaths_by_sex_and_a_9bhg-hcku.csv,12116526,50000,16,zip -9,586757,20.65,49.94,400.75
data_provisional_covid_19_deaths_by_sex_and_a_9bhg-hcku.csv,12116526,50000,16,zstd -19,500893,24.1898,3.92,1296.21
data_provisional_covid_19_deaths_by_sex_and_a_9bhg-hcku.csv,12116526,50000,16,zstd -22,489184,24.7689,2.55,1277.86
data_provisional_covid_19_deaths_by_sex_and_a_9bhg-hcku.csv,12116526,50000,16,zstd -3,762843,15.8834,218.93,1205.39
data_motor_vehicle_collisions_crashes_h9gi-nx95.csv,12264681,50000,29,7z lzma2 -mx9,1214965,10.0947,5.01,354.18
data_motor_vehicle_collisions_crashes_h9gi-nx95.csv,12264681,50000,29,7z ppmd o12,909879,13.4795,44.5,42.1
data_motor_vehicle_collisions_crashes_h9gi-nx95.csv,12264681,50000,29,7z ppmd o16,896690,13.6777,34.19,31.78
data_motor_vehicle_collisions_crashes_h9gi-nx95.csv,12264681,50000,29,7z ppmd o6,1013492,12.1014,83.29,72.73
data_motor_vehicle_collisions_crashes_h9gi-nx95.csv,12264681,50000,29,brotli -q11,1144754,10.7138,1.04,364.6
data_motor_vehicle_collisions_crashes_h9gi-nx95.csv,12264681,50000,29,bzip2 -9,1203618,10.1898,17.26,84.53
data_motor_vehicle_collisions_crashes_h9gi-nx95.csv,12264681,50000,29,gzip -9,2008354,6.1068,19.4,1123.23
data_motor_vehicle_collisions_crashes_h9gi-nx95.csv,12264681,50000,29,lz4 -9,2327992,5.2684,83.7,638.52
data_motor_vehicle_collisions_crashes_h9gi-nx95.csv,12264681,50000,29,polypress,671485,18.265,16.97,171.7
data_motor_vehicle_collisions_crashes_h9gi-nx95.csv,12264681,50000,29,polypress+brotli,681648,17.9927,,
data_motor_vehicle_collisions_crashes_h9gi-nx95.csv,12264681,50000,29,polypress+zstd,738217,16.6139,,
data_motor_vehicle_collisions_crashes_h9gi-nx95.csv,12264681,50000,29,xz -9e,1148228,10.6814,3.89,248.2
data_motor_vehicle_collisions_crashes_h9gi-nx95.csv,12264681,50000,29,zip -9,2006438,6.1127,18.98,278.1
data_motor_vehicle_collisions_crashes_h9gi-nx95.csv,12264681,50000,29,zstd -19,1212195,10.1177,4.14,981.34
data_motor_vehicle_collisions_crashes_h9gi-nx95.csv,12264681,50000,29,zstd -22,1204513,10.1823,3.71,950.0
data_motor_vehicle_collisions_crashes_h9gi-nx95.csv,12264681,50000,29,zstd -3,2070403,5.9238,203.57,772.47
data_delaware_business_licenses_5zy2-grhr.csv,12308946,50000,13,7z lzma2 -mx9,1456707,8.4498,5.7,296.17
data_delaware_business_licenses_5zy2-grhr.csv,12308946,50000,13,7z ppmd o12,1243973,9.8949,28.66,26.13
data_delaware_business_licenses_5zy2-grhr.csv,12308946,50000,13,7z ppmd o16,1233353,9.9801,25.09,23.38
data_delaware_business_licenses_5zy2-grhr.csv,12308946,50000,13,7z ppmd o6,1340137,9.1848,51.88,48.54
data_delaware_business_licenses_5zy2-grhr.csv,12308946,50000,13,brotli -q11,1404923,8.7613,1.08,512.96
data_delaware_business_licenses_5zy2-grhr.csv,12308946,50000,13,bzip2 -9,1534407,8.022,18.86,86.87
data_delaware_business_licenses_5zy2-grhr.csv,12308946,50000,13,gzip -9,1946544,6.3235,40.26,1125.64
data_delaware_business_licenses_5zy2-grhr.csv,12308946,50000,13,lz4 -9,2405214,5.1176,110.77,617.86
data_delaware_business_licenses_5zy2-grhr.csv,12308946,50000,13,polypress,1081834,11.3779,7.08,170.05
data_delaware_business_licenses_5zy2-grhr.csv,12308946,50000,13,polypress+brotli,1094692,11.2442,,
data_delaware_business_licenses_5zy2-grhr.csv,12308946,50000,13,polypress+zstd,1130056,10.8923,,
data_delaware_business_licenses_5zy2-grhr.csv,12308946,50000,13,xz -9e,1392224,8.8412,3.9,203.17
data_delaware_business_licenses_5zy2-grhr.csv,12308946,50000,13,zip -9,1953959,6.2995,39.01,278.91
data_delaware_business_licenses_5zy2-grhr.csv,12308946,50000,13,zstd -19,1497201,8.2213,4.36,858.24
data_delaware_business_licenses_5zy2-grhr.csv,12308946,50000,13,zstd -22,1495598,8.2301,3.74,886.57
data_delaware_business_licenses_5zy2-grhr.csv,12308946,50000,13,zstd -3,2022911,6.0848,204.6,788.03
controllerdata_city_employee_payroll_current_g9h8-fvhu.csv,12511177,50000,20,7z lzma2 -mx9,1507831,8.2975,4.84,301.53
controllerdata_city_employee_payroll_current_g9h8-fvhu.csv,12511177,50000,20,7z ppmd o12,1178268,10.6183,32.46,30.71
controllerdata_city_employee_payroll_current_g9h8-fvhu.csv,12511177,50000,20,7z ppmd o16,1168357,10.7084,24.77,24.07
controllerdata_city_employee_payroll_current_g9h8-fvhu.csv,12511177,50000,20,7z ppmd o6,1318983,9.4855,65.62,57.67
controllerdata_city_employee_payroll_current_g9h8-fvhu.csv,12511177,50000,20,brotli -q11,1466266,8.5327,0.93,517.39
controllerdata_city_employee_payroll_current_g9h8-fvhu.csv,12511177,50000,20,bzip2 -9,1555558,8.0429,18.94,82.3
controllerdata_city_employee_payroll_current_g9h8-fvhu.csv,12511177,50000,20,feather+lz4,5858466,2.1356,1112.01,3390.56
controllerdata_city_employee_payroll_current_g9h8-fvhu.csv,12511177,50000,20,feather+zstd,3822458,3.2731,609.76,1279.89
controllerdata_city_employee_payroll_current_g9h8-fvhu.csv,12511177,50000,20,gzip -9,2481404,5.042,16.88,1023.64
controllerdata_city_employee_payroll_current_g9h8-fvhu.csv,12511177,50000,20,lz4 -9,2840895,4.404,93.51,583.52
controllerdata_city_employee_payroll_current_g9h8-fvhu.csv,12511177,50000,20,orc+snappy,3234674,3.8678,487.65,1273.68
controllerdata_city_employee_payroll_current_g9h8-fvhu.csv,12511177,50000,20,orc+zlib,2291224,5.4605,205.01,640.81
controllerdata_city_employee_payroll_current_g9h8-fvhu.csv,12511177,50000,20,orc+zstd,2294282,5.4532,400.73,959.09
controllerdata_city_employee_payroll_current_g9h8-fvhu.csv,12511177,50000,20,parquet+brotli,1561542,8.0121,1.59,618.2
controllerdata_city_employee_payroll_current_g9h8-fvhu.csv,12511177,50000,20,parquet+gzip,1955387,6.3983,88.06,812.3
controllerdata_city_employee_payroll_current_g9h8-fvhu.csv,12511177,50000,20,parquet+snappy,2596824,4.8179,508.85,358.46
controllerdata_city_employee_payroll_current_g9h8-fvhu.csv,12511177,50000,20,parquet+zstd,1794574,6.9717,12.06,1180.16
controllerdata_city_employee_payroll_current_g9h8-fvhu.csv,12511177,50000,20,polypress,991444,12.6191,6.8,180.45
controllerdata_city_employee_payroll_current_g9h8-fvhu.csv,12511177,50000,20,polypress+brotli,1013498,12.3446,,
controllerdata_city_employee_payroll_current_g9h8-fvhu.csv,12511177,50000,20,polypress+zstd,1064115,11.7574,,
controllerdata_city_employee_payroll_current_g9h8-fvhu.csv,12511177,50000,20,xz -9e,1393520,8.9781,2.02,210.64
controllerdata_city_employee_payroll_current_g9h8-fvhu.csv,12511177,50000,20,zip -9,2479345,5.0462,16.78,268.19
controllerdata_city_employee_payroll_current_g9h8-fvhu.csv,12511177,50000,20,zstd -19,1471305,8.5035,3.2,889.52
controllerdata_city_employee_payroll_current_g9h8-fvhu.csv,12511177,50000,20,zstd -22,1463884,8.5466,2.01,913.1
controllerdata_city_employee_payroll_current_g9h8-fvhu.csv,12511177,50000,20,zstd -3,2406077,5.1998,198.72,711.44
data_horse_racing_rulings_beginning_1985_igam-2tkj.csv,13055155,40213,14,7z lzma2 -mx9,1298315,10.0555,5.79,362.82
data_horse_racing_rulings_beginning_1985_igam-2tkj.csv,13055155,40213,14,7z ppmd o12,930960,14.0233,45.67,42.49
data_horse_racing_rulings_beginning_1985_igam-2tkj.csv,13055155,40213,14,7z ppmd o16,920581,14.1814,36.7,34.64
data_horse_racing_rulings_beginning_1985_igam-2tkj.csv,13055155,40213,14,7z ppmd o6,1100110,11.8671,64.57,58.42
data_horse_racing_rulings_beginning_1985_igam-2tkj.csv,13055155,40213,14,brotli -q11,1269784,10.2814,1.08,564.36
data_horse_racing_rulings_beginning_1985_igam-2tkj.csv,13055155,40213,14,bzip2 -9,1326410,9.8425,19.88,87.28
data_horse_racing_rulings_beginning_1985_igam-2tkj.csv,13055155,40213,14,feather+lz4,4414354,2.9574,1045.82,3596.3
data_horse_racing_rulings_beginning_1985_igam-2tkj.csv,13055155,40213,14,feather+zstd,2768010,4.7164,713.44,1675.87
data_horse_racing_rulings_beginning_1985_igam-2tkj.csv,13055155,40213,14,gzip -9,2058703,6.3414,48.57,1182.77
data_horse_racing_rulings_beginning_1985_igam-2tkj.csv,13055155,40213,14,lz4 -9,2326934,5.6105,112.32,654.98
data_horse_racing_rulings_beginning_1985_igam-2tkj.csv,13055155,40213,14,orc+snappy,3191097,4.0911,607.02,1620.76
data_horse_racing_rulings_beginning_1985_igam-2tkj.csv,13055155,40213,14,orc+zlib,2285526,5.7121,242.15,661.56
data_horse_racing_rulings_beginning_1985_igam-2tkj.csv,13055155,40213,14,orc+zstd,2160953,6.0414,475.53,1198.95
data_horse_racing_rulings_beginning_1985_igam-2tkj.csv,13055155,40213,14,parquet+brotli,1410600,9.255,1.58,760.93
data_horse_racing_rulings_beginning_1985_igam-2tkj.csv,13055155,40213,14,parquet+gzip,1911186,6.8309,86.83,767.67
data_horse_racing_rulings_beginning_1985_igam-2tkj.csv,13055155,40213,14,parquet+snappy,3040055,4.2944,705.76,383.9
data_horse_racing_rulings_beginning_1985_igam-2tkj.csv,13055155,40213,14,parquet+zstd,1497212,8.7196,8.82,1436.33
data_horse_racing_rulings_beginning_1985_igam-2tkj.csv,13055155,40213,14,polypress,992580,13.1527,6.25,193.04
data_horse_racing_rulings_beginning_1985_igam-2tkj.csv,13055155,40213,14,polypress+brotli,1010208,12.9232,,
data_horse_racing_rulings_beginning_1985_igam-2tkj.csv,13055155,40213,14,polypress+zstd,1068156,12.2221,,
data_horse_racing_rulings_beginning_1985_igam-2tkj.csv,13055155,40213,14,xz -9e,1263236,10.3347,3.56,241.89
data_horse_racing_rulings_beginning_1985_igam-2tkj.csv,13055155,40213,14,zip -9,2058373,6.3425,46.7,280.36
data_horse_racing_rulings_beginning_1985_igam-2tkj.csv,13055155,40213,14,zstd -19,1325765,9.8473,4.41,982.69
data_horse_racing_rulings_beginning_1985_igam-2tkj.csv,13055155,40213,14,zstd -22,1323706,9.8626,3.16,969.48
data_horse_racing_rulings_beginning_1985_igam-2tkj.csv,13055155,40213,14,zstd -3,1924536,6.7835,203.52,831.96
health_medicaid_enrolled_provider_listing_keti-qx5t.csv,13254469,50000,19,7z lzma2 -mx9,674578,19.6485,10.79,507.52
health_medicaid_enrolled_provider_listing_keti-qx5t.csv,13254469,50000,19,7z ppmd o12,683876,19.3814,60.34,57.4
health_medicaid_enrolled_provider_listing_keti-qx5t.csv,13254469,50000,19,7z ppmd o16,625756,21.1815,50.73,47.99
health_medicaid_enrolled_provider_listing_keti-qx5t.csv,13254469,50000,19,7z ppmd o6,941182,14.0828,84.18,75.02
health_medicaid_enrolled_provider_listing_keti-qx5t.csv,13254469,50000,19,brotli -q11,633442,20.9245,0.95,823.62
health_medicaid_enrolled_provider_listing_keti-qx5t.csv,13254469,50000,19,bzip2 -9,988478,13.409,20.41,108.95
health_medicaid_enrolled_provider_listing_keti-qx5t.csv,13254469,50000,19,feather+lz4,3371802,3.931,2116.07,5193.69
health_medicaid_enrolled_provider_listing_keti-qx5t.csv,13254469,50000,19,feather+zstd,2168490,6.1123,1096.49,2430.73
health_medicaid_enrolled_provider_listing_keti-qx5t.csv,13254469,50000,19,gzip -9,1249589,10.6071,40.19,1540.32
health_medicaid_enrolled_provider_listing_keti-qx5t.csv,13254469,50000,19,lz4 -9,1484399,8.9292,130.16,854.62
health_medicaid_enrolled_provider_listing_keti-qx5t.csv,13254469,50000,19,orc+snappy,1534488,8.6377,704.95,1796.0
health_medicaid_enrolled_provider_listing_keti-qx5t.csv,13254469,50000,19,orc+zlib,1068234,12.4078,380.43,1034.37
health_medicaid_enrolled_provider_listing_keti-qx5t.csv,13254469,50000,19,orc+zstd,1031755,12.8465,609.82,1620.18
health_medicaid_enrolled_provider_listing_keti-qx5t.csv,13254469,50000,19,parquet+brotli,840051,15.7782,5.28,1042.67
health_medicaid_enrolled_provider_listing_keti-qx5t.csv,13254469,50000,19,parquet+gzip,928050,14.2821,209.43,1307.31
health_medicaid_enrolled_provider_listing_keti-qx5t.csv,13254469,50000,19,parquet+snappy,1344501,9.8583,850.13,400.39
health_medicaid_enrolled_provider_listing_keti-qx5t.csv,13254469,50000,19,parquet+zstd,868246,15.2658,61.24,1771.33
health_medicaid_enrolled_provider_listing_keti-qx5t.csv,13254469,50000,19,polypress,448554,29.5493,24.99,282.31
health_medicaid_enrolled_provider_listing_keti-qx5t.csv,13254469,50000,19,polypress+brotli,460151,28.8046,,
health_medicaid_enrolled_provider_listing_keti-qx5t.csv,13254469,50000,19,polypress+zstd,510883,25.9442,,
health_medicaid_enrolled_provider_listing_keti-qx5t.csv,13254469,50000,19,xz -9e,633348,20.9276,2.69,346.78
health_medicaid_enrolled_provider_listing_keti-qx5t.csv,13254469,50000,19,zip -9,1254096,10.5689,38.81,339.25
health_medicaid_enrolled_provider_listing_keti-qx5t.csv,13254469,50000,19,zstd -19,707997,18.7211,3.22,1262.91
health_medicaid_enrolled_provider_listing_keti-qx5t.csv,13254469,50000,19,zstd -22,698166,18.9847,2.28,1263.8
health_medicaid_enrolled_provider_listing_keti-qx5t.csv,13254469,50000,19,zstd -3,1039950,12.7453,207.07,1102.52
data_listing_of_active_businesses_6rrh-rzua.csv,13657316,50000,16,7z lzma2 -mx9,2107391,6.4807,4.11,254.46
data_listing_of_active_businesses_6rrh-rzua.csv,13657316,50000,16,7z ppmd o12,1722876,7.927,19.82,18.49
data_listing_of_active_businesses_6rrh-rzua.csv,13657316,50000,16,7z ppmd o16,1713152,7.972,16.78,15.65
data_listing_of_active_businesses_6rrh-rzua.csv,13657316,50000,16,7z ppmd o6,1792954,7.6172,45.95,40.86
data_listing_of_active_businesses_6rrh-rzua.csv,13657316,50000,16,brotli -q11,2069110,6.6006,1.06,435.52
data_listing_of_active_businesses_6rrh-rzua.csv,13657316,50000,16,bzip2 -9,2347928,5.8168,22.36,67.84
data_listing_of_active_businesses_6rrh-rzua.csv,13657316,50000,16,gzip -9,3450018,3.9586,27.22,869.06
data_listing_of_active_businesses_6rrh-rzua.csv,13657316,50000,16,lz4 -9,3883615,3.5167,103.75,494.76
data_listing_of_active_businesses_6rrh-rzua.csv,13657316,50000,16,polypress,1920904,7.1098,4.32,139.18
data_listing_of_active_businesses_6rrh-rzua.csv,13657316,50000,16,polypress+brotli,1951667,6.9978,,
data_listing_of_active_businesses_6rrh-rzua.csv,13657316,50000,16,polypress+zstd,2051955,6.6558,,
data_listing_of_active_businesses_6rrh-rzua.csv,13657316,50000,16,xz -9e,2073952,6.5852,3.63,171.71
data_listing_of_active_businesses_6rrh-rzua.csv,13657316,50000,16,zip -9,3450386,3.9582,26.67,233.59
data_listing_of_active_businesses_6rrh-rzua.csv,13657316,50000,16,zstd -19,2171882,6.2882,4.17,800.92
data_listing_of_active_businesses_6rrh-rzua.csv,13657316,50000,16,zstd -22,2160551,6.3212,3.57,781.94
data_listing_of_active_businesses_6rrh-rzua.csv,13657316,50000,16,zstd -3,3138173,4.352,187.43,643.61
data_traffic_incidents_35ra-9556.csv,13659859,50000,10,7z lzma2 -mx9,1599253,8.5414,4.53,272.93
data_traffic_incidents_35ra-9556.csv,13659859,50000,10,7z ppmd o12,1533479,8.9078,23.67,21.93
data_traffic_incidents_35ra-9556.csv,13659859,50000,10,7z ppmd o16,1644417,8.3068,19.62,18.26
data_traffic_incidents_35ra-9556.csv,13659859,50000,10,7z ppmd o6,1634957,8.3549,56.92,52.51
data_traffic_incidents_35ra-9556.csv,13659859,50000,10,brotli -q11,1632124,8.3694,1.06,472.88
data_traffic_incidents_35ra-9556.csv,13659859,50000,10,bzip2 -9,2035697,6.7102,22.44,85.01
data_traffic_incidents_35ra-9556.csv,13659859,50000,10,feather+lz4,6000802,2.2763,1102.67,4226.44
data_traffic_incidents_35ra-9556.csv,13659859,50000,10,feather+zstd,3881226,3.5195,644.6,1555.29
data_traffic_incidents_35ra-9556.csv,13659859,50000,10,gzip -9,2734906,4.9946,26.64,1023.37
data_traffic_incidents_35ra-9556.csv,13659859,50000,10,lz4 -9,3458995,3.9491,85.71,533.3
data_traffic_incidents_35ra-9556.csv,13659859,50000,10,orc+snappy,4772554,2.8622,565.53,1823.24
data_traffic_incidents_35ra-9556.csv,13659859,50000,10,orc+zlib,3350649,4.0768,197.81,639.74
data_traffic_incidents_35ra-9556.csv,13659859,50000,10,orc+zstd,3080155,4.4348,464.69,1348.85
data_traffic_incidents_35ra-9556.csv,13659859,50000,10,parquet+brotli,2561229,5.3333,1.37,522.36
data_traffic_incidents_35ra-9556.csv,13659859,50000,10,parquet+gzip,3228641,4.2308,65.01,706.92
data_traffic_incidents_35ra-9556.csv,13659859,50000,10,parquet+snappy,4792605,2.8502,596.71,405.35
data_traffic_incidents_35ra-9556.csv,13659859,50000,10,parquet+zstd,2722899,5.0167,13.92,1451.46
data_traffic_incidents_35ra-9556.csv,13659859,50000,10,polypress,1362577,10.025,3.61,150.57
data_traffic_incidents_35ra-9556.csv,13659859,50000,10,polypress+brotli,1433019,9.5322,,
data_traffic_incidents_35ra-9556.csv,13659859,50000,10,polypress+zstd,1519290,8.9909,,
data_traffic_incidents_35ra-9556.csv,13659859,50000,10,xz -9e,1540260,8.8685,3.57,185.18
data_traffic_incidents_35ra-9556.csv,13659859,50000,10,zip -9,2732309,4.9994,26.24,260.46
data_traffic_incidents_35ra-9556.csv,13659859,50000,10,zstd -19,1736561,7.866,4.29,901.15
data_traffic_incidents_35ra-9556.csv,13659859,50000,10,zstd -22,1735449,7.8711,3.56,885.69
data_traffic_incidents_35ra-9556.csv,13659859,50000,10,zstd -3,2778873,4.9156,189.84,691.99
opendata_fire_and_rescue_apparatus_responses_2012_xvpn-2pnt.csv,14065413,50000,13,7z lzma2 -mx9,709896,19.8133,7.78,514.14
opendata_fire_and_rescue_apparatus_responses_2012_xvpn-2pnt.csv,14065413,50000,13,7z ppmd o12,450720,31.2065,103.15,94.12
opendata_fire_and_rescue_apparatus_responses_2012_xvpn-2pnt.csv,14065413,50000,13,7z ppmd o16,490401,28.6815,82.13,77.57
opendata_fire_and_rescue_apparatus_responses_2012_xvpn-2pnt.csv,14065413,50000,13,7z ppmd o6,511284,27.51,136.14,120.46
opendata_fire_and_rescue_apparatus_responses_2012_xvpn-2pnt.csv,14065413,50000,13,brotli -q11,606659,23.185,0.91,832.08
opendata_fire_and_rescue_apparatus_responses_2012_xvpn-2pnt.csv,14065413,50000,13,bzip2 -9,531531,26.4621,31.39,188.43
opendata_fire_and_rescue_apparatus_responses_2012_xvpn-2pnt.csv,14065413,50000,13,feather+lz4,3170778,4.436,2131.39,5856.13
opendata_fire_and_rescue_apparatus_responses_2012_xvpn-2pnt.csv,14065413,50000,13,feather+zstd,1964178,7.161,1112.94,2040.0
opendata_fire_and_rescue_apparatus_responses_2012_xvpn-2pnt.csv,14065413,50000,13,gzip -9,877506,16.0289,51.66,1925.73
opendata_fire_and_rescue_apparatus_responses_2012_xvpn-2pnt.csv,14065413,50000,13,lz4 -9,1107714,12.6977,148.24,1000.23
opendata_fire_and_rescue_apparatus_responses_2012_xvpn-2pnt.csv,14065413,50000,13,orc+snappy,1562952,8.9993,825.54,2114.43
opendata_fire_and_rescue_apparatus_responses_2012_xvpn-2pnt.csv,14065413,50000,13,orc+zlib,934933,15.0443,397.82,1133.03
opendata_fire_and_rescue_apparatus_responses_2012_xvpn-2pnt.csv,14065413,50000,13,orc+zstd,924272,15.2178,706.48,1773.74
opendata_fire_and_rescue_apparatus_responses_2012_xvpn-2pnt.csv,14065413,50000,13,parquet+brotli,863782,16.2835,3.08,1121.46
opendata_fire_and_rescue_apparatus_responses_2012_xvpn-2pnt.csv,14065413,50000,13,parquet+gzip,1037305,13.5596,182.51,1510.47
opendata_fire_and_rescue_apparatus_responses_2012_xvpn-2pnt.csv,14065413,50000,13,parquet+snappy,1393280,10.0952,962.2,441.21
opendata_fire_and_rescue_apparatus_responses_2012_xvpn-2pnt.csv,14065413,50000,13,parquet+zstd,938865,14.9813,64.4,2173.31
opendata_fire_and_rescue_apparatus_responses_2012_xvpn-2pnt.csv,14065413,50000,13,polypress,327671,42.9254,11.95,344.92
opendata_fire_and_rescue_apparatus_responses_2012_xvpn-2pnt.csv,14065413,50000,13,polypress+brotli,361009,38.9614,,
opendata_fire_and_rescue_apparatus_responses_2012_xvpn-2pnt.csv,14065413,50000,13,polypress+zstd,377969,37.2131,,
opendata_fire_and_rescue_apparatus_responses_2012_xvpn-2pnt.csv,14065413,50000,13,xz -9e,580196,24.2425,2.97,361.78
opendata_fire_and_rescue_apparatus_responses_2012_xvpn-2pnt.csv,14065413,50000,13,zip -9,876939,16.0392,50.08,389.05
opendata_fire_and_rescue_apparatus_responses_2012_xvpn-2pnt.csv,14065413,50000,13,zstd -19,649099,21.6691,4.18,1325.42
opendata_fire_and_rescue_apparatus_responses_2012_xvpn-2pnt.csv,14065413,50000,13,zstd -22,649080,21.6698,3.47,1324.56
opendata_fire_and_rescue_apparatus_responses_2012_xvpn-2pnt.csv,14065413,50000,13,zstd -3,952456,14.7675,216.78,1178.78
data_crimes_2001_to_present_ijzp-q8t2.csv,14472116,50000,22,7z lzma2 -mx9,1606596,9.0079,4.06,284.36
data_crimes_2001_to_present_ijzp-q8t2.csv,14472116,50000,22,7z ppmd o12,1504509,9.6192,27.61,25.86
data_crimes_2001_to_present_ijzp-q8t2.csv,14472116,50000,22,7z ppmd o16,1515264,9.5509,22.1,20.78
data_crimes_2001_to_present_ijzp-q8t2.csv,14472116,50000,22,7z ppmd o6,1709883,8.4638,58.35,53.74
data_crimes_2001_to_present_ijzp-q8t2.csv,14472116,50000,22,brotli -q11,1558992,9.283,0.96,511.51
data_crimes_2001_to_present_ijzp-q8t2.csv,14472116,50000,22,bzip2 -9,1984208,7.2936,21.7,78.27
data_crimes_2001_to_present_ijzp-q8t2.csv,14472116,50000,22,gzip -9,3063646,4.7238,12.08,1014.87
data_crimes_2001_to_present_ijzp-q8t2.csv,14472116,50000,22,lz4 -9,3562431,4.0624,83.91,562.94
data_crimes_2001_to_present_ijzp-q8t2.csv,14472116,50000,22,polypress,973822,14.8612,10.18,162.65
data_crimes_2001_to_present_ijzp-q8t2.csv,14472116,50000,22,polypress+brotli,1000662,14.4625,,
data_crimes_2001_to_present_ijzp-q8t2.csv,14472116,50000,22,polypress+zstd,1077251,13.4343,,
data_crimes_2001_to_present_ijzp-q8t2.csv,14472116,50000,22,xz -9e,1530476,9.456,3.42,196.61
data_crimes_2001_to_present_ijzp-q8t2.csv,14472116,50000,22,zip -9,3060521,4.7286,11.99,259.19
data_crimes_2001_to_present_ijzp-q8t2.csv,14472116,50000,22,zstd -19,1675311,8.6385,3.82,949.78
data_crimes_2001_to_present_ijzp-q8t2.csv,14472116,50000,22,zstd -22,1659004,8.7234,3.4,941.65
data_crimes_2001_to_present_ijzp-q8t2.csv,14472116,50000,22,zstd -3,2787739,5.1913,194.05,728.35
data_for_hire_vehicles_fhv_active_8wbx-tsch.csv,14487725,50000,23,7z lzma2 -mx9,1272137,11.3885,6.81,372.29
data_for_hire_vehicles_fhv_active_8wbx-tsch.csv,14487725,50000,23,7z ppmd o12,1002808,14.4472,46.75,41.81
data_for_hire_vehicles_fhv_active_8wbx-tsch.csv,14487725,50000,23,7z ppmd o16,987941,14.6646,40.64,37.41
data_for_hire_vehicles_fhv_active_8wbx-tsch.csv,14487725,50000,23,7z ppmd o6,1076905,13.4531,67.16,61.57
data_for_hire_vehicles_fhv_active_8wbx-tsch.csv,14487725,50000,23,brotli -q11,1246528,11.6225,0.86,608.04
data_for_hire_vehicles_fhv_active_8wbx-tsch.csv,14487725,50000,23,bzip2 -9,1430680,10.1265,14.97,74.38
data_for_hire_vehicles_fhv_active_8wbx-tsch.csv,14487725,50000,23,feather+lz4,5451578,2.6575,1310.99,3735.07
data_for_hire_vehicles_fhv_active_8wbx-tsch.csv,14487725,50000,23,feather+zstd,3315882,4.3692,795.95,1741.29
data_for_hire_vehicles_fhv_active_8wbx-tsch.csv,14487725,50000,23,gzip -9,2275442,6.367,36.81,1211.44
data_for_hire_vehicles_fhv_active_8wbx-tsch.csv,14487725,50000,23,lz4 -9,2626795,5.5154,137.83,679.69
data_for_hire_vehicles_fhv_active_8wbx-tsch.csv,14487725,50000,23,parquet+brotli,1507783,9.6086,3.55,792.98
data_for_hire_vehicles_fhv_active_8wbx-tsch.csv,14487725,50000,23,parquet+gzip,1781498,8.1323,113.12,827.86
data_for_hire_vehicles_fhv_active_8wbx-tsch.csv,14487725,50000,23,parquet+snappy,2609968,5.5509,603.78,765.63
data_for_hire_vehicles_fhv_active_8wbx-tsch.csv,14487725,50000,23,parquet+zstd,1544682,9.3791,29.05,1322.93
data_for_hire_vehicles_fhv_active_8wbx-tsch.csv,14487725,50000,23,polypress,973313,14.885,11.39,190.67
data_for_hire_vehicles_fhv_active_8wbx-tsch.csv,14487725,50000,23,polypress+brotli,988731,14.6528,,
data_for_hire_vehicles_fhv_active_8wbx-tsch.csv,14487725,50000,23,polypress+zstd,1055896,13.7208,,
data_for_hire_vehicles_fhv_active_8wbx-tsch.csv,14487725,50000,23,xz -9e,1222736,11.8486,3.79,241.17
data_for_hire_vehicles_fhv_active_8wbx-tsch.csv,14487725,50000,23,zip -9,2289743,6.3272,35.49,289.43
data_for_hire_vehicles_fhv_active_8wbx-tsch.csv,14487725,50000,23,zstd -19,1320039,10.9752,3.51,1004.93
data_for_hire_vehicles_fhv_active_8wbx-tsch.csv,14487725,50000,23,zstd -22,1312476,11.0385,3.27,1022.63
data_for_hire_vehicles_fhv_active_8wbx-tsch.csv,14487725,50000,23,zstd -3,1933882,7.4915,204.05,903.62
data_crime_data_from_2020_to_2024_2nrs-mtv8.csv,15020262,50000,28,7z lzma2 -mx9,1344652,11.1704,4.13,389.38
data_crime_data_from_2020_to_2024_2nrs-mtv8.csv,15020262,50000,28,7z ppmd o12,974565,15.4123,53.44,48.35
data_crime_data_from_2020_to_2024_2nrs-mtv8.csv,15020262,50000,28,7z ppmd o16,962443,15.6064,36.88,34.09
data_crime_data_from_2020_to_2024_2nrs-mtv8.csv,15020262,50000,28,7z ppmd o6,1140467,13.1703,84.14,78.84
data_crime_data_from_2020_to_2024_2nrs-mtv8.csv,15020262,50000,28,brotli -q11,1279154,11.7423,1.0,642.75
data_crime_data_from_2020_to_2024_2nrs-mtv8.csv,15020262,50000,28,bzip2 -9,1320271,11.3767,21.43,87.8
data_crime_data_from_2020_to_2024_2nrs-mtv8.csv,15020262,50000,28,feather+lz4,5850106,2.5675,914.43,2603.18
data_crime_data_from_2020_to_2024_2nrs-mtv8.csv,15020262,50000,28,feather+zstd,3399442,4.4184,570.44,1144.22
data_crime_data_from_2020_to_2024_2nrs-mtv8.csv,15020262,50000,28,gzip -9,2562627,5.8613,13.86,1139.97
data_crime_data_from_2020_to_2024_2nrs-mtv8.csv,15020262,50000,28,lz4 -9,2852296,5.266,97.15,637.96
data_crime_data_from_2020_to_2024_2nrs-mtv8.csv,15020262,50000,28,orc+snappy,3240057,4.6358,411.77,1363.24
data_crime_data_from_2020_to_2024_2nrs-mtv8.csv,15020262,50000,28,orc+zlib,2271031,6.6139,209.97,698.48
data_crime_data_from_2020_to_2024_2nrs-mtv8.csv,15020262,50000,28,orc+zstd,2322665,6.4668,351.39,1087.79
data_crime_data_from_2020_to_2024_2nrs-mtv8.csv,15020262,50000,28,parquet+brotli,1461408,10.2779,3.71,813.0
data_crime_data_from_2020_to_2024_2nrs-mtv8.csv,15020262,50000,28,parquet+gzip,1574436,9.5401,130.61,1002.83
data_crime_data_from_2020_to_2024_2nrs-mtv8.csv,15020262,50000,28,parquet+snappy,2017220,7.446,698.09,424.09
data_crime_data_from_2020_to_2024_2nrs-mtv8.csv,15020262,50000,28,parquet+zstd,1499476,10.017,38.11,1511.98
data_crime_data_from_2020_to_2024_2nrs-mtv8.csv,15020262,50000,28,polypress,899644,16.6958,17.25,181.06
data_crime_data_from_2020_to_2024_2nrs-mtv8.csv,15020262,50000,28,polypress+brotli,914126,16.4313,,
data_crime_data_from_2020_to_2024_2nrs-mtv8.csv,15020262,50000,28,polypress+zstd,989143,15.1851,,
data_crime_data_from_2020_to_2024_2nrs-mtv8.csv,15020262,50000,28,xz -9e,1256936,11.9499,3.38,266.0
data_crime_data_from_2020_to_2024_2nrs-mtv8.csv,15020262,50000,28,zip -9,2560060,5.8672,13.72,276.62
data_crime_data_from_2020_to_2024_2nrs-mtv8.csv,15020262,50000,28,zstd -19,1322499,11.3575,3.81,1066.92
data_crime_data_from_2020_to_2024_2nrs-mtv8.csv,15020262,50000,28,zstd -22,1311508,11.4527,3.44,1063.01
data_crime_data_from_2020_to_2024_2nrs-mtv8.csv,15020262,50000,28,zstd -3,2410522,6.2311,197.95,813.93
data_police_dispatched_incidents_98cc-bc7d.csv,15581173,50000,26,7z lzma2 -mx9,1842088,8.4584,4.35,296.48
data_police_dispatched_incidents_98cc-bc7d.csv,15581173,50000,26,7z ppmd o12,1425127,10.9332,25.98,24.22
data_police_dispatched_incidents_98cc-bc7d.csv,15581173,50000,26,7z ppmd o16,1499448,10.3913,21.63,20.44
data_police_dispatched_incidents_98cc-bc7d.csv,15581173,50000,26,7z ppmd o6,1641194,9.4938,67.81,63.57
data_police_dispatched_incidents_98cc-bc7d.csv,15581173,50000,26,brotli -q11,1827812,8.5245,1.02,505.97
data_police_dispatched_incidents_98cc-bc7d.csv,15581173,50000,26,bzip2 -9,1997229,7.8014,21.84,78.15
data_police_dispatched_incidents_98cc-bc7d.csv,15581173,50000,26,feather+lz4,6985042,2.2306,856.1,2806.98
data_police_dispatched_incidents_98cc-bc7d.csv,15581173,50000,26,feather+zstd,4363114,3.5711,559.34,1136.74
data_police_dispatched_incidents_98cc-bc7d.csv,15581173,50000,26,gzip -9,3194684,4.8772,13.53,1039.93
data_police_dispatched_incidents_98cc-bc7d.csv,15581173,50000,26,lz4 -9,3665791,4.2504,100.87,571.23
data_police_dispatched_incidents_98cc-bc7d.csv,15581173,50000,26,orc+snappy,3713399,4.1959,414.07,1326.84
data_police_dispatched_incidents_98cc-bc7d.csv,15581173,50000,26,orc+zlib,2719787,5.7288,201.78,647.63
data_police_dispatched_incidents_98cc-bc7d.csv,15581173,50000,26,orc+zstd,2742971,5.6804,354.72,1026.69
data_police_dispatched_incidents_98cc-bc7d.csv,15581173,50000,26,parquet+brotli,2287580,6.8112,2.39,643.53
data_police_dispatched_incidents_98cc-bc7d.csv,15581173,50000,26,parquet+gzip,2504631,6.2209,110.51,833.66
data_police_dispatched_incidents_98cc-bc7d.csv,15581173,50000,26,parquet+snappy,3180821,4.8985,592.3,423.33
data_police_dispatched_incidents_98cc-bc7d.csv,15581173,50000,26,parquet+zstd,2335147,6.6725,42.02,1315.07
data_police_dispatched_incidents_98cc-bc7d.csv,15581173,50000,26,polypress,1167360,13.3474,4.5,161.07
data_police_dispatched_incidents_98cc-bc7d.csv,15581173,50000,26,polypress+brotli,1195653,13.0315,,
data_police_dispatched_incidents_98cc-bc7d.csv,15581173,50000,26,polypress+zstd,1308872,11.9043,,
data_police_dispatched_incidents_98cc-bc7d.csv,15581173,50000,26,xz -9e,1802520,8.6441,3.59,199.65
data_police_dispatched_incidents_98cc-bc7d.csv,15581173,50000,26,zip -9,3191884,4.8815,13.34,255.76
data_police_dispatched_incidents_98cc-bc7d.csv,15581173,50000,26,zstd -19,1931385,8.0674,3.9,934.16
data_police_dispatched_incidents_98cc-bc7d.csv,15581173,50000,26,zstd -22,1917336,8.1265,3.46,919.73
data_police_dispatched_incidents_98cc-bc7d.csv,15581173,50000,26,zstd -3,3046487,5.1145,191.64,739.25
data_yourmoney_agency_payroll_iqwc-r2w7.csv,16335357,50000,32,7z lzma2 -mx9,1149474,14.2112,6.72,480.09
data_yourmoney_agency_payroll_iqwc-r2w7.csv,16335357,50000,32,7z ppmd o12,897788,18.1951,51.67,47.03
data_yourmoney_agency_payroll_iqwc-r2w7.csv,16335357,50000,32,7z ppmd o16,821421,19.8867,40.91,39.04
data_yourmoney_agency_payroll_iqwc-r2w7.csv,16335357,50000,32,7z ppmd o6,1247663,13.0928,86.48,77.79
data_yourmoney_agency_payroll_iqwc-r2w7.csv,16335357,50000,32,brotli -q11,1029333,15.8698,0.97,772.14
data_yourmoney_agency_payroll_iqwc-r2w7.csv,16335357,50000,32,bzip2 -9,1318437,12.3899,20.44,92.24
data_yourmoney_agency_payroll_iqwc-r2w7.csv,16335357,50000,32,feather+lz4,5864298,2.7856,1156.22,2904.67
data_yourmoney_agency_payroll_iqwc-r2w7.csv,16335357,50000,32,feather+zstd,3648746,4.477,668.71,1388.72
data_yourmoney_agency_payroll_iqwc-r2w7.csv,16335357,50000,32,gzip -9,2101037,7.7749,22.79,1403.4
data_yourmoney_agency_payroll_iqwc-r2w7.csv,16335357,50000,32,lz4 -9,2400389,6.8053,117.44,779.32
data_yourmoney_agency_payroll_iqwc-r2w7.csv,16335357,50000,32,orc+snappy,3141943,5.1991,522.25,1238.78
data_yourmoney_agency_payroll_iqwc-r2w7.csv,16335357,50000,32,orc+zlib,2111537,7.7362,268.85,686.85
data_yourmoney_agency_payroll_iqwc-r2w7.csv,16335357,50000,32,orc+zstd,2143252,7.6218,445.07,1024.81
data_yourmoney_agency_payroll_iqwc-r2w7.csv,16335357,50000,32,parquet+brotli,1299859,12.567,3.72,720.93
data_yourmoney_agency_payroll_iqwc-r2w7.csv,16335357,50000,32,parquet+gzip,1456285,11.2171,136.79,871.83
data_yourmoney_agency_payroll_iqwc-r2w7.csv,16335357,50000,32,parquet+snappy,2009655,8.1284,633.3,413.42
data_yourmoney_agency_payroll_iqwc-r2w7.csv,16335357,50000,32,parquet+zstd,1345567,12.1401,48.27,1128.98
data_yourmoney_agency_payroll_iqwc-r2w7.csv,16335357,50000,32,polypress,687233,23.7698,19.9,189.59
data_yourmoney_agency_payroll_iqwc-r2w7.csv,16335357,50000,32,polypress+brotli,699667,23.3473,,
data_yourmoney_agency_payroll_iqwc-r2w7.csv,16335357,50000,32,polypress+zstd,813454,20.0815,,
data_yourmoney_agency_payroll_iqwc-r2w7.csv,16335357,50000,32,xz -9e,1015364,16.0882,1.72,326.49
data_yourmoney_agency_payroll_iqwc-r2w7.csv,16335357,50000,32,zip -9,2099058,7.7822,22.53,310.9
data_yourmoney_agency_payroll_iqwc-r2w7.csv,16335357,50000,32,zstd -19,1100346,14.8457,3.34,1235.94
data_yourmoney_agency_payroll_iqwc-r2w7.csv,16335357,50000,32,zstd -22,1084722,15.0595,1.84,1187.85
data_yourmoney_agency_payroll_iqwc-r2w7.csv,16335357,50000,32,zstd -3,1815427,8.9981,207.16,1004.33
data_active_businesses_all_tckn-sxa6.csv,16890598,50000,19,7z lzma2 -mx9,909763,18.5659,10.47,576.06
data_active_businesses_all_tckn-sxa6.csv,16890598,50000,19,7z ppmd o12,697851,24.2037,66.78,60.91
data_active_businesses_all_tckn-sxa6.csv,16890598,50000,19,7z ppmd o16,660241,25.5825,55.62,52.13
data_active_businesses_all_tckn-sxa6.csv,16890598,50000,19,7z ppmd o6,926882,18.223,95.28,87.48
data_active_businesses_all_tckn-sxa6.csv,16890598,50000,19,brotli -q11,868449,19.4492,1.08,866.09
data_active_businesses_all_tckn-sxa6.csv,16890598,50000,19,bzip2 -9,1062230,15.9011,18.86,118.74
data_active_businesses_all_tckn-sxa6.csv,16890598,50000,19,feather+lz4,3920330,4.3085,1842.07,4529.4
data_active_businesses_all_tckn-sxa6.csv,16890598,50000,19,feather+zstd,2340178,7.2177,1005.93,2181.91
data_active_businesses_all_tckn-sxa6.csv,16890598,50000,19,gzip -9,1394634,12.1111,84.92,1741.84
data_active_businesses_all_tckn-sxa6.csv,16890598,50000,19,lz4 -9,1662659,10.1588,160.51,963.25
data_active_businesses_all_tckn-sxa6.csv,16890598,50000,19,orc+snappy,2267934,7.4476,737.38,1617.41
data_active_businesses_all_tckn-sxa6.csv,16890598,50000,19,orc+zlib,1379522,12.2438,381.76,934.05
data_active_businesses_all_tckn-sxa6.csv,16890598,50000,19,orc+zstd,1265063,13.3516,635.54,1464.54
data_active_businesses_all_tckn-sxa6.csv,16890598,50000,19,parquet+brotli,1043171,16.1916,2.43,880.33
data_active_businesses_all_tckn-sxa6.csv,16890598,50000,19,parquet+gzip,1243533,13.5828,137.55,1021.21
data_active_businesses_all_tckn-sxa6.csv,16890598,50000,19,parquet+snappy,2030867,8.3169,718.75,466.86
data_active_businesses_all_tckn-sxa6.csv,16890598,50000,19,parquet+zstd,1079954,15.6401,16.68,1571.63
data_active_businesses_all_tckn-sxa6.csv,16890598,50000,19,polypress,551340,30.6355,19.93,208.45
data_active_businesses_all_tckn-sxa6.csv,16890598,50000,19,polypress+brotli,562602,30.0223,,
data_active_businesses_all_tckn-sxa6.csv,16890598,50000,19,polypress+zstd,604240,27.9535,,
data_active_businesses_all_tckn-sxa6.csv,16890598,50000,19,xz -9e,859788,19.6451,3.88,369.84
data_active_businesses_all_tckn-sxa6.csv,16890598,50000,19,zip -9,1402756,12.041,79.41,348.79
data_active_businesses_all_tckn-sxa6.csv,16890598,50000,19,zstd -19,922569,18.3082,3.98,1320.02
data_active_businesses_all_tckn-sxa6.csv,16890598,50000,19,zstd -22,910893,18.5429,2.79,1300.06
data_active_businesses_all_tckn-sxa6.csv,16890598,50000,19,zstd -3,1308129,12.912,217.33,1207.34
data_dashboard_expenditures_mi_fbey-tu9a.csv,17375670,50000,19,7z lzma2 -mx9,349128,49.7688,12.83,902.12
data_dashboard_expenditures_mi_fbey-tu9a.csv,17375670,50000,19,7z ppmd o12,338203,51.3765,165.82,149.93
data_dashboard_expenditures_mi_fbey-tu9a.csv,17375670,50000,19,7z ppmd o16,307305,56.5421,161.32,141.83
data_dashboard_expenditures_mi_fbey-tu9a.csv,17375670,50000,19,7z ppmd o6,460762,37.7107,169.82,150.27
data_dashboard_expenditures_mi_fbey-tu9a.csv,17375670,50000,19,brotli -q11,286041,60.7454,0.79,1213.66
data_dashboard_expenditures_mi_fbey-tu9a.csv,17375670,50000,19,bzip2 -9,336788,51.5923,16.96,117.59
data_dashboard_expenditures_mi_fbey-tu9a.csv,17375670,50000,19,feather+lz4,3169970,5.4813,3586.56,4823.86
data_dashboard_expenditures_mi_fbey-tu9a.csv,17375670,50000,19,feather+zstd,1908146,9.106,1366.54,2256.87
data_dashboard_expenditures_mi_fbey-tu9a.csv,17375670,50000,19,gzip -9,949783,18.2944,83.15,1923.33
data_dashboard_expenditures_mi_fbey-tu9a.csv,17375670,50000,19,lz4 -9,942999,18.426,174.81,1242.46
data_dashboard_expenditures_mi_fbey-tu9a.csv,17375670,50000,19,orc+snappy,1274003,13.6386,1048.18,2143.81
data_dashboard_expenditures_mi_fbey-tu9a.csv,17375670,50000,19,orc+zlib,744599,23.3356,639.92,1388.83
data_dashboard_expenditures_mi_fbey-tu9a.csv,17375670,50000,19,orc+zstd,524239,33.1446,930.17,2036.58
data_dashboard_expenditures_mi_fbey-tu9a.csv,17375670,50000,19,parquet+brotli,182635,95.1388,12.2,2285.68
data_dashboard_expenditures_mi_fbey-tu9a.csv,17375670,50000,19,parquet+gzip,269098,64.57,602.84,2257.15
data_dashboard_expenditures_mi_fbey-tu9a.csv,17375670,50000,19,parquet+snappy,417356,41.6327,1227.02,530.59
data_dashboard_expenditures_mi_fbey-tu9a.csv,17375670,50000,19,parquet+zstd,205258,84.6528,45.3,2681.34
data_dashboard_expenditures_mi_fbey-tu9a.csv,17375670,50000,19,polypress,60486,287.2676,69.14,381.95
data_dashboard_expenditures_mi_fbey-tu9a.csv,17375670,50000,19,polypress+brotli,61746,281.4056,,
data_dashboard_expenditures_mi_fbey-tu9a.csv,17375670,50000,19,polypress+zstd,67885,255.9574,,
data_dashboard_expenditures_mi_fbey-tu9a.csv,17375670,50000,19,xz -9e,289732,59.9715,4.13,569.56
data_dashboard_expenditures_mi_fbey-tu9a.csv,17375670,50000,19,zip -9,949645,18.297,79.22,398.39
data_dashboard_expenditures_mi_fbey-tu9a.csv,17375670,50000,19,zstd -19,348457,49.8646,3.89,1687.17
data_dashboard_expenditures_mi_fbey-tu9a.csv,17375670,50000,19,zstd -22,346881,50.0912,2.48,1707.84
data_dashboard_expenditures_mi_fbey-tu9a.csv,17375670,50000,19,zstd -3,590297,29.4355,230.93,1564.83
opendata_fire_rescue_incidents_2012_present_f362-6fup.csv,19458461,50000,23,7z lzma2 -mx9,653747,29.7645,8.64,734.8
opendata_fire_rescue_incidents_2012_present_f362-6fup.csv,19458461,50000,23,7z ppmd o12,627763,30.9965,122.68,110.06
opendata_fire_rescue_incidents_2012_present_f362-6fup.csv,19458461,50000,23,7z ppmd o16,591337,32.9059,107.63,97.49
opendata_fire_rescue_incidents_2012_present_f362-6fup.csv,19458461,50000,23,7z ppmd o6,683601,28.4646,143.5,124.37
opendata_fire_rescue_incidents_2012_present_f362-6fup.csv,19458461,50000,23,brotli -q11,563570,34.5271,0.82,1117.14
opendata_fire_rescue_incidents_2012_present_f362-6fup.csv,19458461,50000,23,bzip2 -9,490799,39.6465,23.25,136.53
opendata_fire_rescue_incidents_2012_present_f362-6fup.csv,19458461,50000,23,feather+lz4,3545098,5.4888,1921.84,4637.46
opendata_fire_rescue_incidents_2012_present_f362-6fup.csv,19458461,50000,23,feather+zstd,1807850,10.7633,1173.05,1934.41
opendata_fire_rescue_incidents_2012_present_f362-6fup.csv,19458461,50000,23,gzip -9,1152905,16.8778,34.28,2093.17
opendata_fire_rescue_incidents_2012_present_f362-6fup.csv,19458461,50000,23,lz4 -9,1233456,15.7756,159.75,1183.75
opendata_fire_rescue_incidents_2012_present_f362-6fup.csv,19458461,50000,23,orc+snappy,1914976,10.1612,934.47,2690.62
opendata_fire_rescue_incidents_2012_present_f362-6fup.csv,19458461,50000,23,orc+zlib,1131030,17.2042,474.22,1423.99
opendata_fire_rescue_incidents_2012_present_f362-6fup.csv,19458461,50000,23,orc+zstd,1079713,18.0219,803.94,2291.32
opendata_fire_rescue_incidents_2012_present_f362-6fup.csv,19458461,50000,23,parquet+brotli,728178,26.7221,6.23,1906.97
opendata_fire_rescue_incidents_2012_present_f362-6fup.csv,19458461,50000,23,parquet+gzip,873097,22.2867,214.48,2360.58
opendata_fire_rescue_incidents_2012_present_f362-6fup.csv,19458461,50000,23,parquet+snappy,1244615,15.6341,1292.84,625.31
opendata_fire_rescue_incidents_2012_present_f362-6fup.csv,19458461,50000,23,parquet+zstd,792907,24.5407,77.55,3639.13
opendata_fire_rescue_incidents_2012_present_f362-6fup.csv,19458461,50000,23,polypress,322869,60.2674,28.91,342.75
opendata_fire_rescue_incidents_2012_present_f362-6fup.csv,19458461,50000,23,polypress+brotli,331413,58.7136,,
opendata_fire_rescue_incidents_2012_present_f362-6fup.csv,19458461,50000,23,polypress+zstd,359842,54.075,,
opendata_fire_rescue_incidents_2012_present_f362-6fup.csv,19458461,50000,23,xz -9e,484804,40.1368,2.39,503.36
opendata_fire_rescue_incidents_2012_present_f362-6fup.csv,19458461,50000,23,zip -9,1153398,16.8706,33.42,399.3
opendata_fire_rescue_incidents_2012_present_f362-6fup.csv,19458461,50000,23,zstd -19,566696,34.3367,4.34,1657.18
opendata_fire_rescue_incidents_2012_present_f362-6fup.csv,19458461,50000,23,zstd -22,546686,35.5935,1.74,1639.15
opendata_fire_rescue_incidents_2012_present_f362-6fup.csv,19458461,50000,23,zstd -3,1058064,18.3906,227.37,1385.46
health_food_service_establishment_last_inspecti_cnih-y5dw.csv,19742877,21599,26,7z lzma2 -mx9,1965396,10.0452,6.1,404.85
health_food_service_establishment_last_inspecti_cnih-y5dw.csv,19742877,21599,26,7z ppmd o12,1428973,13.8161,33.12,30.9
health_food_service_establishment_last_inspecti_cnih-y5dw.csv,19742877,21599,26,7z ppmd o16,1362193,14.4935,28.32,26.71
health_food_service_establishment_last_inspecti_cnih-y5dw.csv,19742877,21599,26,7z ppmd o6,1910525,10.3337,54.64,48.51
health_food_service_establishment_last_inspecti_cnih-y5dw.csv,19742877,21599,26,brotli -q11,1872685,10.5426,1.14,648.84
health_food_service_establishment_last_inspecti_cnih-y5dw.csv,19742877,21599,26,bzip2 -9,2586623,7.6327,19.96,79.66
health_food_service_establishment_last_inspecti_cnih-y5dw.csv,19742877,21599,26,feather+lz4,7059314,2.7967,960.17,3532.45
health_food_service_establishment_last_inspecti_cnih-y5dw.csv,19742877,21599,26,feather+zstd,4495634,4.3916,607.27,1484.54
health_food_service_establishment_last_inspecti_cnih-y5dw.csv,19742877,21599,26,gzip -9,4411889,4.4749,45.62,1004.48
health_food_service_establishment_last_inspecti_cnih-y5dw.csv,19742877,21599,26,lz4 -9,4584367,4.3066,152.83,642.13
health_food_service_establishment_last_inspecti_cnih-y5dw.csv,19742877,21599,26,orc+snappy,5920209,3.3348,638.0,1755.25
health_food_service_establishment_last_inspecti_cnih-y5dw.csv,19742877,21599,26,orc+zlib,4287113,4.6052,211.93,610.19
health_food_service_establishment_last_inspecti_cnih-y5dw.csv,19742877,21599,26,orc+zstd,4127518,4.7832,481.92,1291.81
health_food_service_establishment_last_inspecti_cnih-y5dw.csv,19742877,21599,26,parquet+brotli,2438032,8.0979,1.65,763.31
health_food_service_establishment_last_inspecti_cnih-y5dw.csv,19742877,21599,26,parquet+gzip,3432489,5.7518,73.84,693.17
health_food_service_establishment_last_inspecti_cnih-y5dw.csv,19742877,21599,26,parquet+snappy,5717807,3.4529,682.39,507.49
health_food_service_establishment_last_inspecti_cnih-y5dw.csv,19742877,21599,26,parquet+zstd,2554635,7.7283,4.64,1457.68
health_food_service_establishment_last_inspecti_cnih-y5dw.csv,19742877,21599,26,polypress,1474978,13.3852,7.02,215.36
health_food_service_establishment_last_inspecti_cnih-y5dw.csv,19742877,21599,26,polypress+brotli,1491027,13.2411,,
health_food_service_establishment_last_inspecti_cnih-y5dw.csv,19742877,21599,26,polypress+zstd,1553925,12.7052,,
health_food_service_establishment_last_inspecti_cnih-y5dw.csv,19742877,21599,26,xz -9e,1865676,10.5822,4.66,264.57
health_food_service_establishment_last_inspecti_cnih-y5dw.csv,19742877,21599,26,zip -9,4437476,4.4491,43.46,249.49
health_food_service_establishment_last_inspecti_cnih-y5dw.csv,19742877,21599,26,zstd -19,1974750,9.9977,5.05,1093.85
health_food_service_establishment_last_inspecti_cnih-y5dw.csv,19742877,21599,26,zstd -22,1906670,10.3546,2.38,1103.82
health_food_service_establishment_last_inspecti_cnih-y5dw.csv,19742877,21599,26,zstd -3,3177699,6.2129,221.0,863.6
datacatalog_medical_examiner_case_archive_cjeq-bs86.csv,20312864,50000,33,7z lzma2 -mx9,2190630,9.2726,4.65,329.17
datacatalog_medical_examiner_case_archive_cjeq-bs86.csv,20312864,50000,33,7z ppmd o12,1677547,12.1087,32.13,29.94
datacatalog_medical_examiner_case_archive_cjeq-bs86.csv,20312864,50000,33,7z ppmd o16,1661186,12.2279,26.92,25.37
datacatalog_medical_examiner_case_archive_cjeq-bs86.csv,20312864,50000,33,7z ppmd o6,1869913,10.863,68.13,60.19
datacatalog_medical_examiner_case_archive_cjeq-bs86.csv,20312864,50000,33,brotli -q11,2125610,9.5563,0.96,557.71
datacatalog_medical_examiner_case_archive_cjeq-bs86.csv,20312864,50000,33,bzip2 -9,2319901,8.7559,18.79,86.94
datacatalog_medical_examiner_case_archive_cjeq-bs86.csv,20312864,50000,33,feather+lz4,8471634,2.3978,958.92,3066.56
datacatalog_medical_examiner_case_archive_cjeq-bs86.csv,20312864,50000,33,feather+zstd,5379634,3.7759,551.59,1254.95
datacatalog_medical_examiner_case_archive_cjeq-bs86.csv,20312864,50000,33,gzip -9,3876400,5.2401,16.78,1110.35
datacatalog_medical_examiner_case_archive_cjeq-bs86.csv,20312864,50000,33,lz4 -9,4384090,4.6333,121.96,644.71
datacatalog_medical_examiner_case_archive_cjeq-bs86.csv,20312864,50000,33,orc+snappy,5253930,3.8662,478.53,1310.6
datacatalog_medical_examiner_case_archive_cjeq-bs86.csv,20312864,50000,33,orc+zlib,3739443,5.4321,203.27,623.94
datacatalog_medical_examiner_case_archive_cjeq-bs86.csv,20312864,50000,33,orc+zstd,3640246,5.5801,397.08,1006.64
datacatalog_medical_examiner_case_archive_cjeq-bs86.csv,20312864,50000,33,parquet+brotli,2945241,6.8968,1.59,561.84
datacatalog_medical_examiner_case_archive_cjeq-bs86.csv,20312864,50000,33,parquet+gzip,3622869,5.6068,78.87,699.24
datacatalog_medical_examiner_case_archive_cjeq-bs86.csv,20312864,50000,33,parquet+snappy,5123863,3.9644,534.31,493.4
datacatalog_medical_examiner_case_archive_cjeq-bs86.csv,20312864,50000,33,parquet+zstd,3122795,6.5047,19.77,1088.88
datacatalog_medical_examiner_case_archive_cjeq-bs86.csv,20312864,50000,33,polypress,1270366,15.9898,7.38,172.61
datacatalog_medical_examiner_case_archive_cjeq-bs86.csv,20312864,50000,33,polypress+brotli,1330548,15.2665,,
datacatalog_medical_examiner_case_archive_cjeq-bs86.csv,20312864,50000,33,polypress+zstd,1432375,14.1812,,
datacatalog_medical_examiner_case_archive_cjeq-bs86.csv,20312864,50000,33,xz -9e,2101244,9.6671,3.05,221.27
datacatalog_medical_examiner_case_archive_cjeq-bs86.csv,20312864,50000,33,zip -9,3877417,5.2388,16.57,273.42
datacatalog_medical_examiner_case_archive_cjeq-bs86.csv,20312864,50000,33,zstd -19,2267867,8.9568,3.64,1034.31
datacatalog_medical_examiner_case_archive_cjeq-bs86.csv,20312864,50000,33,zstd -22,2233538,9.0945,2.9,1020.63
datacatalog_medical_examiner_case_archive_cjeq-bs86.csv,20312864,50000,33,zstd -3,3730180,5.4455,216.73,802.88
data_permit_applications_ryhf-m453.csv,22684739,50000,40,7z lzma2 -mx9,2249632,10.0838,4.71,390.75
data_permit_applications_ryhf-m453.csv,22684739,50000,40,7z ppmd o12,1906594,11.898,30.73,28.56
data_permit_applications_ryhf-m453.csv,22684739,50000,40,7z ppmd o16,1863607,12.1725,24.92,23.44
data_permit_applications_ryhf-m453.csv,22684739,50000,40,7z ppmd o6,2398538,9.4577,53.96,48.58
data_permit_applications_ryhf-m453.csv,22684739,50000,40,brotli -q11,2170266,10.4525,1.04,626.22
data_permit_applications_ryhf-m453.csv,22684739,50000,40,bzip2 -9,3450193,6.5749,21.56,75.73
data_permit_applications_ryhf-m453.csv,22684739,50000,40,feather+lz4,10320346,2.1981,768.19,2683.36
data_permit_applications_ryhf-m453.csv,22684739,50000,40,feather+zstd,6534578,3.4715,447.82,1122.46
data_permit_applications_ryhf-m453.csv,22684739,50000,40,gzip -9,5737218,3.954,24.91,899.04
data_permit_applications_ryhf-m453.csv,22684739,50000,40,lz4 -9,6306078,3.5973,113.28,569.15
data_permit_applications_ryhf-m453.csv,22684739,50000,40,orc+snappy,6869628,3.3022,384.88,1023.78
data_permit_applications_ryhf-m453.csv,22684739,50000,40,orc+zlib,4905310,4.6245,177.26,503.2
data_permit_applications_ryhf-m453.csv,22684739,50000,40,orc+zstd,4643406,4.8854,327.77,846.26
data_permit_applications_ryhf-m453.csv,22684739,50000,40,parquet+brotli,2889975,7.8495,2.72,602.68
data_permit_applications_ryhf-m453.csv,22684739,50000,40,parquet+gzip,3260770,6.9569,97.35,701.57
data_permit_applications_ryhf-m453.csv,22684739,50000,40,parquet+snappy,4559105,4.9757,546.77,506.78
data_permit_applications_ryhf-m453.csv,22684739,50000,40,parquet+zstd,2963891,7.6537,28.22,1044.79
data_permit_applications_ryhf-m453.csv,22684739,50000,40,polypress,1728662,13.1227,10.87,163.51
data_permit_applications_ryhf-m453.csv,22684739,50000,40,polypress+brotli,1767650,12.8333,,
data_permit_applications_ryhf-m453.csv,22684739,50000,40,polypress+zstd,1894328,11.9751,,
data_permit_applications_ryhf-m453.csv,22684739,50000,40,xz -9e,2170364,10.452,3.67,253.84
data_permit_applications_ryhf-m453.csv,22684739,50000,40,zip -9,5750035,3.9451,24.4,230.16
data_permit_applications_ryhf-m453.csv,22684739,50000,40,zstd -19,2299155,9.8666,3.88,1121.79
data_permit_applications_ryhf-m453.csv,22684739,50000,40,zstd -22,2255885,10.0558,3.09,1094.23
data_permit_applications_ryhf-m453.csv,22684739,50000,40,zstd -3,4099361,5.5337,210.21,819.06
datos_código_único_de_medicamentos_vencidos_vwwf-4ftk.csv,24069025,50000,29,7z lzma2 -mx9,709030,33.9464,14.59,807.54
datos_código_único_de_medicamentos_vencidos_vwwf-4ftk.csv,24069025,50000,29,7z ppmd o12,839346,28.6759,101.18,91.7
datos_código_único_de_medicamentos_vencidos_vwwf-4ftk.csv,24069025,50000,29,7z ppmd o16,740643,32.4975,87.23,81.57
datos_código_único_de_medicamentos_vencidos_vwwf-4ftk.csv,24069025,50000,29,7z ppmd o6,1232776,19.5242,114.59,100.53
datos_código_único_de_medicamentos_vencidos_vwwf-4ftk.csv,24069025,50000,29,brotli -q11,672312,35.8004,1.71,1185.95
datos_código_único_de_medicamentos_vencidos_vwwf-4ftk.csv,24069025,50000,29,bzip2 -9,1008995,23.8545,18.69,137.9
datos_código_único_de_medicamentos_vencidos_vwwf-4ftk.csv,24069025,50000,29,feather+lz4,5723962,4.205,2205.7,4431.06
datos_código_único_de_medicamentos_vencidos_vwwf-4ftk.csv,24069025,50000,29,feather+zstd,3488610,6.8993,1043.13,2057.87
datos_código_único_de_medicamentos_vencidos_vwwf-4ftk.csv,24069025,50000,29,gzip -9,1269338,18.9619,65.18,2234.21
datos_código_único_de_medicamentos_vencidos_vwwf-4ftk.csv,24069025,50000,29,lz4 -9,1499897,16.0471,198.21,1227.26
datos_código_único_de_medicamentos_vencidos_vwwf-4ftk.csv,24069025,50000,29,orc+snappy,2176783,11.0572,795.33,1786.33
datos_código_único_de_medicamentos_vencidos_vwwf-4ftk.csv,24069025,50000,29,orc+zlib,1366880,17.6087,464.56,1098.67
datos_código_único_de_medicamentos_vencidos_vwwf-4ftk.csv,24069025,50000,29,orc+zstd,1252110,19.2228,701.13,1585.66
datos_código_único_de_medicamentos_vencidos_vwwf-4ftk.csv,24069025,50000,29,parquet+brotli,858287,28.0431,8.8,1372.07
datos_código_único_de_medicamentos_vencidos_vwwf-4ftk.csv,24069025,50000,29,parquet+gzip,944481,25.4839,312.21,1486.76
datos_código_único_de_medicamentos_vencidos_vwwf-4ftk.csv,24069025,50000,29,parquet+snappy,1356072,17.7491,1026.26,649.02
datos_código_único_de_medicamentos_vencidos_vwwf-4ftk.csv,24069025,50000,29,parquet+zstd,863412,27.8766,69.89,1963.18
datos_código_único_de_medicamentos_vencidos_vwwf-4ftk.csv,24069025,50000,29,polypress,425110,56.6183,26.26,290.84
datos_código_único_de_medicamentos_vencidos_vwwf-4ftk.csv,24069025,50000,29,polypress+brotli,434808,55.3555,,
datos_código_único_de_medicamentos_vencidos_vwwf-4ftk.csv,24069025,50000,29,polypress+zstd,488765,49.2446,,
datos_código_único_de_medicamentos_vencidos_vwwf-4ftk.csv,24069025,50000,29,xz -9e,649220,37.0738,4.8,505.59
datos_código_único_de_medicamentos_vencidos_vwwf-4ftk.csv,24069025,50000,29,zip -9,1269668,18.9569,62.72,403.2
datos_código_único_de_medicamentos_vencidos_vwwf-4ftk.csv,24069025,50000,29,zstd -19,741083,32.4782,6.16,1696.66
datos_código_único_de_medicamentos_vencidos_vwwf-4ftk.csv,24069025,50000,29,zstd -22,696965,34.5341,1.42,1675.76
datos_código_único_de_medicamentos_vencidos_vwwf-4ftk.csv,24069025,50000,29,zstd -3,1118990,21.5096,226.37,1569.54
datos_código_único_de_medicamentos_otros_estad_spzp-dfuc.csv,24253871,50000,29,7z lzma2 -mx9,1260973,19.2343,5.7,640.4
datos_código_único_de_medicamentos_otros_estad_spzp-dfuc.csv,24253871,50000,29,7z ppmd o12,1394972,17.3866,52.24,49.13
datos_código_único_de_medicamentos_otros_estad_spzp-dfuc.csv,24253871,50000,29,7z ppmd o16,1190540,20.3722,42.73,38.99
datos_código_único_de_medicamentos_otros_estad_spzp-dfuc.csv,24253871,50000,29,7z ppmd o6,2111986,11.4839,71.31,62.91
datos_código_único_de_medicamentos_otros_estad_spzp-dfuc.csv,24253871,50000,29,brotli -q11,1197295,20.2572,1.14,961.6
datos_código_único_de_medicamentos_otros_estad_spzp-dfuc.csv,24253871,50000,29,bzip2 -9,3112103,7.7934,20.7,72.72
datos_código_único_de_medicamentos_otros_estad_spzp-dfuc.csv,24253871,50000,29,feather+lz4,12234346,1.9824,759.83,2723.28
datos_código_único_de_medicamentos_otros_estad_spzp-dfuc.csv,24253871,50000,29,feather+zstd,7453962,3.2538,461.68,1087.99
datos_código_único_de_medicamentos_otros_estad_spzp-dfuc.csv,24253871,50000,29,gzip -9,5721839,4.2388,18.7,985.84
datos_código_único_de_medicamentos_otros_estad_spzp-dfuc.csv,24253871,50000,29,lz4 -9,6137909,3.9515,121.41,623.38
datos_código_único_de_medicamentos_otros_estad_spzp-dfuc.csv,24253871,50000,29,orc+snappy,7337023,3.3057,437.33,1165.27
datos_código_único_de_medicamentos_otros_estad_spzp-dfuc.csv,24253871,50000,29,orc+zlib,5316221,4.5622,178.17,511.48
datos_código_único_de_medicamentos_otros_estad_spzp-dfuc.csv,24253871,50000,29,orc+zstd,5091076,4.764,341.41,863.93
datos_código_único_de_medicamentos_otros_estad_spzp-dfuc.csv,24253871,50000,29,parquet+brotli,2127628,11.3995,2.89,740.55
datos_código_único_de_medicamentos_otros_estad_spzp-dfuc.csv,24253871,50000,29,parquet+gzip,2619442,9.2592,122.78,804.31
datos_código_único_de_medicamentos_otros_estad_spzp-dfuc.csv,24253871,50000,29,parquet+snappy,3762453,6.4463,712.28,551.04
datos_código_único_de_medicamentos_otros_estad_spzp-dfuc.csv,24253871,50000,29,parquet+zstd,2178362,11.134,23.25,1285.92
datos_código_único_de_medicamentos_otros_estad_spzp-dfuc.csv,24253871,50000,29,polypress,914254,26.5286,20.86,216.38
datos_código_único_de_medicamentos_otros_estad_spzp-dfuc.csv,24253871,50000,29,polypress+brotli,930899,26.0542,,
datos_código_único_de_medicamentos_otros_estad_spzp-dfuc.csv,24253871,50000,29,polypress+zstd,1027255,23.6104,,
datos_código_único_de_medicamentos_otros_estad_spzp-dfuc.csv,24253871,50000,29,xz -9e,1131588,21.4335,3.98,409.4
datos_código_único_de_medicamentos_otros_estad_spzp-dfuc.csv,24253871,50000,29,zip -9,5714539,4.2442,18.48,243.02
datos_código_único_de_medicamentos_otros_estad_spzp-dfuc.csv,24253871,50000,29,zstd -19,1360094,17.8325,3.87,1467.98
datos_código_único_de_medicamentos_otros_estad_spzp-dfuc.csv,24253871,50000,29,zstd -22,1174236,20.655,2.21,1454.17
datos_código_único_de_medicamentos_otros_estad_spzp-dfuc.csv,24253871,50000,29,zstd -3,3762059,6.447,214.45,920.48
datos_código_único_de_medicamentos_vigentes_i7cb-raxc.csv,24314858,50000,29,7z lzma2 -mx9,1343715,18.0952,5.52,528.47
datos_código_único_de_medicamentos_vigentes_i7cb-raxc.csv,24314858,50000,29,7z ppmd o12,1426594,17.044,50.83,48.39
datos_código_único_de_medicamentos_vigentes_i7cb-raxc.csv,24314858,50000,29,7z ppmd o16,1246321,19.5093,40.45,38.48
datos_código_único_de_medicamentos_vigentes_i7cb-raxc.csv,24314858,50000,29,7z ppmd o6,2112088,11.5122,69.56,62.55
datos_código_único_de_medicamentos_vigentes_i7cb-raxc.csv,24314858,50000,29,brotli -q11,1248641,19.4731,1.1,934.65
datos_código_único_de_medicamentos_vigentes_i7cb-raxc.csv,24314858,50000,29,bzip2 -9,3120611,7.7917,20.9,73.05
datos_código_único_de_medicamentos_vigentes_i7cb-raxc.csv,24314858,50000,29,feather+lz4,12092410,2.0108,734.55,2753.05
datos_código_único_de_medicamentos_vigentes_i7cb-raxc.csv,24314858,50000,29,feather+zstd,7394218,3.2884,458.42,1063.23
datos_código_único_de_medicamentos_vigentes_i7cb-raxc.csv,24314858,50000,29,gzip -9,5796196,4.195,21.56,999.05
datos_código_único_de_medicamentos_vigentes_i7cb-raxc.csv,24314858,50000,29,lz4 -9,6218332,3.9102,117.95,613.67
datos_código_único_de_medicamentos_vigentes_i7cb-raxc.csv,24314858,50000,29,orc+snappy,7448539,3.2644,435.32,1162.62
datos_código_único_de_medicamentos_vigentes_i7cb-raxc.csv,24314858,50000,29,orc+zlib,5379856,4.5196,178.08,509.79
datos_código_único_de_medicamentos_vigentes_i7cb-raxc.csv,24314858,50000,29,orc+zstd,5171284,4.7019,340.85,869.85
datos_código_único_de_medicamentos_vigentes_i7cb-raxc.csv,24314858,50000,29,parquet+brotli,2189144,11.107,2.66,771.95
datos_código_único_de_medicamentos_vigentes_i7cb-raxc.csv,24314858,50000,29,parquet+gzip,2797960,8.6902,109.83,799.62
datos_código_único_de_medicamentos_vigentes_i7cb-raxc.csv,24314858,50000,29,parquet+snappy,4148927,5.8605,694.22,559.14
datos_código_único_de_medicamentos_vigentes_i7cb-raxc.csv,24314858,50000,29,parquet+zstd,2238127,10.8639,18.85,1314.23
datos_código_único_de_medicamentos_vigentes_i7cb-raxc.csv,24314858,50000,29,polypress,1015727,23.9384,10.59,225.25
datos_código_único_de_medicamentos_vigentes_i7cb-raxc.csv,24314858,50000,29,polypress+brotli,1032839,23.5418,,
datos_código_único_de_medicamentos_vigentes_i7cb-raxc.csv,24314858,50000,29,polypress+zstd,1124160,21.6294,,
datos_código_único_de_medicamentos_vigentes_i7cb-raxc.csv,24314858,50000,29,xz -9e,1206216,20.158,3.84,394.74
datos_código_único_de_medicamentos_vigentes_i7cb-raxc.csv,24314858,50000,29,zip -9,5789421,4.1999,21.28,240.77
datos_código_único_de_medicamentos_vigentes_i7cb-raxc.csv,24314858,50000,29,zstd -19,1434395,16.9513,3.75,1425.93
datos_código_único_de_medicamentos_vigentes_i7cb-raxc.csv,24314858,50000,29,zstd -22,1254250,19.386,2.34,1446.89
datos_código_único_de_medicamentos_vigentes_i7cb-raxc.csv,24314858,50000,29,zstd -3,3866189,6.2891,216.72,913.2
data_dob_permit_issuance_ipu4-2q9a.csv,25439515,50000,60,7z lzma2 -mx9,3563118,7.1397,3.45,271.7
data_dob_permit_issuance_ipu4-2q9a.csv,25439515,50000,60,7z ppmd o12,2985408,8.5213,18.22,16.78
data_dob_permit_issuance_ipu4-2q9a.csv,25439515,50000,60,7z ppmd o16,3013997,8.4405,15.59,14.76
data_dob_permit_issuance_ipu4-2q9a.csv,25439515,50000,60,7z ppmd o6,3769157,6.7494,42.48,40.92
data_dob_permit_issuance_ipu4-2q9a.csv,25439515,50000,60,brotli -q11,3464832,7.3422,0.95,474.73
data_dob_permit_issuance_ipu4-2q9a.csv,25439515,50000,60,bzip2 -9,4628577,5.4962,21.64,67.87
data_dob_permit_issuance_ipu4-2q9a.csv,25439515,50000,60,feather+lz4,16352194,1.5557,653.75,2078.08
data_dob_permit_issuance_ipu4-2q9a.csv,25439515,50000,60,feather+zstd,9856130,2.5811,346.76,830.02
data_dob_permit_issuance_ipu4-2q9a.csv,25439515,50000,60,gzip -9,7003402,3.6325,9.13,861.24
data_dob_permit_issuance_ipu4-2q9a.csv,25439515,50000,60,lz4 -9,7850061,3.2407,95.39,535.44
data_dob_permit_issuance_ipu4-2q9a.csv,25439515,50000,60,orc+snappy,8524032,2.9844,315.65,861.05
data_dob_permit_issuance_ipu4-2q9a.csv,25439515,50000,60,orc+zlib,6175887,4.1192,141.79,441.67
data_dob_permit_issuance_ipu4-2q9a.csv,25439515,50000,60,orc+zstd,5997188,4.2419,272.44,718.75
data_dob_permit_issuance_ipu4-2q9a.csv,25439515,50000,60,parquet+brotli,4597000,5.5339,1.65,436.43
data_dob_permit_issuance_ipu4-2q9a.csv,25439515,50000,60,parquet+gzip,5223501,4.8702,72.42,538.45
data_dob_permit_issuance_ipu4-2q9a.csv,25439515,50000,60,parquet+snappy,6798764,3.7418,379.7,474.78
data_dob_permit_issuance_ipu4-2q9a.csv,25439515,50000,60,parquet+zstd,4813416,5.2851,24.51,777.99
data_dob_permit_issuance_ipu4-2q9a.csv,25439515,50000,60,polypress,3048967,8.3437,8.63,113.88
data_dob_permit_issuance_ipu4-2q9a.csv,25439515,50000,60,polypress+brotli,3114060,8.1692,,
data_dob_permit_issuance_ipu4-2q9a.csv,25439515,50000,60,polypress+zstd,3362889,7.5648,,
data_dob_permit_issuance_ipu4-2q9a.csv,25439515,50000,60,xz -9e,3478304,7.3138,3.03,180.82
data_dob_permit_issuance_ipu4-2q9a.csv,25439515,50000,60,zip -9,7010489,3.6288,9.06,225.42
data_dob_permit_issuance_ipu4-2q9a.csv,25439515,50000,60,zstd -19,3809319,6.6782,3.52,932.5
data_dob_permit_issuance_ipu4-2q9a.csv,25439515,50000,60,zstd -22,3627101,7.0137,2.99,943.31
data_dob_permit_issuance_ipu4-2q9a.csv,25439515,50000,60,zstd -3,6381145,3.9867,198.95,669.76
data_covid_19_vaccinations_in_the_united_stat_8xkx-amqh.csv,26249178,50000,80,7z lzma2 -mx9,2363489,11.1061,2.97,301.98
data_covid_19_vaccinations_in_the_united_stat_8xkx-amqh.csv,26249178,50000,80,7z ppmd o12,3924859,6.6879,12.02,11.42
data_covid_19_vaccinations_in_the_united_stat_8xkx-amqh.csv,26249178,50000,80,7z ppmd o16,3746702,7.0059,12.58,11.84
data_covid_19_vaccinations_in_the_united_stat_8xkx-amqh.csv,26249178,50000,80,7z ppmd o6,5210239,5.038,57.63,51.48
data_covid_19_vaccinations_in_the_united_stat_8xkx-amqh.csv,26249178,50000,80,brotli -q11,2327493,11.2779,0.84,579.5
data_covid_19_vaccinations_in_the_united_stat_8xkx-amqh.csv,26249178,50000,80,bzip2 -9,5502168,4.7707,20.77,64.97
data_covid_19_vaccinations_in_the_united_stat_8xkx-amqh.csv,26249178,50000,80,feather+lz4,15064234,1.7425,480.16,1676.52
data_covid_19_vaccinations_in_the_united_stat_8xkx-amqh.csv,26249178,50000,80,feather+zstd,8474858,3.0973,301.72,548.51
data_covid_19_vaccinations_in_the_united_stat_8xkx-amqh.csv,26249178,50000,80,gzip -9,7508904,3.4957,3.19,858.85
data_covid_19_vaccinations_in_the_united_stat_8xkx-amqh.csv,26249178,50000,80,lz4 -9,9235400,2.8422,69.7,501.23
data_covid_19_vaccinations_in_the_united_stat_8xkx-amqh.csv,26249178,50000,80,orc+snappy,8374509,3.1344,287.72,984.15
data_covid_19_vaccinations_in_the_united_stat_8xkx-amqh.csv,26249178,50000,80,orc+zlib,6879835,3.8154,131.28,528.95
data_covid_19_vaccinations_in_the_united_stat_8xkx-amqh.csv,26249178,50000,80,orc+zstd,6731796,3.8993,251.6,761.48
data_covid_19_vaccinations_in_the_united_stat_8xkx-amqh.csv,26249178,50000,80,parquet+brotli,6189558,4.2409,1.5,439.48
data_covid_19_vaccinations_in_the_united_stat_8xkx-amqh.csv,26249178,50000,80,parquet+gzip,6326490,4.1491,75.77,862.04
data_covid_19_vaccinations_in_the_united_stat_8xkx-amqh.csv,26249178,50000,80,parquet+snappy,7264366,3.6134,450.56,651.31
data_covid_19_vaccinations_in_the_united_stat_8xkx-amqh.csv,26249178,50000,80,parquet+zstd,6145737,4.2711,30.15,1509.44
data_covid_19_vaccinations_in_the_united_stat_8xkx-amqh.csv,26249178,50000,80,polypress,3773220,6.9567,6.56,97.17
data_covid_19_vaccinations_in_the_united_stat_8xkx-amqh.csv,26249178,50000,80,polypress+brotli,3970628,6.6108,,
data_covid_19_vaccinations_in_the_united_stat_8xkx-amqh.csv,26249178,50000,80,polypress+zstd,4466164,5.8773,,
data_covid_19_vaccinations_in_the_united_stat_8xkx-amqh.csv,26249178,50000,80,xz -9e,2266644,11.5806,2.54,207.45
data_covid_19_vaccinations_in_the_united_stat_8xkx-amqh.csv,26249178,50000,80,zip -9,7501842,3.499,3.2,229.71
data_covid_19_vaccinations_in_the_united_stat_8xkx-amqh.csv,26249178,50000,80,zstd -19,2679580,9.796,2.98,1119.37
data_covid_19_vaccinations_in_the_united_stat_8xkx-amqh.csv,26249178,50000,80,zstd -22,2684052,9.7797,2.27,1103.8
data_covid_19_vaccinations_in_the_united_stat_8xkx-amqh.csv,26249178,50000,80,zstd -3,6915387,3.7958,200.94,647.38
data_vaccines_gov_covid_19_vaccinating_provid_5jp2-pgaw.csv,15999701,27903,34,7z lzma2 -mx9,1169235,13.6839,9.68,409.66
data_vaccines_gov_covid_19_vaccinating_provid_5jp2-pgaw.csv,15999701,27903,34,7z ppmd o12,1023280,15.6357,48.47,44.26
data_vaccines_gov_covid_19_vaccinating_provid_5jp2-pgaw.csv,15999701,27903,34,7z ppmd o16,992208,16.1253,42.25,40.01
data_vaccines_gov_covid_19_vaccinating_provid_5jp2-pgaw.csv,15999701,27903,34,7z ppmd o6,1279017,12.5094,62.95,59.7
data_vaccines_gov_covid_19_vaccinating_provid_5jp2-pgaw.csv,15999701,27903,34,brotli -q11,1121741,14.2633,1.28,693.47
data_vaccines_gov_covid_19_vaccinating_provid_5jp2-pgaw.csv,15999701,27903,34,bzip2 -9,1606931,9.9567,15.67,84.46
data_vaccines_gov_covid_19_vaccinating_provid_5jp2-pgaw.csv,15999701,27903,34,feather+lz4,5763546,2.776,1222.76,3497.19
data_vaccines_gov_covid_19_vaccinating_provid_5jp2-pgaw.csv,15999701,27903,34,feather+zstd,3447050,4.6416,616.87,1437.15
data_vaccines_gov_covid_19_vaccinating_provid_5jp2-pgaw.csv,15999701,27903,34,gzip -9,2535673,6.3098,37.91,1240.94
data_vaccines_gov_covid_19_vaccinating_provid_5jp2-pgaw.csv,15999701,27903,34,lz4 -9,2901393,5.5145,154.21,696.67
data_vaccines_gov_covid_19_vaccinating_provid_5jp2-pgaw.csv,15999701,27903,34,orc+snappy,3647485,4.3865,636.42,1527.26
data_vaccines_gov_covid_19_vaccinating_provid_5jp2-pgaw.csv,15999701,27903,34,orc+zlib,2302570,6.9486,275.75,746.88
data_vaccines_gov_covid_19_vaccinating_provid_5jp2-pgaw.csv,15999701,27903,34,orc+zstd,2150000,7.4417,502.0,1206.08
data_vaccines_gov_covid_19_vaccinating_provid_5jp2-pgaw.csv,15999701,27903,34,parquet+brotli,1521748,10.514,3.46,748.25
data_vaccines_gov_covid_19_vaccinating_provid_5jp2-pgaw.csv,15999701,27903,34,parquet+gzip,1716265,9.3224,144.02,941.77
data_vaccines_gov_covid_19_vaccinating_provid_5jp2-pgaw.csv,15999701,27903,34,parquet+snappy,2362975,6.771,738.77,864.84
data_vaccines_gov_covid_19_vaccinating_provid_5jp2-pgaw.csv,15999701,27903,34,parquet+zstd,1580420,10.1237,37.35,1467.22
data_vaccines_gov_covid_19_vaccinating_provid_5jp2-pgaw.csv,15999701,27903,34,polypress,931386,17.1784,14.91,202.01
data_vaccines_gov_covid_19_vaccinating_provid_5jp2-pgaw.csv,15999701,27903,34,polypress+brotli,943517,16.9575,,
data_vaccines_gov_covid_19_vaccinating_provid_5jp2-pgaw.csv,15999701,27903,34,polypress+zstd,1005333,15.9148,,
data_vaccines_gov_covid_19_vaccinating_provid_5jp2-pgaw.csv,15999701,27903,34,xz -9e,1122984,14.2475,6.09,270.89
data_vaccines_gov_covid_19_vaccinating_provid_5jp2-pgaw.csv,15999701,27903,34,zip -9,2555158,6.2617,36.71,286.88
data_vaccines_gov_covid_19_vaccinating_provid_5jp2-pgaw.csv,15999701,27903,34,zstd -19,1219727,13.1174,6.51,1193.72
data_vaccines_gov_covid_19_vaccinating_provid_5jp2-pgaw.csv,15999701,27903,34,zstd -22,1180251,13.5562,2.56,1160.25
data_vaccines_gov_covid_19_vaccinating_provid_5jp2-pgaw.csv,15999701,27903,34,zstd -3,1753501,9.1244,212.35,1022.22
data_solar_electric_programs_reported_by_nyse_3x8r-34rs.csv,15999396,27139,50,7z lzma2 -mx9,983806,16.2628,6.63,491.94
data_solar_electric_programs_reported_by_nyse_3x8r-34rs.csv,15999396,27139,50,7z ppmd o12,762924,20.9712,66.49,60.35
data_solar_electric_programs_reported_by_nyse_3x8r-34rs.csv,15999396,27139,50,7z ppmd o16,721763,22.1671,51.71,55.74
data_solar_electric_programs_reported_by_nyse_3x8r-34rs.csv,15999396,27139,50,7z ppmd o6,1021301,15.6657,90.02,82.33
data_solar_electric_programs_reported_by_nyse_3x8r-34rs.csv,15999396,27139,50,brotli -q11,875394,18.2768,0.97,779.47
data_solar_electric_programs_reported_by_nyse_3x8r-34rs.csv,15999396,27139,50,bzip2 -9,1106648,14.4575,16.12,83.64
data_solar_electric_programs_reported_by_nyse_3x8r-34rs.csv,15999396,27139,50,feather+lz4,5349234,2.991,1193.53,2942.74
data_solar_electric_programs_reported_by_nyse_3x8r-34rs.csv,15999396,27139,50,feather+zstd,3208066,4.9872,624.95,1244.72
data_solar_electric_programs_reported_by_nyse_3x8r-34rs.csv,15999396,27139,50,gzip -9,2212654,7.2309,25.52,1332.82
data_solar_electric_programs_reported_by_nyse_3x8r-34rs.csv,15999396,27139,50,lz4 -9,2358725,6.7831,138.89,773.11
data_solar_electric_programs_reported_by_nyse_3x8r-34rs.csv,15999396,27139,50,orc+snappy,2645086,6.0487,499.03,1314.55
data_solar_electric_programs_reported_by_nyse_3x8r-34rs.csv,15999396,27139,50,orc+zlib,1749250,9.1464,273.98,797.25
data_solar_electric_programs_reported_by_nyse_3x8r-34rs.csv,15999396,27139,50,orc+zstd,1693747,9.4462,433.33,1103.78
data_solar_electric_programs_reported_by_nyse_3x8r-34rs.csv,15999396,27139,50,parquet+brotli,1067621,14.986,5.92,917.72
data_solar_electric_programs_reported_by_nyse_3x8r-34rs.csv,15999396,27139,50,parquet+gzip,1171468,13.6576,224.38,1138.32
data_solar_electric_programs_reported_by_nyse_3x8r-34rs.csv,15999396,27139,50,parquet+snappy,1447452,11.0535,720.5,408.17
data_solar_electric_programs_reported_by_nyse_3x8r-34rs.csv,15999396,27139,50,parquet+zstd,1116120,14.3348,76.0,1554.97
data_solar_electric_programs_reported_by_nyse_3x8r-34rs.csv,15999396,27139,50,polypress,579952,27.5874,16.0,203.56
data_solar_electric_programs_reported_by_nyse_3x8r-34rs.csv,15999396,27139,50,polypress+brotli,599607,26.6831,,
data_solar_electric_programs_reported_by_nyse_3x8r-34rs.csv,15999396,27139,50,polypress+zstd,671480,23.8271,,
data_solar_electric_programs_reported_by_nyse_3x8r-34rs.csv,15999396,27139,50,xz -9e,852312,18.7718,3.65,325.69
data_solar_electric_programs_reported_by_nyse_3x8r-34rs.csv,15999396,27139,50,zip -9,2226306,7.1865,24.83,288.98
data_solar_electric_programs_reported_by_nyse_3x8r-34rs.csv,15999396,27139,50,zstd -19,905079,17.6773,3.46,1298.12
data_solar_electric_programs_reported_by_nyse_3x8r-34rs.csv,15999396,27139,50,zstd -22,901234,17.7528,3.18,1256.44
data_solar_electric_programs_reported_by_nyse_3x8r-34rs.csv,15999396,27139,50,zstd -3,1635080,9.7851,210.7,1032.42
data_food_inspections_4ijn-s7e5.csv,15999687,15777,17,7z lzma2 -mx9,1527194,10.4765,5.37,404.58
data_food_inspections_4ijn-s7e5.csv,15999687,15777,17,7z ppmd o12,1241692,12.8854,34.01,31.46
data_food_inspections_4ijn-s7e5.csv,15999687,15777,17,7z ppmd o16,1182216,13.5336,27.21,25.35
data_food_inspections_4ijn-s7e5.csv,15999687,15777,17,7z ppmd o6,1608683,9.9458,55.14,53.42
data_food_inspections_4ijn-s7e5.csv,15999687,15777,17,brotli -q11,1441212,11.1015,1.0,631.37
data_food_inspections_4ijn-s7e5.csv,15999687,15777,17,bzip2 -9,2083020,7.681,21.33,73.33
data_food_inspections_4ijn-s7e5.csv,15999687,15777,17,gzip -9,3524326,4.5398,47.55,964.36
data_food_inspections_4ijn-s7e5.csv,15999687,15777,17,lz4 -9,3800789,4.2096,124.58,572.03
data_food_inspections_4ijn-s7e5.csv,15999687,15777,17,polypress,1292158,12.3821,3.64,239.17
data_food_inspections_4ijn-s7e5.csv,15999687,15777,17,polypress+brotli,1296976,12.3361,,
data_food_inspections_4ijn-s7e5.csv,15999687,15777,17,polypress+zstd,1329859,12.0311,,
data_food_inspections_4ijn-s7e5.csv,15999687,15777,17,xz -9e,1438504,11.1224,3.66,267.7
data_food_inspections_4ijn-s7e5.csv,15999687,15777,17,zip -9,3520878,4.5442,46.18,245.78
data_food_inspections_4ijn-s7e5.csv,15999687,15777,17,zstd -19,1523389,10.5027,3.75,1056.71
data_food_inspections_4ijn-s7e5.csv,15999687,15777,17,zstd -22,1485492,10.7706,2.97,1052.67
data_food_inspections_4ijn-s7e5.csv,15999687,15777,17,zstd -3,2712645,5.8982,196.15,789.2
datos_secop_ii_contratos_electrónicos_jbjy-vk9h.csv,15999971,8931,85,7z lzma2 -mx9,1584091,10.1004,5.78,371.75
datos_secop_ii_contratos_electrónicos_jbjy-vk9h.csv,15999971,8931,85,7z ppmd o12,1262183,12.6764,34.29,31.69
datos_secop_ii_contratos_electrónicos_jbjy-vk9h.csv,15999971,8931,85,7z ppmd o16,1216043,13.1574,27.87,26.44
datos_secop_ii_contratos_electrónicos_jbjy-vk9h.csv,15999971,8931,85,7z ppmd o6,1584532,10.0976,54.8,52.04
datos_secop_ii_contratos_electrónicos_jbjy-vk9h.csv,15999971,8931,85,brotli -q11,1501196,10.6581,1.02,605.35
datos_secop_ii_contratos_electrónicos_jbjy-vk9h.csv,15999971,8931,85,bzip2 -9,2018583,7.9263,18.67,80.06
datos_secop_ii_contratos_electrónicos_jbjy-vk9h.csv,15999971,8931,85,gzip -9,3095715,5.1684,37.08,1054.72
datos_secop_ii_contratos_electrónicos_jbjy-vk9h.csv,15999971,8931,85,lz4 -9,3391124,4.7182,132.13,623.2
datos_secop_ii_contratos_electrónicos_jbjy-vk9h.csv,15999971,8931,85,polypress,1217032,13.1467,6.14,193.69
datos_secop_ii_contratos_electrónicos_jbjy-vk9h.csv,15999971,8931,85,polypress+brotli,1241971,12.8827,,
datos_secop_ii_contratos_electrónicos_jbjy-vk9h.csv,15999971,8931,85,polypress+zstd,1324164,12.0831,,
datos_secop_ii_contratos_electrónicos_jbjy-vk9h.csv,15999971,8931,85,xz -9e,1491456,10.7278,3.96,244.53
datos_secop_ii_contratos_electrónicos_jbjy-vk9h.csv,15999971,8931,85,zip -9,3120952,5.1266,35.48,255.06
datos_secop_ii_contratos_electrónicos_jbjy-vk9h.csv,15999971,8931,85,zstd -19,1579621,10.129,3.94,1053.94
datos_secop_ii_contratos_electrónicos_jbjy-vk9h.csv,15999971,8931,85,zstd -22,1553654,10.2983,3.11,1045.06
datos_secop_ii_contratos_electrónicos_jbjy-vk9h.csv,15999971,8931,85,zstd -3,2604348,6.1436,196.73,831.13
datos_secop_ii_procesos_de_contratación_p6dx-8zbt.csv,15999654,13979,59,7z lzma2 -mx9,1495160,10.701,6.04,385.84
datos_secop_ii_procesos_de_contratación_p6dx-8zbt.csv,15999654,13979,59,7z ppmd o12,1225900,13.0514,35.74,33.22
datos_secop_ii_procesos_de_contratación_p6dx-8zbt.csv,15999654,13979,59,7z ppmd o16,1193627,13.4042,29.27,27.76
datos_secop_ii_procesos_de_contratación_p6dx-8zbt.csv,15999654,13979,59,7z ppmd o6,1516881,10.5477,57.74,53.15
datos_secop_ii_procesos_de_contratación_p6dx-8zbt.csv,15999654,13979,59,brotli -q11,1444424,11.0768,1.12,611.95
datos_secop_ii_procesos_de_contratación_p6dx-8zbt.csv,15999654,13979,59,bzip2 -9,1933878,8.2734,17.92,76.73
datos_secop_ii_procesos_de_contratación_p6dx-8zbt.csv,15999654,13979,59,gzip -9,3090070,5.1778,35.75,1080.63
datos_secop_ii_procesos_de_contratación_p6dx-8zbt.csv,15999654,13979,59,lz4 -9,3362030,4.7589,135.65,622.21
datos_secop_ii_procesos_de_contratación_p6dx-8zbt.csv,15999654,13979,59,polypress,1159964,13.7932,5.36,194.83
datos_secop_ii_procesos_de_contratación_p6dx-8zbt.csv,15999654,13979,59,polypress+brotli,1171870,13.6531,,
datos_secop_ii_procesos_de_contratación_p6dx-8zbt.csv,15999654,13979,59,polypress+zstd,1228675,13.0219,,
datos_secop_ii_procesos_de_contratación_p6dx-8zbt.csv,15999654,13979,59,xz -9e,1439892,11.1117,4.35,253.18
datos_secop_ii_procesos_de_contratación_p6dx-8zbt.csv,15999654,13979,59,zip -9,3113888,5.1382,34.62,257.53
datos_secop_ii_procesos_de_contratación_p6dx-8zbt.csv,15999654,13979,59,zstd -19,1523008,10.5053,4.41,1074.82
datos_secop_ii_procesos_de_contratación_p6dx-8zbt.csv,15999654,13979,59,zstd -22,1495045,10.7018,2.99,1050.11
datos_secop_ii_procesos_de_contratación_p6dx-8zbt.csv,15999654,13979,59,zstd -3,2630581,6.0822,194.86,824.24
data_traffic_crashes_crashes_85ca-t3if.csv,15999450,25587,49,7z lzma2 -mx9,3067305,5.2161,4.72,180.99
data_traffic_crashes_crashes_85ca-t3if.csv,15999450,25587,49,7z ppmd o12,2689886,5.948,17.92,16.75
data_traffic_crashes_crashes_85ca-t3if.csv,15999450,25587,49,7z ppmd o16,2681840,5.9658,16.36,15.37
data_traffic_crashes_crashes_85ca-t3if.csv,15999450,25587,49,7z ppmd o6,2824043,5.6654,24.72,22.42
data_traffic_crashes_crashes_85ca-t3if.csv,15999450,25587,49,brotli -q11,2843474,5.6267,0.93,347.23
data_traffic_crashes_crashes_85ca-t3if.csv,15999450,25587,49,bzip2 -9,2942971,5.4365,17.85,73.99
data_traffic_crashes_crashes_85ca-t3if.csv,15999450,25587,49,feather+lz4,8465074,1.8901,1354.95,3041.04
data_traffic_crashes_crashes_85ca-t3if.csv,15999450,25587,49,feather+zstd,4723738,3.387,657.52,1278.83
data_traffic_crashes_crashes_85ca-t3if.csv,15999450,25587,49,gzip -9,4019647,3.9803,27.96,871.72
data_traffic_crashes_crashes_85ca-t3if.csv,15999450,25587,49,lz4 -9,5061492,3.161,117.22,511.13
data_traffic_crashes_crashes_85ca-t3if.csv,15999450,25587,49,orc+snappy,5780245,2.768,519.46,1356.1
data_traffic_crashes_crashes_85ca-t3if.csv,15999450,25587,49,orc+zlib,3660340,4.371,192.74,603.62
data_traffic_crashes_crashes_85ca-t3if.csv,15999450,25587,49,orc+zstd,3303202,4.8436,444.24,1128.77
data_traffic_crashes_crashes_85ca-t3if.csv,15999450,25587,49,parquet+brotli,3108149,5.1476,2.68,578.18
data_traffic_crashes_crashes_85ca-t3if.csv,15999450,25587,49,parquet+gzip,3527547,4.5356,83.41,652.57
data_traffic_crashes_crashes_85ca-t3if.csv,15999450,25587,49,parquet+snappy,5273619,3.0339,594.58,428.63
data_traffic_crashes_crashes_85ca-t3if.csv,15999450,25587,49,parquet+zstd,3115286,5.1358,30.77,1371.71
data_traffic_crashes_crashes_85ca-t3if.csv,15999450,25587,49,polypress,2680204,5.9695,4.58,98.35
data_traffic_crashes_crashes_85ca-t3if.csv,15999450,25587,49,polypress+brotli,2627273,6.0898,,
data_traffic_crashes_crashes_85ca-t3if.csv,15999450,25587,49,polypress+zstd,2721126,5.8797,,
data_traffic_crashes_crashes_85ca-t3if.csv,15999450,25587,49,xz -9e,2903152,5.5111,3.23,117.51
data_traffic_crashes_crashes_85ca-t3if.csv,15999450,25587,49,zip -9,4046986,3.9534,27.19,235.2
data_traffic_crashes_crashes_85ca-t3if.csv,15999450,25587,49,zstd -19,2945140,5.4325,3.46,776.18
data_traffic_crashes_crashes_85ca-t3if.csv,15999450,25587,49,zstd -22,2933232,5.4545,3.02,767.91
data_traffic_crashes_crashes_85ca-t3if.csv,15999450,25587,49,zstd -3,3951133,4.0493,188.86,637.91
data_building_permits_ydr8-5enu.csv,15999481,16317,116,7z lzma2 -mx9,1796334,8.9067,5.43,315.07
data_building_permits_ydr8-5enu.csv,15999481,16317,116,7z ppmd o12,1577690,10.1411,26.61,24.98
data_building_permits_ydr8-5enu.csv,15999481,16317,116,7z ppmd o16,1523083,10.5047,23.13,21.91
data_building_permits_ydr8-5enu.csv,15999481,16317,116,7z ppmd o6,1877836,8.5202,45.86,43.5
data_building_permits_ydr8-5enu.csv,15999481,16317,116,brotli -q11,1716978,9.3184,1.02,526.19
data_building_permits_ydr8-5enu.csv,15999481,16317,116,bzip2 -9,2254605,7.0964,20.99,77.36
data_building_permits_ydr8-5enu.csv,15999481,16317,116,feather+lz4,6965794,2.2969,694.06,1820.83
data_building_permits_ydr8-5enu.csv,15999481,16317,116,feather+zstd,4399394,3.6367,344.99,778.64
data_building_permits_ydr8-5enu.csv,15999481,16317,116,gzip -9,3360179,4.7615,20.32,997.93
data_building_permits_ydr8-5enu.csv,15999481,16317,116,lz4 -9,3748248,4.2685,120.48,559.6
data_building_permits_ydr8-5enu.csv,15999481,16317,116,orc+snappy,4446017,3.5986,353.67,939.76
data_building_permits_ydr8-5enu.csv,15999481,16317,116,orc+zlib,3173790,5.0411,171.78,500.88
data_building_permits_ydr8-5enu.csv,15999481,16317,116,orc+zstd,3021322,5.2955,290.69,769.5
data_building_permits_ydr8-5enu.csv,15999481,16317,116,parquet+brotli,2312145,6.9198,2.09,473.38
data_building_permits_ydr8-5enu.csv,15999481,16317,116,parquet+gzip,2679735,5.9705,81.33,558.04
data_building_permits_ydr8-5enu.csv,15999481,16317,116,parquet+snappy,3815524,4.1933,424.85,626.35
data_building_permits_ydr8-5enu.csv,15999481,16317,116,parquet+zstd,2385982,6.7056,16.72,845.15
data_building_permits_ydr8-5enu.csv,15999481,16317,116,polypress,1472858,10.8629,5.53,131.24
data_building_permits_ydr8-5enu.csv,15999481,16317,116,polypress+brotli,1483068,10.7881,,
data_building_permits_ydr8-5enu.csv,15999481,16317,116,polypress+zstd,1580396,10.1237,,
data_building_permits_ydr8-5enu.csv,15999481,16317,116,xz -9e,1712880,9.3407,3.98,208.94
data_building_permits_ydr8-5enu.csv,15999481,16317,116,zip -9,3365646,4.7538,19.98,252.49
data_building_permits_ydr8-5enu.csv,15999481,16317,116,zstd -19,1819573,8.793,4.2,978.6
data_building_permits_ydr8-5enu.csv,15999481,16317,116,zstd -22,1786388,8.9563,3.09,977.49
data_building_permits_ydr8-5enu.csv,15999481,16317,116,zstd -3,2825937,5.6617,191.98,788.31
data_building_permits_c2es-76ed.csv,15999434,21203,30,7z lzma2 -mx9,1922328,8.3229,4.71,270.69
data_building_permits_c2es-76ed.csv,15999434,21203,30,7z ppmd o12,1844527,8.674,22.69,21.02
data_building_permits_c2es-76ed.csv,15999434,21203,30,7z ppmd o16,1816477,8.8079,20.03,18.52
data_building_permits_c2es-76ed.csv,15999434,21203,30,7z ppmd o6,2086294,7.6688,45.07,41.76
data_building_permits_c2es-76ed.csv,15999434,21203,30,brotli -q11,1873821,8.5384,0.95,465.67
data_building_permits_c2es-76ed.csv,15999434,21203,30,bzip2 -9,2399143,6.6688,19.58,81.93
data_building_permits_c2es-76ed.csv,15999434,21203,30,feather+lz4,7154938,2.2361,939.76,3137.72
data_building_permits_c2es-76ed.csv,15999434,21203,30,feather+zstd,4400202,3.6361,523.06,1291.6
data_building_permits_c2es-76ed.csv,15999434,21203,30,gzip -9,3143160,5.0902,33.78,1058.11
data_building_permits_c2es-76ed.csv,15999434,21203,30,lz4 -9,3796889,4.2138,123.25,573.15
data_building_permits_c2es-76ed.csv,15999434,21203,30,orc+snappy,5197533,3.0783,517.98,1424.71
data_building_permits_c2es-76ed.csv,15999434,21203,30,orc+zlib,3586625,4.4609,206.59,601.42
data_building_permits_c2es-76ed.csv,15999434,21203,30,orc+zstd,3303890,4.8426,428.65,1107.68
data_building_permits_c2es-76ed.csv,15999434,21203,30,parquet+brotli,2602490,6.1477,1.68,525.22
data_building_permits_c2es-76ed.csv,15999434,21203,30,parquet+gzip,3197219,5.0042,67.72,647.49
data_building_permits_c2es-76ed.csv,15999434,21203,30,parquet+snappy,4878743,3.2794,574.59,409.7
data_building_permits_c2es-76ed.csv,15999434,21203,30,parquet+zstd,2731651,5.8571,13.08,1178.15
data_building_permits_c2es-76ed.csv,15999434,21203,30,polypress,1556382,10.2799,5.36,148.33
data_building_permits_c2es-76ed.csv,15999434,21203,30,polypress+brotli,1561402,10.2468,,
data_building_permits_c2es-76ed.csv,15999434,21203,30,polypress+zstd,1641087,9.7493,,
data_building_permits_c2es-76ed.csv,15999434,21203,30,xz -9e,1848340,8.6561,3.84,183.61
data_building_permits_c2es-76ed.csv,15999434,21203,30,zip -9,3141906,5.0923,32.89,263.31
data_building_permits_c2es-76ed.csv,15999434,21203,30,zstd -19,1984810,8.0609,3.99,927.67
data_building_permits_c2es-76ed.csv,15999434,21203,30,zstd -22,1967986,8.1299,3.45,929.43
data_building_permits_c2es-76ed.csv,15999434,21203,30,zstd -3,2971211,5.3848,189.56,756.76
data_dob_job_application_filings_ic3t-wcy2.csv,15999619,22979,95,7z lzma2 -mx9,2145480,7.4574,3.91,284.64
data_dob_job_application_filings_ic3t-wcy2.csv,15999619,22979,95,7z ppmd o12,1740481,9.1926,23.74,22.99
data_dob_job_application_filings_ic3t-wcy2.csv,15999619,22979,95,7z ppmd o16,1645220,9.7249,19.13,18.18
data_dob_job_application_filings_ic3t-wcy2.csv,15999619,22979,95,7z ppmd o6,2135295,7.4929,50.16,45.15
data_dob_job_application_filings_ic3t-wcy2.csv,15999619,22979,95,brotli -q11,2098458,7.6245,0.96,473.01
data_dob_job_application_filings_ic3t-wcy2.csv,15999619,22979,95,bzip2 -9,2475431,6.4634,21.29,75.29
data_dob_job_application_filings_ic3t-wcy2.csv,15999619,22979,95,feather+lz4,9018274,1.7741,656.21,1778.38
data_dob_job_application_filings_ic3t-wcy2.csv,15999619,22979,95,feather+zstd,5326218,3.0039,324.78,722.85
data_dob_job_application_filings_ic3t-wcy2.csv,15999619,22979,95,gzip -9,3902096,4.1003,10.19,900.12
data_dob_job_application_filings_ic3t-wcy2.csv,15999619,22979,95,lz4 -9,4322094,3.7018,91.33,527.51
data_dob_job_application_filings_ic3t-wcy2.csv,15999619,22979,95,orc+snappy,4544405,3.5207,292.0,827.28
data_dob_job_application_filings_ic3t-wcy2.csv,15999619,22979,95,orc+zlib,3360404,4.7612,144.1,458.78
data_dob_job_application_filings_ic3t-wcy2.csv,15999619,22979,95,orc+zstd,3291368,4.8611,252.1,699.7
data_dob_job_application_filings_ic3t-wcy2.csv,15999619,22979,95,parquet+brotli,2596748,6.1614,1.97,434.28
data_dob_job_application_filings_ic3t-wcy2.csv,15999619,22979,95,parquet+gzip,2969117,5.3887,72.43,525.65
data_dob_job_application_filings_ic3t-wcy2.csv,15999619,22979,95,parquet+snappy,4075663,3.9256,371.74,361.19
data_dob_job_application_filings_ic3t-wcy2.csv,15999619,22979,95,parquet+zstd,2696206,5.9341,18.01,766.97
data_dob_job_application_filings_ic3t-wcy2.csv,15999619,22979,95,polypress,1648504,9.7055,6.47,122.11
data_dob_job_application_filings_ic3t-wcy2.csv,15999619,22979,95,polypress+brotli,1679122,9.5286,,
data_dob_job_application_filings_ic3t-wcy2.csv,15999619,22979,95,polypress+zstd,1823584,8.7737,,
data_dob_job_application_filings_ic3t-wcy2.csv,15999619,22979,95,xz -9e,2099268,7.6215,3.42,190.09
data_dob_job_application_filings_ic3t-wcy2.csv,15999619,22979,95,zip -9,3919640,4.0819,10.08,228.52
data_dob_job_application_filings_ic3t-wcy2.csv,15999619,22979,95,zstd -19,2225428,7.1895,3.86,881.33
data_dob_job_application_filings_ic3t-wcy2.csv,15999619,22979,95,zstd -22,2195136,7.2887,3.32,895.79
data_dob_job_application_filings_ic3t-wcy2.csv,15999619,22979,95,zstd -3,3561925,4.4918,183.46,680.37
datos_secop_integrado_rpmr-utcd.csv,15999640,16150,22,7z lzma2 -mx9,935756,17.0981,9.62,512.76
datos_secop_integrado_rpmr-utcd.csv,15999640,16150,22,7z ppmd o12,837527,19.1034,55.61,50.84
datos_secop_integrado_rpmr-utcd.csv,15999640,16150,22,7z ppmd o16,795470,20.1134,45.86,42.78
datos_secop_integrado_rpmr-utcd.csv,15999640,16150,22,7z ppmd o6,1110008,14.414,77.22,71.73
datos_secop_integrado_rpmr-utcd.csv,15999640,16150,22,brotli -q11,885508,18.0683,1.42,810.89
datos_secop_integrado_rpmr-utcd.csv,15999640,16150,22,bzip2 -9,1131122,14.1449,18.78,108.86
datos_secop_integrado_rpmr-utcd.csv,15999640,16150,22,gzip -9,1479653,10.8131,79.56,1650.94
datos_secop_integrado_rpmr-utcd.csv,15999640,16150,22,lz4 -9,1693634,9.4469,160.09,896.53
datos_secop_integrado_rpmr-utcd.csv,15999640,16150,22,polypress,752897,21.2508,6.6,312.25
datos_secop_integrado_rpmr-utcd.csv,15999640,16150,22,polypress+brotli,773139,20.6944,,
datos_secop_integrado_rpmr-utcd.csv,15999640,16150,22,polypress+zstd,812766,19.6854,,
datos_secop_integrado_rpmr-utcd.csv,15999640,16150,22,xz -9e,878232,18.218,5.42,336.16
datos_secop_integrado_rpmr-utcd.csv,15999640,16150,22,zip -9,1482295,10.7938,75.46,341.95
datos_secop_integrado_rpmr-utcd.csv,15999640,16150,22,zstd -19,950018,16.8414,5.76,1278.43
datos_secop_integrado_rpmr-utcd.csv,15999640,16150,22,zstd -22,930076,17.2025,2.5,1284.57
datos_secop_integrado_rpmr-utcd.csv,15999640,16150,22,zstd -3,1382592,11.5722,209.37,1142.0
dallasopendata_police_incidents_qv6i-rri7.csv,15999141,15321,86,7z lzma2 -mx9,1474097,10.8535,4.88,340.68
dallasopendata_police_incidents_qv6i-rri7.csv,15999141,15321,86,7z ppmd o12,1312139,12.1932,33.6,31.63
dallasopendata_police_incidents_qv6i-rri7.csv,15999141,15321,86,7z ppmd o16,1276346,12.5351,26.69,25.09
dallasopendata_police_incidents_qv6i-rri7.csv,15999141,15321,86,7z ppmd o6,1637501,9.7705,61.19,54.49
dallasopendata_police_incidents_qv6i-rri7.csv,15999141,15321,86,brotli -q11,1431821,11.174,1.1,572.25
dallasopendata_police_incidents_qv6i-rri7.csv,15999141,15321,86,bzip2 -9,2050044,7.8043,21.68,84.24
dallasopendata_police_incidents_qv6i-rri7.csv,15999141,15321,86,gzip -9,3435601,4.6569,19.99,980.41
dallasopendata_police_incidents_qv6i-rri7.csv,15999141,15321,86,lz4 -9,3836938,4.1698,110.92,552.11
dallasopendata_police_incidents_qv6i-rri7.csv,15999141,15321,86,polypress,1046852,15.2831,5.8,163.8
dallasopendata_police_incidents_qv6i-rri7.csv,15999141,15321,86,polypress+brotli,1070151,14.9504,,
dallasopendata_police_incidents_qv6i-rri7.csv,15999141,15321,86,polypress+zstd,1171980,13.6514,,
dallasopendata_police_incidents_qv6i-rri7.csv,15999141,15321,86,xz -9e,1408276,11.3608,3.88,229.92
dallasopendata_police_incidents_qv6i-rri7.csv,15999141,15321,86,zip -9,3454576,4.6313,19.57,247.42
dallasopendata_police_incidents_qv6i-rri7.csv,15999141,15321,86,zstd -19,1523776,10.4997,4.13,1069.44
dallasopendata_police_incidents_qv6i-rri7.csv,15999141,15321,86,zstd -22,1506636,10.6191,3.02,1045.97
dallasopendata_police_incidents_qv6i-rri7.csv,15999141,15321,86,zstd -3,2702086,5.921,188.46,803.33
data_311_service_requests_from_2020_to_presen_erm2-nwe9.csv,15999892,19813,44,7z lzma2 -mx9,1026718,15.5835,7.98,448.0
data_311_service_requests_from_2020_to_presen_erm2-nwe9.csv,15999892,19813,44,7z ppmd o12,944143,16.9465,49.24,46.48
data_311_service_requests_from_2020_to_presen_erm2-nwe9.csv,15999892,19813,44,7z ppmd o16,876621,18.2518,42.45,38.96
data_311_service_requests_from_2020_to_presen_erm2-nwe9.csv,15999892,19813,44,7z ppmd o6,1210393,13.2188,74.44,69.09
data_311_service_requests_from_2020_to_presen_erm2-nwe9.csv,15999892,19813,44,brotli -q11,958155,16.6986,1.72,726.54
data_311_service_requests_from_2020_to_presen_erm2-nwe9.csv,15999892,19813,44,bzip2 -9,1390763,11.5044,18.63,92.37
data_311_service_requests_from_2020_to_presen_erm2-nwe9.csv,15999892,19813,44,feather+lz4,4881170,3.2779,1125.24,3194.88
data_311_service_requests_from_2020_to_presen_erm2-nwe9.csv,15999892,19813,44,feather+zstd,3055402,5.2366,592.01,1346.67
data_311_service_requests_from_2020_to_presen_erm2-nwe9.csv,15999892,19813,44,gzip -9,2288124,6.9926,48.22,1320.23
data_311_service_requests_from_2020_to_presen_erm2-nwe9.csv,15999892,19813,44,lz4 -9,2455559,6.5158,143.9,751.49
data_311_service_requests_from_2020_to_presen_erm2-nwe9.csv,15999892,19813,44,orc+snappy,3188058,5.0187,566.09,1439.48
data_311_service_requests_from_2020_to_presen_erm2-nwe9.csv,15999892,19813,44,orc+zlib,2197576,7.2807,255.6,720.78
data_311_service_requests_from_2020_to_presen_erm2-nwe9.csv,15999892,19813,44,orc+zstd,2052843,7.794,469.21,1193.21
data_311_service_requests_from_2020_to_presen_erm2-nwe9.csv,15999892,19813,44,parquet+brotli,1452919,11.0122,4.13,744.15
data_311_service_requests_from_2020_to_presen_erm2-nwe9.csv,15999892,19813,44,parquet+gzip,1610532,9.9345,146.45,1016.32
data_311_service_requests_from_2020_to_presen_erm2-nwe9.csv,15999892,19813,44,parquet+snappy,2110901,7.5797,739.91,429.1
data_311_service_requests_from_2020_to_presen_erm2-nwe9.csv,15999892,19813,44,parquet+zstd,1490598,10.7339,48.8,1426.41
data_311_service_requests_from_2020_to_presen_erm2-nwe9.csv,15999892,19813,44,polypress,683095,23.4226,15.35,226.41
data_311_service_requests_from_2020_to_presen_erm2-nwe9.csv,15999892,19813,44,polypress+brotli,695623,23.0008,,
data_311_service_requests_from_2020_to_presen_erm2-nwe9.csv,15999892,19813,44,polypress+zstd,754305,21.2114,,
data_311_service_requests_from_2020_to_presen_erm2-nwe9.csv,15999892,19813,44,xz -9e,964016,16.5971,5.69,298.05
data_311_service_requests_from_2020_to_presen_erm2-nwe9.csv,15999892,19813,44,zip -9,2302434,6.9491,46.14,287.35
data_311_service_requests_from_2020_to_presen_erm2-nwe9.csv,15999892,19813,44,zstd -19,1022314,15.6507,6.04,1254.69
data_311_service_requests_from_2020_to_presen_erm2-nwe9.csv,15999892,19813,44,zstd -22,997269,16.0437,2.32,1262.6
data_311_service_requests_from_2020_to_presen_erm2-nwe9.csv,15999892,19813,44,zstd -3,1729135,9.2531,204.92,1014.84
