dataset,csv_bytes,rows,cols,codec,bytes,ratio_vs_csv,enc_mbs,dec_mbs
noaa_gsoy_ord.csv,58794,69,102,brotli -q11,7308,8.0452,1.15,19.38
noaa_gsoy_ord.csv,58794,69,102,bzip2 -9,7602,7.734,11.98,22.4
noaa_gsoy_ord.csv,58794,69,102,feather+lz4,49578,1.1859,65.83,69.25
noaa_gsoy_ord.csv,58794,69,102,feather+zstd,38330,1.5339,71.17,65.12
noaa_gsoy_ord.csv,58794,69,102,gzip -9,9945,5.9119,4.76,19.31
noaa_gsoy_ord.csv,58794,69,102,lz4 -9,13309,4.4176,15.26,24.93
noaa_gsoy_ord.csv,58794,69,102,orc+snappy,23190,2.5353,20.18,89.51
noaa_gsoy_ord.csv,58794,69,102,orc+zlib,17771,3.3084,12.82,100.53
noaa_gsoy_ord.csv,58794,69,102,orc+zstd,20104,2.9245,16.81,87.23
noaa_gsoy_ord.csv,58794,69,102,parquet+brotli,38168,1.5404,1.08,44.47
noaa_gsoy_ord.csv,58794,69,102,parquet+gzip,41634,1.4122,22.42,42.61
noaa_gsoy_ord.csv,58794,69,102,parquet+snappy,42486,1.3838,41.34,5.53
noaa_gsoy_ord.csv,58794,69,102,parquet+zstd,38918,1.5107,14.51,47.3
noaa_gsoy_ord.csv,58794,69,102,polypress,6545,8.983,0.53,74.05
noaa_gsoy_ord.csv,58794,69,102,polypress+brotli,6353,9.2545,,
noaa_gsoy_ord.csv,58794,69,102,polypress+zstd,6869,8.5593,,
noaa_gsoy_ord.csv,58794,69,102,xz -9e,7436,7.9067,4.27,16.24
noaa_gsoy_ord.csv,58794,69,102,zstd -19,7679,7.6565,2.54,18.07
noaa_gsoy_ord.csv,58794,69,102,zstd -22,7676,7.6595,1.03,18.59
noaa_gsoy_ord.csv,58794,69,102,zstd -3,11226,5.2373,16.56,20.29
noaa_gsoy_sea.csv,63338,79,106,brotli -q11,7317,8.6563,1.17,21.65
noaa_gsoy_sea.csv,63338,79,106,bzip2 -9,7314,8.6598,14.26,24.75
noaa_gsoy_sea.csv,63338,79,106,feather+lz4,50650,1.2505,94.81,71.74
noaa_gsoy_sea.csv,63338,79,106,feather+zstd,38178,1.659,70.15,99.8
noaa_gsoy_sea.csv,63338,79,106,gzip -9,9716,6.5189,5.48,30.69
noaa_gsoy_sea.csv,63338,79,106,lz4 -9,12973,4.8823,16.76,30.34
noaa_gsoy_sea.csv,63338,79,106,orc+snappy,23166,2.7341,20.12,92.47
noaa_gsoy_sea.csv,63338,79,106,orc+zlib,17755,3.5673,13.69,105.59
noaa_gsoy_sea.csv,63338,79,106,orc+zstd,19946,3.1755,18.22,91.67
noaa_gsoy_sea.csv,63338,79,106,parquet+brotli,38933,1.6268,1.19,47.46
noaa_gsoy_sea.csv,63338,79,106,parquet+gzip,42503,1.4902,24.1,44.95
noaa_gsoy_sea.csv,63338,79,106,parquet+snappy,42951,1.4747,43.42,6.03
noaa_gsoy_sea.csv,63338,79,106,parquet+zstd,39817,1.5907,16.01,49.83
noaa_gsoy_sea.csv,63338,79,106,polypress,6521,9.7129,0.48,69.22
noaa_gsoy_sea.csv,63338,79,106,polypress+brotli,6392,9.9089,,
noaa_gsoy_sea.csv,63338,79,106,polypress+zstd,6896,9.1847,,
noaa_gsoy_sea.csv,63338,79,106,xz -9e,7372,8.5917,4.35,21.05
noaa_gsoy_sea.csv,63338,79,106,zstd -19,7619,8.3132,2.65,21.48
noaa_gsoy_sea.csv,63338,79,106,zstd -22,7619,8.3132,1.03,20.46
noaa_gsoy_sea.csv,63338,79,106,zstd -3,11059,5.7273,20.8,24.32
nyc_baby_names.csv,1564968,29685,6,brotli -q11,112588,13.9,1.09,292.89
nyc_baby_names.csv,1564968,29685,6,bzip2 -9,103205,15.1637,16.12,89.89
nyc_baby_names.csv,1564968,29685,6,feather+lz4,523218,2.991,2484.46,5433.73
nyc_baby_names.csv,1564968,29685,6,feather+zstd,357922,4.3724,2513.0,4483.57
nyc_baby_names.csv,1564968,29685,6,gzip -9,151233,10.3481,24.69,489.52
nyc_baby_names.csv,1564968,29685,6,lz4 -9,203792,7.6792,55.94,329.05
nyc_baby_names.csv,1564968,29685,6,orc+snappy,201740,7.7574,534.65,1175.07
nyc_baby_names.csv,1564968,29685,6,orc+zlib,105350,14.8549,322.41,897.33
nyc_baby_names.csv,1564968,29685,6,orc+zstd,105523,14.8306,496.07,1326.32
nyc_baby_names.csv,1564968,29685,6,parquet+brotli,70142,22.3114,10.12,1296.45
nyc_baby_names.csv,1564968,29685,6,parquet+gzip,76342,20.4994,305.77,1652.56
nyc_baby_names.csv,1564968,29685,6,parquet+snappy,92784,16.8668,628.73,57.81
nyc_baby_names.csv,1564968,29685,6,parquet+zstd,75258,20.7947,146.17,1769.74
nyc_baby_names.csv,1564968,29685,6,polypress,55062,28.4219,23.8,94.46
nyc_baby_names.csv,1564968,29685,6,polypress+brotli,53372,29.3219,,
nyc_baby_names.csv,1564968,29685,6,polypress+zstd,62972,24.8518,,
nyc_baby_names.csv,1564968,29685,6,xz -9e,105772,14.7957,5.36,180.15
nyc_baby_names.csv,1564968,29685,6,zstd -19,119935,13.0485,5.47,330.29
nyc_baby_names.csv,1564968,29685,6,zstd -22,119639,13.0808,4.55,331.01
nyc_baby_names.csv,1564968,29685,6,zstd -3,166405,9.4046,139.54,337.43
usgs_quakes.csv,3054091,16190,22,brotli -q11,651526,4.6876,0.98,231.81
usgs_quakes.csv,3054091,16190,22,bzip2 -9,597324,5.113,24.01,63.72
usgs_quakes.csv,3054091,16190,22,feather+lz4,1690698,1.8064,2249.3,4917.38
usgs_quakes.csv,3054091,16190,22,feather+zstd,1161970,2.6284,2084.59,3856.05
usgs_quakes.csv,3054091,16190,22,gzip -9,855429,3.5702,27.64,513.83
usgs_quakes.csv,3054091,16190,22,lz4 -9,1021774,2.989,43.14,312.41
usgs_quakes.csv,3054091,16190,22,orc+snappy,1083689,2.8182,353.61,1083.01
usgs_quakes.csv,3054091,16190,22,orc+zlib,749710,4.0737,146.86,511.06
usgs_quakes.csv,3054091,16190,22,orc+zstd,794499,3.844,283.12,705.35
usgs_quakes.csv,3054091,16190,22,parquet+brotli,702146,4.3497,1.63,1375.92
usgs_quakes.csv,3054091,16190,22,parquet+gzip,820304,3.7231,69.08,1323.74
usgs_quakes.csv,3054091,16190,22,parquet+snappy,1105986,2.7614,358.26,94.91
usgs_quakes.csv,3054091,16190,22,parquet+zstd,758261,4.0278,15.57,1918.21
usgs_quakes.csv,3054091,16190,22,polypress,472317,6.4662,1.18,69.78
usgs_quakes.csv,3054091,16190,22,polypress+brotli,482655,6.3277,,
usgs_quakes.csv,3054091,16190,22,polypress+zstd,513560,5.9469,,
usgs_quakes.csv,3054091,16190,22,xz -9e,641148,4.7635,3.99,100.45
usgs_quakes.csv,3054091,16190,22,zstd -19,689502,4.4294,5.06,383.15
usgs_quakes.csv,3054091,16190,22,zstd -22,689443,4.4298,4.02,366.59
usgs_quakes.csv,3054091,16190,22,zstd -3,878419,3.4768,124.83,364.48
usgs_quakes_deep.csv,3066488,16707,22,brotli -q11,629273,4.8731,0.99,239.48
usgs_quakes_deep.csv,3066488,16707,22,bzip2 -9,570111,5.3788,23.72,69.87
usgs_quakes_deep.csv,3066488,16707,22,feather+lz4,1687514,1.8172,2358.66,4709.55
usgs_quakes_deep.csv,3066488,16707,22,feather+zstd,1163722,2.6351,2019.12,4251.83
usgs_quakes_deep.csv,3066488,16707,22,gzip -9,825429,3.715,27.9,513.4
usgs_quakes_deep.csv,3066488,16707,22,lz4 -9,986988,3.1069,40.0,321.75
usgs_quakes_deep.csv,3066488,16707,22,orc+snappy,1030397,2.976,339.85,1074.05
usgs_quakes_deep.csv,3066488,16707,22,orc+zlib,729043,4.2062,145.64,484.58
usgs_quakes_deep.csv,3066488,16707,22,orc+zstd,774362,3.96,282.86,790.72
usgs_quakes_deep.csv,3066488,16707,22,parquet+brotli,697120,4.3988,1.49,1252.61
usgs_quakes_deep.csv,3066488,16707,22,parquet+gzip,832821,3.682,68.32,1568.51
usgs_quakes_deep.csv,3066488,16707,22,parquet+snappy,1097926,2.793,359.44,103.31
usgs_quakes_deep.csv,3066488,16707,22,parquet+zstd,772940,3.9673,12.61,2314.1
usgs_quakes_deep.csv,3066488,16707,22,polypress,466369,6.5752,0.82,74.84
usgs_quakes_deep.csv,3066488,16707,22,polypress+brotli,481644,6.3667,,
usgs_quakes_deep.csv,3066488,16707,22,polypress+zstd,511921,5.9902,,
usgs_quakes_deep.csv,3066488,16707,22,xz -9e,621540,4.9337,3.6,104.4
usgs_quakes_deep.csv,3066488,16707,22,zstd -19,666729,4.5993,4.77,385.72
usgs_quakes_deep.csv,3066488,16707,22,zstd -22,666704,4.5995,3.77,395.93
usgs_quakes_deep.csv,3066488,16707,22,zstd -3,854809,3.5873,126.54,368.52
cdc_nndss.csv,20762998,150000,16,brotli -q11,444031,46.7602,0.87,998.65
cdc_nndss.csv,20762998,150000,16,bzip2 -9,982068,21.1421,19.41,110.5
cdc_nndss.csv,20762998,150000,16,feather+lz4,6181226,3.359,4037.19,6527.72
cdc_nndss.csv,20762998,150000,16,feather+zstd,3419522,6.0719,4090.48,6516.97
cdc_nndss.csv,20762998,150000,16,gzip -9,1513841,13.7154,37.64,1601.59
cdc_nndss.csv,20762998,150000,16,lz4 -9,2185194,9.5017,147.17,881.77
cdc_nndss.csv,20762998,150000,16,orc+snappy,874169,23.7517,605.35,1428.09
cdc_nndss.csv,20762998,150000,16,orc+zlib,369159,56.2441,489.79,1192.59
cdc_nndss.csv,20762998,150000,16,orc+zstd,215688,96.264,600.45,1514.02
cdc_nndss.csv,20762998,150000,16,parquet+brotli,355262,58.4442,5.27,4077.65
cdc_nndss.csv,20762998,150000,16,parquet+gzip,633962,32.7512,203.14,4461.62
cdc_nndss.csv,20762998,150000,16,parquet+snappy,1111658,18.6775,695.88,661.6
cdc_nndss.csv,20762998,150000,16,parquet+zstd,475018,43.7099,33.6,5919.01
cdc_nndss.csv,20762998,150000,16,polypress,95275,217.927,29.92,159.1
cdc_nndss.csv,20762998,150000,16,polypress+brotli,96362,215.4687,,
cdc_nndss.csv,20762998,150000,16,polypress+zstd,108298,191.721,,
cdc_nndss.csv,20762998,150000,16,xz -9e,466672,44.4916,0.33,386.1
cdc_nndss.csv,20762998,150000,16,zstd -19,606650,34.2257,1.75,1496.95
cdc_nndss.csv,20762998,150000,16,zstd -22,611841,33.9353,0.34,1439.37
cdc_nndss.csv,20762998,150000,16,zstd -3,958389,21.6645,223.1,1345.61
seattle_fire911.csv,26859107,200000,7,brotli -q11,2413219,11.13,0.85,524.64
seattle_fire911.csv,26859107,200000,7,bzip2 -9,3589593,7.4825,22.18,81.96
seattle_fire911.csv,26859107,200000,7,feather+lz4,11551602,2.3251,2846.99,7340.54
seattle_fire911.csv,26859107,200000,7,feather+zstd,7830074,3.4302,2204.99,4805.7
seattle_fire911.csv,26859107,200000,7,gzip -9,5548135,4.8411,16.85,1007.73
seattle_fire911.csv,26859107,200000,7,lz4 -9,6738525,3.9859,122.74,588.43
seattle_fire911.csv,26859107,200000,7,orc+snappy,8168535,3.2881,585.19,1453.09
seattle_fire911.csv,26859107,200000,7,orc+zlib,5742533,4.6772,221.67,634.95
seattle_fire911.csv,26859107,200000,7,orc+zstd,5419143,4.9563,449.0,1083.6
seattle_fire911.csv,26859107,200000,7,parquet+brotli,3581608,7.4992,1.85,2514.12
seattle_fire911.csv,26859107,200000,7,parquet+gzip,4678094,5.7415,89.3,2738.54
seattle_fire911.csv,26859107,200000,7,parquet+snappy,6513886,4.1234,620.21,745.99
seattle_fire911.csv,26859107,200000,7,parquet+zstd,3861565,6.9555,23.92,4437.17
seattle_fire911.csv,26859107,200000,7,polypress,1252915,21.4373,2.98,85.22
seattle_fire911.csv,26859107,200000,7,polypress+brotli,1426557,18.8279,,
seattle_fire911.csv,26859107,200000,7,polypress+zstd,1509917,17.7885,,
seattle_fire911.csv,26859107,200000,7,xz -9e,2313236,11.6111,1.33,240.68
seattle_fire911.csv,26859107,200000,7,zstd -19,2644572,10.1563,2.61,1080.38
seattle_fire911.csv,26859107,200000,7,zstd -22,2552215,10.5238,1.26,994.0
seattle_fire911.csv,26859107,200000,7,zstd -3,4459440,6.023,218.82,839.98
austin_incidents.csv,34872170,150000,19,brotli -q11,2732737,12.7609,0.96,641.19
austin_incidents.csv,34872170,150000,19,bzip2 -9,2653685,13.141,19.41,89.54
austin_incidents.csv,34872170,150000,19,feather+lz4,12309666,2.8329,3821.21,5887.55
austin_incidents.csv,34872170,150000,19,feather+zstd,6800738,5.1277,3112.81,4874.51
austin_incidents.csv,34872170,150000,19,gzip -9,4338434,8.038,15.57,1414.24
austin_incidents.csv,34872170,150000,19,lz4 -9,5307422,6.5705,122.93,845.18
austin_incidents.csv,34872170,150000,19,orc+snappy,5875275,5.9354,429.84,1376.61
austin_incidents.csv,34872170,150000,19,orc+zlib,4112115,8.4803,230.5,784.17
austin_incidents.csv,34872170,150000,19,orc+zstd,4126307,8.4512,393.74,1110.16
austin_incidents.csv,34872170,150000,19,parquet+brotli,2715372,12.8425,2.54,4234.64
austin_incidents.csv,34872170,150000,19,parquet+gzip,3276911,10.6418,125.25,4612.13
austin_incidents.csv,34872170,150000,19,parquet+snappy,4575449,7.6216,664.46,932.16
austin_incidents.csv,34872170,150000,19,parquet+zstd,2953515,11.807,25.3,6548.67
austin_incidents.csv,34872170,150000,19,polypress,1627126,21.4318,1.74,108.46
austin_incidents.csv,34872170,150000,19,polypress+brotli,1694951,20.5741,,
austin_incidents.csv,34872170,150000,19,polypress+zstd,1926185,18.1043,,
austin_incidents.csv,34872170,150000,19,xz -9e,2615744,13.3316,2.24,263.49
austin_incidents.csv,34872170,150000,19,zstd -19,2793742,12.4822,3.38,1217.47
austin_incidents.csv,34872170,150000,19,zstd -22,2790308,12.4976,2.37,1195.11
austin_incidents.csv,34872170,150000,19,zstd -3,4601730,7.5781,224.87,996.2
nyc_collisions.csv,36727972,150000,29,brotli -q11,3176456,11.5626,0.95,564.45
nyc_collisions.csv,36727972,150000,29,bzip2 -9,3601248,10.1987,16.96,77.17
nyc_collisions.csv,36727972,150000,29,gzip -9,6016284,6.1048,18.83,1186.03
nyc_collisions.csv,36727972,150000,29,lz4 -9,6976839,5.2643,117.87,709.21
nyc_collisions.csv,36727972,150000,29,polypress,2122249,17.3062,4.24,78.93
nyc_collisions.csv,36727972,150000,29,polypress+brotli,2159607,17.0068,,
nyc_collisions.csv,36727972,150000,29,polypress+zstd,2320476,15.8278,,
nyc_collisions.csv,36727972,150000,29,xz -9e,3106204,11.8241,3.0,260.56
nyc_collisions.csv,36727972,150000,29,zstd -19,3478646,10.5581,3.76,1128.71
nyc_collisions.csv,36727972,150000,29,zstd -22,3230057,11.3707,2.87,1177.37
nyc_collisions.csv,36727972,150000,29,zstd -3,6187851,5.9355,224.76,849.45
chicago_crimes.csv,39999989,138102,22,brotli -q11,3977171,10.0574,0.87,520.76
chicago_crimes.csv,39999989,138102,22,bzip2 -9,5462079,7.3232,21.0,68.37
chicago_crimes.csv,39999989,138102,22,gzip -9,8461289,4.7274,11.85,1036.35
chicago_crimes.csv,39999989,138102,22,lz4 -9,9833535,4.0677,108.1,633.0
chicago_crimes.csv,39999989,138102,22,polypress,2661164,15.031,2.56,83.27
chicago_crimes.csv,39999989,138102,22,polypress+brotli,2766964,14.4563,,
chicago_crimes.csv,39999989,138102,22,polypress+zstd,2907526,13.7574,,
chicago_crimes.csv,39999989,138102,22,xz -9e,3826096,10.4545,2.23,213.4
chicago_crimes.csv,39999989,138102,22,zstd -19,4418512,9.0528,3.31,1050.14
chicago_crimes.csv,39999989,138102,22,zstd -22,4143377,9.654,2.26,1110.71
chicago_crimes.csv,39999989,138102,22,zstd -3,7591238,5.2692,215.3,783.29
nyc_311.csv,39999345,44437,44,brotli -q11,2064795,19.3721,1.73,793.57
nyc_311.csv,39999345,44437,44,bzip2 -9,3208459,12.4668,17.77,83.39
nyc_311.csv,39999345,44437,44,feather+lz4,11280818,3.5458,2396.74,4387.85
nyc_311.csv,39999345,44437,44,feather+zstd,7075530,5.6532,2407.16,4353.35
nyc_311.csv,39999345,44437,44,gzip -9,5353364,7.4718,53.26,1405.85
nyc_311.csv,39999345,44437,44,lz4 -9,5763639,6.9399,181.82,888.74
nyc_311.csv,39999345,44437,44,orc+snappy,7421337,5.3898,635.28,1591.0
nyc_311.csv,39999345,44437,44,orc+zlib,5088068,7.8614,282.28,764.18
nyc_311.csv,39999345,44437,44,orc+zstd,4719825,8.4748,532.68,1260.69
nyc_311.csv,39999345,44437,44,parquet+brotli,3144084,12.7221,3.54,3855.0
nyc_311.csv,39999345,44437,44,parquet+gzip,3512236,11.3886,168.31,5128.68
nyc_311.csv,39999345,44437,44,parquet+snappy,4546884,8.7971,850.62,1044.67
nyc_311.csv,39999345,44437,44,parquet+zstd,3255229,12.2877,61.2,5758.94
nyc_311.csv,39999345,44437,44,polypress,1498147,26.6992,2.57,186.53
nyc_311.csv,39999345,44437,44,polypress+brotli,1566338,25.5369,,
nyc_311.csv,39999345,44437,44,polypress+zstd,1640768,24.3784,,
nyc_311.csv,39999345,44437,44,xz -9e,2021668,19.7853,4.79,326.52
nyc_311.csv,39999345,44437,44,zstd -19,2275403,17.579,6.61,1465.39
nyc_311.csv,39999345,44437,44,zstd -22,2082301,19.2092,1.96,1383.59
nyc_311.csv,39999345,44437,44,zstd -3,3940031,10.152,225.17,1176.31
wa_ev_population.csv,39999866,146961,16,brotli -q11,2020514,19.7969,0.95,804.1
wa_ev_population.csv,39999866,146961,16,bzip2 -9,2242270,17.839,15.34,80.97
wa_ev_population.csv,39999866,146961,16,feather+lz4,12676490,3.1554,4353.86,5541.41
wa_ev_population.csv,39999866,146961,16,feather+zstd,7440706,5.3758,3712.66,5720.92
wa_ev_population.csv,39999866,146961,16,gzip -9,4511808,8.8656,28.31,1591.4
wa_ev_population.csv,39999866,146961,16,lz4 -9,4752996,8.4157,187.66,974.99
wa_ev_population.csv,39999866,146961,16,orc+snappy,6149370,6.5047,563.11,1430.46
wa_ev_population.csv,39999866,146961,16,orc+zlib,4223841,9.47,284.24,810.5
wa_ev_population.csv,39999866,146961,16,orc+zstd,4075946,9.8136,485.29,1231.64
wa_ev_population.csv,39999866,146961,16,parquet+brotli,2372063,16.8629,5.82,3331.58
wa_ev_population.csv,39999866,146961,16,parquet+gzip,2520975,15.8668,227.93,5711.76
wa_ev_population.csv,39999866,146961,16,parquet+snappy,3049757,13.1158,884.7,1111.95
wa_ev_population.csv,39999866,146961,16,parquet+zstd,2421643,16.5177,111.56,7320.84
wa_ev_population.csv,39999866,146961,16,polypress,1139589,35.1003,17.15,144.14
wa_ev_population.csv,39999866,146961,16,polypress+brotli,1115032,35.8733,,
wa_ev_population.csv,39999866,146961,16,polypress+zstd,1192442,33.5445,,
wa_ev_population.csv,39999866,146961,16,xz -9e,1986904,20.1318,3.55,337.65
wa_ev_population.csv,39999866,146961,16,zstd -19,2149228,18.6113,4.21,1457.29
wa_ev_population.csv,39999866,146961,16,zstd -22,2082235,19.2101,3.05,1480.59
wa_ev_population.csv,39999866,146961,16,zstd -3,3947115,10.1339,228.42,1161.2
chicago_permits.csv,39999197,40735,116,brotli -q11,4108510,9.7357,0.94,522.29
chicago_permits.csv,39999197,40735,116,bzip2 -9,5759561,6.9448,20.89,76.93
chicago_permits.csv,39999197,40735,116,feather+lz4,17686146,2.2616,1196.01,1902.81
chicago_permits.csv,39999197,40735,116,feather+zstd,11177378,3.5786,1311.28,1932.89
chicago_permits.csv,39999197,40735,116,gzip -9,8495398,4.7083,19.97,1059.21
chicago_permits.csv,39999197,40735,116,lz4 -9,9540661,4.1925,153.5,654.36
chicago_permits.csv,39999197,40735,116,orc+snappy,11232712,3.561,361.84,919.59
chicago_permits.csv,39999197,40735,116,orc+zlib,8057313,4.9643,172.71,490.58
chicago_permits.csv,39999197,40735,116,orc+zstd,7647675,5.2302,297.6,755.49
chicago_permits.csv,39999197,40735,116,parquet+brotli,5460351,7.3254,1.84,2336.38
chicago_permits.csv,39999197,40735,116,parquet+gzip,6438610,6.2124,77.41,2650.17
chicago_permits.csv,39999197,40735,116,parquet+snappy,9200242,4.3476,439.63,2096.06
chicago_permits.csv,39999197,40735,116,parquet+zstd,5684041,7.0371,17.17,4064.07
chicago_permits.csv,39999197,40735,116,polypress,3522003,11.3569,1.12,92.23
chicago_permits.csv,39999197,40735,116,polypress+brotli,3559367,11.2377,,
chicago_permits.csv,39999197,40735,116,polypress+zstd,3751051,10.6635,,
chicago_permits.csv,39999197,40735,116,xz -9e,3982788,10.043,2.92,222.2
chicago_permits.csv,39999197,40735,116,zstd -19,4463321,8.9618,3.95,1066.56
chicago_permits.csv,39999197,40735,116,zstd -22,4147586,9.644,2.38,1111.67
chicago_permits.csv,39999197,40735,116,zstd -3,7214881,5.544,221.6,846.69
single_wide_row.csv,78360,1,5000,brotli -q11,29531,2.6535,1.24,23.62
single_wide_row.csv,78360,1,5000,bzip2 -9,30569,2.5634,14.5,18.12
single_wide_row.csv,78360,1,5000,feather+lz4,919530,0.0852,3.23,3.97
single_wide_row.csv,78360,1,5000,feather+zstd,919538,0.0852,3.43,3.62
single_wide_row.csv,78360,1,5000,gzip -9,36649,2.1381,16.37,30.53
single_wide_row.csv,78360,1,5000,lz4 -9,53449,1.4661,15.71,31.39
single_wide_row.csv,78360,1,5000,parquet+brotli,1448967,0.0541,0.09,1.75
single_wide_row.csv,78360,1,5000,parquet+gzip,1599334,0.049,1.22,1.46
single_wide_row.csv,78360,1,5000,parquet+snappy,1428959,0.0548,1.92,0.92
single_wide_row.csv,78360,1,5000,parquet+zstd,1498981,0.0523,1.76,1.71
single_wide_row.csv,78360,1,5000,polypress,21480,3.648,0.66,1.54
single_wide_row.csv,78360,1,5000,polypress+brotli,24663,3.1772,,
single_wide_row.csv,78360,1,5000,polypress+zstd,27096,2.8919,,
single_wide_row.csv,78360,1,5000,xz -9e,25192,3.1105,7.01,16.43
single_wide_row.csv,78360,1,5000,zstd -19,25672,3.0524,4.54,26.98
single_wide_row.csv,78360,1,5000,zstd -22,25672,3.0524,1.42,23.03
single_wide_row.csv,78360,1,5000,zstd -3,30081,2.605,15.46,26.39
mixed_types.csv,398533,40000,2,brotli -q11,133852,2.9774,0.65,65.44
mixed_types.csv,398533,40000,2,bzip2 -9,155388,2.5648,21.79,41.99
mixed_types.csv,398533,40000,2,feather+lz4,287122,1.388,903.55,2132.1
mixed_types.csv,398533,40000,2,feather+zstd,106786,3.7321,755.0,1106.27
mixed_types.csv,398533,40000,2,gzip -9,165391,2.4096,15.51,122.37
mixed_types.csv,398533,40000,2,lz4 -9,245471,1.6235,32.8,101.28
mixed_types.csv,398533,40000,2,orc+snappy,81089,4.9148,312.85,349.85
mixed_types.csv,398533,40000,2,orc+zlib,61875,6.4409,164.01,766.42
mixed_types.csv,398533,40000,2,orc+zstd,60382,6.6002,316.58,1613.48
mixed_types.csv,398533,40000,2,parquet+brotli,147061,2.71,0.26,159.09
mixed_types.csv,398533,40000,2,parquet+gzip,189704,2.1008,21.38,471.66
mixed_types.csv,398533,40000,2,parquet+snappy,295515,1.3486,188.79,13.28
mixed_types.csv,398533,40000,2,parquet+zstd,162803,2.4479,3.47,540.79
mixed_types.csv,398533,40000,2,polypress,60220,6.618,2.45,47.61
mixed_types.csv,398533,40000,2,polypress+brotli,60181,6.6222,,
mixed_types.csv,398533,40000,2,polypress+zstd,66626,5.9816,,
mixed_types.csv,398533,40000,2,xz -9e,96620,4.1247,7.89,44.71
mixed_types.csv,398533,40000,2,zstd -19,115391,3.4538,8.37,97.02
mixed_types.csv,398533,40000,2,zstd -22,115391,3.4538,4.19,96.68
mixed_types.csv,398533,40000,2,zstd -3,163717,2.4343,63.31,95.64
anticorrelated.csv,436637,40000,2,brotli -q11,57218,7.6311,1.23,106.76
anticorrelated.csv,436637,40000,2,bzip2 -9,82664,5.2821,27.4,66.5
anticorrelated.csv,436637,40000,2,feather+lz4,330106,1.3227,1335.8,1942.09
anticorrelated.csv,436637,40000,2,feather+zstd,152122,2.8703,1430.77,2286.38
anticorrelated.csv,436637,40000,2,gzip -9,76012,5.7443,8.08,149.38
anticorrelated.csv,436637,40000,2,lz4 -9,131824,3.3123,20.17,121.8
anticorrelated.csv,436637,40000,2,orc+snappy,114339,3.8188,233.86,543.6
anticorrelated.csv,436637,40000,2,orc+zlib,62486,6.9878,148.42,479.3
anticorrelated.csv,436637,40000,2,orc+zstd,63741,6.8502,246.82,639.23
anticorrelated.csv,436637,40000,2,parquet+brotli,69716,6.2631,1.32,334.01
anticorrelated.csv,436637,40000,2,parquet+gzip,79155,5.5162,47.91,786.68
anticorrelated.csv,436637,40000,2,parquet+snappy,125502,3.4791,229.32,14.59
anticorrelated.csv,436637,40000,2,parquet+zstd,66768,6.5396,5.99,560.57
anticorrelated.csv,436637,40000,2,polypress,11824,36.928,23.79,85.53
anticorrelated.csv,436637,40000,2,polypress+brotli,11442,38.1609,,
anticorrelated.csv,436637,40000,2,polypress+zstd,11530,37.8696,,
anticorrelated.csv,436637,40000,2,xz -9e,50152,8.7063,1.44,71.63
anticorrelated.csv,436637,40000,2,zstd -19,59127,7.3847,3.06,106.78
anticorrelated.csv,436637,40000,2,zstd -22,59117,7.386,1.09,105.52
anticorrelated.csv,436637,40000,2,zstd -3,88991,4.9065,70.23,104.11
high_precision.csv,791216,40000,2,brotli -q11,355444,2.226,1.5,88.1
high_precision.csv,791216,40000,2,bzip2 -9,337451,2.3447,20.18,37.24
high_precision.csv,791216,40000,2,feather+lz4,572882,1.3811,2145.18,4687.29
high_precision.csv,791216,40000,2,feather+zstd,556634,1.4214,1280.32,2427.65
high_precision.csv,791216,40000,2,gzip -9,395717,1.9994,31.02,206.2
high_precision.csv,791216,40000,2,lz4 -9,520260,1.5208,35.36,141.58
high_precision.csv,791216,40000,2,orc+snappy,569838,1.3885,603.82,1526.5
high_precision.csv,791216,40000,2,orc+zlib,505669,1.5647,79.96,380.36
high_precision.csv,791216,40000,2,orc+zstd,513857,1.5398,380.97,1175.56
high_precision.csv,791216,40000,2,parquet+brotli,516256,1.5326,0.3,290.37
high_precision.csv,791216,40000,2,parquet+gzip,630316,1.2553,40.48,521.14
high_precision.csv,791216,40000,2,parquet+snappy,720512,1.0981,196.03,28.12
high_precision.csv,791216,40000,2,parquet+zstd,615564,1.2854,19.47,1168.93
high_precision.csv,791216,40000,2,polypress,337455,2.3447,2.22,31.84
high_precision.csv,791216,40000,2,polypress+brotli,355448,2.226,,
high_precision.csv,791216,40000,2,polypress+zstd,370658,2.1346,,
high_precision.csv,791216,40000,2,xz -9e,360500,2.1948,6.25,45.73
high_precision.csv,791216,40000,2,zstd -19,370655,2.1346,7.14,147.29
high_precision.csv,791216,40000,2,zstd -22,370655,2.1346,4.89,143.31
high_precision.csv,791216,40000,2,zstd -3,390113,2.0282,80.6,151.78
shuffled_cats.csv,1215791,40000,8,brotli -q11,321061,3.7868,1.09,162.17
shuffled_cats.csv,1215791,40000,8,bzip2 -9,240423,5.0569,21.12,53.84
shuffled_cats.csv,1215791,40000,8,feather+lz4,1808882,0.6721,1384.95,3157.52
shuffled_cats.csv,1215791,40000,8,feather+zstd,1151914,1.0555,1266.62,2526.96
shuffled_cats.csv,1215791,40000,8,gzip -9,374326,3.2479,9.24,317.68
shuffled_cats.csv,1215791,40000,8,lz4 -9,472592,2.5726,19.82,212.29
shuffled_cats.csv,1215791,40000,8,orc+snappy,559368,2.1735,153.56,343.44
shuffled_cats.csv,1215791,40000,8,orc+zlib,404265,3.0074,82.94,231.44
shuffled_cats.csv,1215791,40000,8,orc+zstd,378114,3.2154,130.58,317.84
shuffled_cats.csv,1215791,40000,8,parquet+brotli,241303,5.0384,2.65,1096.41
shuffled_cats.csv,1215791,40000,8,parquet+gzip,241709,5.03,169.56,1217.04
shuffled_cats.csv,1215791,40000,8,parquet+snappy,244237,4.9779,240.61,41.92
shuffled_cats.csv,1215791,40000,8,parquet+zstd,243578,4.9914,104.06,1188.39
shuffled_cats.csv,1215791,40000,8,polypress,231565,5.2503,2.5,76.48
shuffled_cats.csv,1215791,40000,8,polypress+brotli,228908,5.3113,,
shuffled_cats.csv,1215791,40000,8,polypress+zstd,229093,5.307,,
shuffled_cats.csv,1215791,40000,8,xz -9e,314568,3.865,4.36,85.0
shuffled_cats.csv,1215791,40000,8,zstd -19,326664,3.7218,4.92,210.27
shuffled_cats.csv,1215791,40000,8,zstd -22,326664,3.7218,4.19,213.27
shuffled_cats.csv,1215791,40000,8,zstd -3,396449,3.0667,99.3,222.51
random_text.csv,1560006,40000,3,brotli -q11,1163658,1.3406,2.19,93.3
random_text.csv,1560006,40000,3,bzip2 -9,1177695,1.3246,20.06,33.46
random_text.csv,1560006,40000,3,feather+lz4,1921498,0.8119,3304.62,5842.09
random_text.csv,1560006,40000,3,feather+zstd,1407818,1.1081,2552.92,2507.91
random_text.csv,1560006,40000,3,gzip -9,1178432,1.3238,36.12,224.91
random_text.csv,1560006,40000,3,lz4 -9,1560025,1.0,50.95,158.36
random_text.csv,1560006,40000,3,orc+snappy,1441150,1.0825,636.74,1372.01
random_text.csv,1560006,40000,3,orc+zlib,1102912,1.4144,57.86,294.07
random_text.csv,1560006,40000,3,orc+zstd,1076098,1.4497,519.46,800.87
random_text.csv,1560006,40000,3,parquet+brotli,1264455,1.2337,0.44,346.99
random_text.csv,1560006,40000,3,parquet+gzip,1467039,1.0634,20.82,555.73
random_text.csv,1560006,40000,3,parquet+snappy,1937566,0.8051,239.84,52.81
random_text.csv,1560006,40000,3,parquet+zstd,1318694,1.183,11.35,1046.4
random_text.csv,1560006,40000,3,polypress,1172566,1.3304,3.2,31.46
random_text.csv,1560006,40000,3,polypress+brotli,1148724,1.358,,
random_text.csv,1560006,40000,3,polypress+zstd,1152712,1.3533,,
random_text.csv,1560006,40000,3,xz -9e,1180988,1.3209,9.13,34.82
random_text.csv,1560006,40000,3,zstd -19,1167106,1.3366,16.26,154.96
random_text.csv,1560006,40000,3,zstd -22,1167106,1.3366,9.24,165.46
random_text.csv,1560006,40000,3,zstd -3,1165971,1.3379,139.21,170.17
uuid_keys.csv,1708897,40000,2,brotli -q11,818301,2.0883,1.15,110.41
uuid_keys.csv,1708897,40000,2,bzip2 -9,875532,1.9518,21.2,43.1
uuid_keys.csv,1708897,40000,2,feather+lz4,1761258,0.9703,2228.05,5715.82
uuid_keys.csv,1708897,40000,2,feather+zstd,901298,1.896,1574.96,2386.82
uuid_keys.csv,1708897,40000,2,gzip -9,965673,1.7696,34.49,259.82
uuid_keys.csv,1708897,40000,2,lz4 -9,1293394,1.3213,44.48,177.04
uuid_keys.csv,1708897,40000,2,orc+snappy,1436986,1.1892,1099.67,2064.41
uuid_keys.csv,1708897,40000,2,orc+zlib,855707,1.9971,128.76,434.61
uuid_keys.csv,1708897,40000,2,orc+zstd,741249,2.3054,835.29,1534.17
uuid_keys.csv,1708897,40000,2,parquet+brotli,899520,1.8998,0.56,187.83
uuid_keys.csv,1708897,40000,2,parquet+gzip,1067990,1.6001,23.43,287.16
uuid_keys.csv,1708897,40000,2,parquet+snappy,1749554,0.9768,323.65,59.13
uuid_keys.csv,1708897,40000,2,parquet+zstd,918455,1.8606,5.25,836.85
uuid_keys.csv,1708897,40000,2,polypress,763880,2.2371,7.17,47.36
uuid_keys.csv,1708897,40000,2,polypress+brotli,759436,2.2502,,
uuid_keys.csv,1708897,40000,2,polypress+zstd,775631,2.2032,,
uuid_keys.csv,1708897,40000,2,xz -9e,820848,2.0819,6.44,42.67
uuid_keys.csv,1708897,40000,2,zstd -19,894466,1.9105,5.98,204.76
uuid_keys.csv,1708897,40000,2,zstd -22,894466,1.9105,4.74,197.29
uuid_keys.csv,1708897,40000,2,zstd -3,912474,1.8728,110.11,223.32
random_floats.csv,1726475,40000,3,brotli -q11,775248,2.227,1.44,105.98
random_floats.csv,1726475,40000,3,bzip2 -9,768307,2.2471,20.5,39.71
random_floats.csv,1726475,40000,3,feather+lz4,961202,1.7962,9759.25,11421.71
random_floats.csv,1726475,40000,3,feather+zstd,923386,1.8697,5412.08,5110.35
random_floats.csv,1726475,40000,3,gzip -9,866287,1.993,30.67,290.65
random_floats.csv,1726475,40000,3,lz4 -9,1158274,1.4906,34.83,184.0
random_floats.csv,1726475,40000,3,orc+snappy,960947,1.7966,1406.91,3905.8
random_floats.csv,1726475,40000,3,orc+zlib,914478,1.8879,103.01,540.04
random_floats.csv,1726475,40000,3,orc+zstd,923313,1.8699,1041.47,2248.17
random_floats.csv,1726475,40000,3,parquet+brotli,967777,1.784,0.46,547.18
random_floats.csv,1726475,40000,3,parquet+gzip,1141638,1.5123,63.71,1017.9
random_floats.csv,1726475,40000,3,parquet+snappy,1201358,1.4371,350.42,60.25
random_floats.csv,1726475,40000,3,parquet+zstd,1111236,1.5537,43.93,2144.32
random_floats.csv,1726475,40000,3,polypress,663029,2.6039,6.37,52.5
random_floats.csv,1726475,40000,3,polypress+brotli,721715,2.3922,,
random_floats.csv,1726475,40000,3,polypress+zstd,671838,2.5698,,
random_floats.csv,1726475,40000,3,xz -9e,799108,2.1605,4.7,53.38
random_floats.csv,1726475,40000,3,zstd -19,822646,2.0987,5.03,204.92
random_floats.csv,1726475,40000,3,zstd -22,822646,2.0987,4.01,221.48
random_floats.csv,1726475,40000,3,zstd -3,873050,1.9775,96.43,225.86
base64_blob.csv,2600005,40000,1,brotli -q11,1959691,1.3267,1.79,99.76
base64_blob.csv,2600005,40000,1,bzip2 -9,1972168,1.3183,19.82,33.5
base64_blob.csv,2600005,40000,1,feather+lz4,2721194,0.9555,3466.37,9667.74
base64_blob.csv,2600005,40000,1,feather+zstd,2022986,1.2852,1553.23,2298.74
base64_blob.csv,2600005,40000,1,gzip -9,1978136,1.3144,38.36,257.48
base64_blob.csv,2600005,40000,1,lz4 -9,2600024,1.0,49.31,159.28
base64_blob.csv,2600005,40000,1,orc+snappy,2561277,1.0151,2122.46,2731.08
base64_blob.csv,2600005,40000,1,orc+zlib,1974821,1.3166,58.32,307.07
base64_blob.csv,2600005,40000,1,orc+zstd,1923045,1.352,1097.55,1567.29
base64_blob.csv,2600005,40000,1,parquet+brotli,1975939,1.3158,1.49,268.87
base64_blob.csv,2600005,40000,1,parquet+gzip,2042548,1.2729,40.07,294.72
base64_blob.csv,2600005,40000,1,parquet+snappy,2749512,0.9456,1352.67,83.0
base64_blob.csv,2600005,40000,1,parquet+zstd,1980193,1.313,23.64,1047.97
base64_blob.csv,2600005,40000,1,polypress,1972172,1.3183,3.73,29.05
base64_blob.csv,2600005,40000,1,polypress+brotli,1959695,1.3267,,
base64_blob.csv,2600005,40000,1,polypress+zstd,1961693,1.3254,,
base64_blob.csv,2600005,40000,1,xz -9e,1999052,1.3006,8.84,35.27
base64_blob.csv,2600005,40000,1,zstd -19,1961690,1.3254,15.66,194.36
base64_blob.csv,2600005,40000,1,zstd -22,1961690,1.3254,10.63,194.9
base64_blob.csv,2600005,40000,1,zstd -3,1960242,1.3264,151.51,192.08
wide_random.csv,5511908,4000,200,brotli -q11,2388303,2.3079,1.17,128.56
wide_random.csv,5511908,4000,200,bzip2 -9,2351798,2.3437,21.22,47.14
wide_random.csv,5511908,4000,200,feather+lz4,4076810,1.352,746.29,1510.92
wide_random.csv,5511908,4000,200,feather+zstd,2800482,1.9682,1087.12,1565.03
wide_random.csv,5511908,4000,200,gzip -9,2623068,2.1013,24.69,453.29
wide_random.csv,5511908,4000,200,lz4 -9,3494451,1.5773,41.44,254.27
wide_random.csv,5511908,4000,200,orc+snappy,2418720,2.2789,210.72,1872.86
wide_random.csv,5511908,4000,200,orc+zlib,2284597,2.4126,110.85,486.57
wide_random.csv,5511908,4000,200,orc+zstd,2285338,2.4119,177.14,1131.27
wide_random.csv,5511908,4000,200,parquet+brotli,3619399,1.5229,0.55,624.95
wide_random.csv,5511908,4000,200,parquet+gzip,4039019,1.3647,18.56,1215.68
wide_random.csv,5511908,4000,200,parquet+snappy,5207477,1.0585,189.55,180.82
wide_random.csv,5511908,4000,200,parquet+zstd,3720506,1.4815,6.81,1593.95
wide_random.csv,5511908,4000,200,polypress,2286318,2.4108,5.14,46.6
wide_random.csv,5511908,4000,200,polypress+brotli,2176157,2.5329,,
wide_random.csv,5511908,4000,200,polypress+zstd,2571772,2.1432,,
wide_random.csv,5511908,4000,200,xz -9e,2386440,2.3097,3.16,74.79
wide_random.csv,5511908,4000,200,zstd -19,2525387,2.1826,3.45,338.48
wide_random.csv,5511908,4000,200,zstd -22,2525387,2.1826,3.15,338.51
wide_random.csv,5511908,4000,200,zstd -3,2714268,2.0307,101.38,327.76
treasury_yields.csv,468315,9006,9,brotli -q11,72612,6.4496,1.15,96.46
treasury_yields.csv,468315,9006,9,bzip2 -9,82726,5.661,22.2,56.0
treasury_yields.csv,468315,9006,9,feather+lz4,293250,1.597,1423.37,2633.05
treasury_yields.csv,468315,9006,9,feather+zstd,153762,3.0457,1666.04,2177.67
treasury_yields.csv,468315,9006,9,gzip -9,113345,4.1318,4.83,157.68
treasury_yields.csv,468315,9006,9,lz4 -9,152678,3.0673,14.78,132.02
treasury_yields.csv,468315,9006,9,orc+snappy,203810,2.2978,299.47,319.91
treasury_yields.csv,468315,9006,9,orc+zlib,149536,3.1318,129.37,411.19
treasury_yields.csv,468315,9006,9,orc+zstd,132835,3.5255,223.85,525.62
treasury_yields.csv,468315,9006,9,parquet+brotli,115103,4.0687,1.67,685.84
treasury_yields.csv,468315,9006,9,parquet+gzip,137818,3.3981,62.01,877.29
treasury_yields.csv,468315,9006,9,parquet+snappy,169903,2.7564,234.06,15.87
treasury_yields.csv,468315,9006,9,parquet+zstd,124622,3.7579,10.71,1028.94
treasury_yields.csv,468315,9006,9,polypress,33778,13.8645,1.11,45.51
treasury_yields.csv,468315,9006,9,polypress+brotli,32887,14.2401,,
treasury_yields.csv,468315,9006,9,polypress+zstd,34409,13.6102,,
treasury_yields.csv,468315,9006,9,xz -9e,64836,7.2231,5.04,66.93
treasury_yields.csv,468315,9006,9,zstd -19,75967,6.1647,5.74,113.09
treasury_yields.csv,468315,9006,9,zstd -22,75967,6.1647,3.72,109.62
treasury_yields.csv,468315,9006,9,zstd -3,124736,3.7544,64.26,107.64
weather_wide.csv,3413818,26304,25,brotli -q11,810188,4.2136,0.93,229.87
weather_wide.csv,3413818,26304,25,bzip2 -9,687390,4.9663,24.55,69.76
weather_wide.csv,3413818,26304,25,feather+lz4,2102770,1.6235,1976.89,4256.42
weather_wide.csv,3413818,26304,25,feather+zstd,1253642,2.7231,1616.28,2713.91
weather_wide.csv,3413818,26304,25,gzip -9,934278,3.654,5.73,522.37
weather_wide.csv,3413818,26304,25,lz4 -9,1199125,2.8469,10.81,304.75
weather_wide.csv,3413818,26304,25,orc+snappy,1581835,2.1581,357.85,1378.64
weather_wide.csv,3413818,26304,25,orc+zlib,1182886,2.886,120.59,473.62
weather_wide.csv,3413818,26304,25,orc+zstd,1202958,2.8379,237.27,568.88
weather_wide.csv,3413818,26304,25,parquet+brotli,811255,4.2081,1.73,2152.2
weather_wide.csv,3413818,26304,25,parquet+gzip,868824,3.9292,118.53,2620.53
weather_wide.csv,3413818,26304,25,parquet+snappy,973050,3.5084,446.06,117.92
weather_wide.csv,3413818,26304,25,parquet+zstd,857010,3.9834,65.84,4015.31
weather_wide.csv,3413818,26304,25,polypress,412140,8.2832,3.36,55.64
weather_wide.csv,3413818,26304,25,polypress+brotli,403370,8.4632,,
weather_wide.csv,3413818,26304,25,polypress+zstd,422916,8.0721,,
weather_wide.csv,3413818,26304,25,xz -9e,746960,4.5703,3.3,100.53
weather_wide.csv,3413818,26304,25,zstd -19,829321,4.1164,4.4,381.26
weather_wide.csv,3413818,26304,25,zstd -22,829512,4.1155,4.18,399.37
weather_wide.csv,3413818,26304,25,zstd -3,1019943,3.3471,125.91,372.04
weather_hourly.csv,5677612,87672,11,brotli -q11,1173478,4.8383,0.89,269.36
weather_hourly.csv,5677612,87672,11,bzip2 -9,1139191,4.9839,25.26,70.24
weather_hourly.csv,5677612,87672,11,feather+lz4,2984810,1.9022,2450.21,6070.26
weather_hourly.csv,5677612,87672,11,feather+zstd,1581834,3.5893,2339.49,3200.33
weather_hourly.csv,5677612,87672,11,gzip -9,1564221,3.6297,8.81,644.45
weather_hourly.csv,5677612,87672,11,lz4 -9,1950536,2.9108,23.1,370.85
weather_hourly.csv,5677612,87672,11,orc+snappy,1882455,3.0161,410.59,1809.41
weather_hourly.csv,5677612,87672,11,orc+zlib,1437410,3.9499,149.9,626.05
weather_hourly.csv,5677612,87672,11,orc+zstd,1401513,4.0511,315.0,851.83
weather_hourly.csv,5677612,87672,11,parquet+brotli,1198785,4.7361,1.25,1620.86
weather_hourly.csv,5677612,87672,11,parquet+gzip,1393679,4.0738,89.37,2328.96
weather_hourly.csv,5677612,87672,11,parquet+snappy,1719526,3.3018,555.06,201.68
weather_hourly.csv,5677612,87672,11,parquet+zstd,1320664,4.2991,47.61,3607.03
weather_hourly.csv,5677612,87672,11,polypress,494456,11.4825,2.33,52.27
weather_hourly.csv,5677612,87672,11,polypress+brotli,496347,11.4388,,
weather_hourly.csv,5677612,87672,11,polypress+zstd,522545,10.8653,,
weather_hourly.csv,5677612,87672,11,xz -9e,1078640,5.2637,2.94,108.59
weather_hourly.csv,5677612,87672,11,zstd -19,1231192,4.6115,3.94,499.35
weather_hourly.csv,5677612,87672,11,zstd -22,1231150,4.6116,3.39,484.2
weather_hourly.csv,5677612,87672,11,zstd -3,1714478,3.3116,131.1,421.28
data_missouri_zip_codes_by_county_city_im7g-fucq.csv,57860,1909,3,brotli -q11,12259,4.7198,1.47,26.43
data_missouri_zip_codes_by_county_city_im7g-fucq.csv,57860,1909,3,bzip2 -9,12136,4.7676,14.77,24.1
data_missouri_zip_codes_by_county_city_im7g-fucq.csv,57860,1909,3,feather+lz4,36906,1.5678,380.98,470.31
data_missouri_zip_codes_by_county_city_im7g-fucq.csv,57860,1909,3,feather+zstd,21770,2.6578,413.43,608.23
data_missouri_zip_codes_by_county_city_im7g-fucq.csv,57860,1909,3,gzip -9,14718,3.9312,11.4,33.12
data_missouri_zip_codes_by_county_city_im7g-fucq.csv,57860,1909,3,lz4 -9,19386,2.9846,21.19,30.48
data_missouri_zip_codes_by_county_city_im7g-fucq.csv,57860,1909,3,orc+snappy,20986,2.7571,158.2,208.85
data_missouri_zip_codes_by_county_city_im7g-fucq.csv,57860,1909,3,orc+zlib,14668,3.9446,93.02,293.8
data_missouri_zip_codes_by_county_city_im7g-fucq.csv,57860,1909,3,orc+zstd,14712,3.9328,152.63,507.7
data_missouri_zip_codes_by_county_city_im7g-fucq.csv,57860,1909,3,parquet+brotli,18193,3.1803,1.95,171.75
data_missouri_zip_codes_by_county_city_im7g-fucq.csv,57860,1909,3,parquet+gzip,19115,3.0269,39.44,199.41
data_missouri_zip_codes_by_county_city_im7g-fucq.csv,57860,1909,3,parquet+snappy,27271,2.1217,120.8,2.16
data_missouri_zip_codes_by_county_city_im7g-fucq.csv,57860,1909,3,parquet+zstd,17950,3.2234,11.85,289.25
data_missouri_zip_codes_by_county_city_im7g-fucq.csv,57860,1909,3,polypress,9680,5.9773,4.46,88.6
data_missouri_zip_codes_by_county_city_im7g-fucq.csv,57860,1909,3,polypress+brotli,9157,6.3187,,
data_missouri_zip_codes_by_county_city_im7g-fucq.csv,57860,1909,3,polypress+zstd,9997,5.7877,,
data_missouri_zip_codes_by_county_city_im7g-fucq.csv,57860,1909,3,xz -9e,12460,4.6437,6.18,21.17
data_missouri_zip_codes_by_county_city_im7g-fucq.csv,57860,1909,3,zstd -19,13700,4.2234,3.97,22.7
data_missouri_zip_codes_by_county_city_im7g-fucq.csv,57860,1909,3,zstd -22,13700,4.2234,1.12,20.41
data_missouri_zip_codes_by_county_city_im7g-fucq.csv,57860,1909,3,zstd -3,15821,3.6572,19.85,24.46
data_daily_arrests_xhwt-7h2h.csv,60389,432,9,brotli -q11,13706,4.406,1.37,20.22
data_daily_arrests_xhwt-7h2h.csv,60389,432,9,bzip2 -9,13090,4.6134,14.2,24.56
data_daily_arrests_xhwt-7h2h.csv,60389,432,9,feather+lz4,36370,1.6604,349.37,382.61
data_daily_arrests_xhwt-7h2h.csv,60389,432,9,feather+zstd,24042,2.5118,372.49,478.81
data_daily_arrests_xhwt-7h2h.csv,60389,432,9,gzip -9,15904,3.7971,15.59,31.09
data_daily_arrests_xhwt-7h2h.csv,60389,432,9,lz4 -9,19371,3.1175,21.53,23.95
data_daily_arrests_xhwt-7h2h.csv,60389,432,9,orc+snappy,23366,2.5845,92.04,258.99
data_daily_arrests_xhwt-7h2h.csv,60389,432,9,orc+zlib,16222,3.7227,72.6,279.26
data_daily_arrests_xhwt-7h2h.csv,60389,432,9,orc+zstd,16510,3.6577,114.61,399.51
data_daily_arrests_xhwt-7h2h.csv,60389,432,9,parquet+brotli,19060,3.1684,2.25,144.49
data_daily_arrests_xhwt-7h2h.csv,60389,432,9,parquet+gzip,20741,2.9116,44.18,140.87
data_daily_arrests_xhwt-7h2h.csv,60389,432,9,parquet+snappy,27462,2.199,117.48,2.27
data_daily_arrests_xhwt-7h2h.csv,60389,432,9,parquet+zstd,20105,3.0037,21.62,164.05
data_daily_arrests_xhwt-7h2h.csv,60389,432,9,polypress,12224,4.9402,2.52,71.81
data_daily_arrests_xhwt-7h2h.csv,60389,432,9,polypress+brotli,11754,5.1377,,
data_daily_arrests_xhwt-7h2h.csv,60389,432,9,polypress+zstd,13163,4.5878,,
data_daily_arrests_xhwt-7h2h.csv,60389,432,9,xz -9e,14332,4.2136,4.92,17.0
data_daily_arrests_xhwt-7h2h.csv,60389,432,9,zstd -19,15086,4.003,3.15,20.6
data_daily_arrests_xhwt-7h2h.csv,60389,432,9,zstd -22,15086,4.003,1.13,20.15
data_daily_arrests_xhwt-7h2h.csv,60389,432,9,zstd -3,16966,3.5594,18.85,21.91
data_missouri_law_enforcement_agencies_cgbu-k38b.csv,86096,591,11,brotli -q11,21130,4.0746,1.34,31.48
data_missouri_law_enforcement_agencies_cgbu-k38b.csv,86096,591,11,bzip2 -9,20682,4.1628,16.71,30.58
data_missouri_law_enforcement_agencies_cgbu-k38b.csv,86096,591,11,feather+lz4,55050,1.564,478.93,582.44
data_missouri_law_enforcement_agencies_cgbu-k38b.csv,86096,591,11,feather+zstd,36714,2.345,545.49,647.16
data_missouri_law_enforcement_agencies_cgbu-k38b.csv,86096,591,11,gzip -9,25885,3.3261,10.82,46.49
data_missouri_law_enforcement_agencies_cgbu-k38b.csv,86096,591,11,lz4 -9,31085,2.7697,23.33,43.93
data_missouri_law_enforcement_agencies_cgbu-k38b.csv,86096,591,11,orc+snappy,39182,2.1973,119.46,262.44
data_missouri_law_enforcement_agencies_cgbu-k38b.csv,86096,591,11,orc+zlib,28576,3.0129,62.88,239.15
data_missouri_law_enforcement_agencies_cgbu-k38b.csv,86096,591,11,orc+zstd,28871,2.9821,108.87,392.94
data_missouri_law_enforcement_agencies_cgbu-k38b.csv,86096,591,11,parquet+brotli,31442,2.7382,1.7,236.49
data_missouri_law_enforcement_agencies_cgbu-k38b.csv,86096,591,11,parquet+gzip,34095,2.5252,36.97,232.68
data_missouri_law_enforcement_agencies_cgbu-k38b.csv,86096,591,11,parquet+snappy,45437,1.8948,131.46,3.15
data_missouri_law_enforcement_agencies_cgbu-k38b.csv,86096,591,11,parquet+zstd,32735,2.6301,12.6,260.92
data_missouri_law_enforcement_agencies_cgbu-k38b.csv,86096,591,11,polypress,20458,4.2084,1.55,57.75
data_missouri_law_enforcement_agencies_cgbu-k38b.csv,86096,591,11,polypress+brotli,20209,4.2603,,
data_missouri_law_enforcement_agencies_cgbu-k38b.csv,86096,591,11,polypress+zstd,22610,3.8079,,
data_missouri_law_enforcement_agencies_cgbu-k38b.csv,86096,591,11,xz -9e,21916,3.9285,5.94,28.03
data_missouri_law_enforcement_agencies_cgbu-k38b.csv,86096,591,11,zstd -19,23689,3.6344,3.87,27.46
data_missouri_law_enforcement_agencies_cgbu-k38b.csv,86096,591,11,zstd -22,23689,3.6344,1.44,27.39
data_missouri_law_enforcement_agencies_cgbu-k38b.csv,86096,591,11,zstd -3,27622,3.1169,28.96,35.02
data_open_meetings_au6r-w9n3.csv,86404,147,31,brotli -q11,13473,6.4131,1.49,32.99
data_open_meetings_au6r-w9n3.csv,86404,147,31,bzip2 -9,16772,5.1517,15.84,30.83
data_open_meetings_au6r-w9n3.csv,86404,147,31,feather+lz4,39418,2.192,219.24,254.14
data_open_meetings_au6r-w9n3.csv,86404,147,31,feather+zstd,29250,2.954,261.85,331.27
data_open_meetings_au6r-w9n3.csv,86404,147,31,gzip -9,18400,4.6959,28.15,46.4
data_open_meetings_au6r-w9n3.csv,86404,147,31,lz4 -9,20004,4.3193,29.53,45.6
data_open_meetings_au6r-w9n3.csv,86404,147,31,orc+snappy,31961,2.7034,64.87,259.42
data_open_meetings_au6r-w9n3.csv,86404,147,31,orc+zlib,23858,3.6216,43.16,218.71
data_open_meetings_au6r-w9n3.csv,86404,147,31,orc+zstd,24216,3.5681,64.0,277.92
data_open_meetings_au6r-w9n3.csv,86404,147,31,parquet+brotli,25583,3.3774,1.98,123.56
data_open_meetings_au6r-w9n3.csv,86404,147,31,parquet+gzip,29045,2.9748,52.89,135.48
data_open_meetings_au6r-w9n3.csv,86404,147,31,parquet+snappy,35612,2.4263,100.92,8.22
data_open_meetings_au6r-w9n3.csv,86404,147,31,parquet+zstd,28016,3.0841,12.37,159.09
data_open_meetings_au6r-w9n3.csv,86404,147,31,polypress,14663,5.8927,2.48,90.47
data_open_meetings_au6r-w9n3.csv,86404,147,31,polypress+brotli,13511,6.3951,,
data_open_meetings_au6r-w9n3.csv,86404,147,31,polypress+zstd,15736,5.4908,,
data_open_meetings_au6r-w9n3.csv,86404,147,31,xz -9e,14800,5.8381,6.08,31.34
data_open_meetings_au6r-w9n3.csv,86404,147,31,zstd -19,15511,5.5705,3.71,31.25
data_open_meetings_au6r-w9n3.csv,86404,147,31,zstd -22,15490,5.5781,1.05,28.99
data_open_meetings_au6r-w9n3.csv,86404,147,31,zstd -3,17569,4.918,29.42,36.24
data_covid_19_vaccine_distribution_allocation_b7pe-5nws.csv,91137,1701,4,brotli -q11,5121,17.7967,1.2,39.28
data_covid_19_vaccine_distribution_allocation_b7pe-5nws.csv,91137,1701,4,bzip2 -9,7458,12.22,18.34,37.17
data_covid_19_vaccine_distribution_allocation_b7pe-5nws.csv,91137,1701,4,feather+lz4,15666,5.8175,641.37,542.98
data_covid_19_vaccine_distribution_allocation_b7pe-5nws.csv,91137,1701,4,feather+zstd,9906,9.2002,624.6,834.62
data_covid_19_vaccine_distribution_allocation_b7pe-5nws.csv,91137,1701,4,gzip -9,9923,9.1844,15.21,52.81
data_covid_19_vaccine_distribution_allocation_b7pe-5nws.csv,91137,1701,4,lz4 -9,14562,6.2585,27.26,46.79
data_covid_19_vaccine_distribution_allocation_b7pe-5nws.csv,91137,1701,4,orc+snappy,8492,10.7321,170.96,490.07
data_covid_19_vaccine_distribution_allocation_b7pe-5nws.csv,91137,1701,4,orc+zlib,7051,12.9254,171.34,713.16
data_covid_19_vaccine_distribution_allocation_b7pe-5nws.csv,91137,1701,4,orc+zstd,6990,13.0382,229.58,948.53
data_covid_19_vaccine_distribution_allocation_b7pe-5nws.csv,91137,1701,4,parquet+brotli,9509,9.5843,7.98,175.59
data_covid_19_vaccine_distribution_allocation_b7pe-5nws.csv,91137,1701,4,parquet+gzip,10017,9.0982,110.07,387.68
data_covid_19_vaccine_distribution_allocation_b7pe-5nws.csv,91137,1701,4,parquet+snappy,12040,7.5695,229.03,3.38
data_covid_19_vaccine_distribution_allocation_b7pe-5nws.csv,91137,1701,4,parquet+zstd,9376,9.7202,48.55,257.59
data_covid_19_vaccine_distribution_allocation_b7pe-5nws.csv,91137,1701,4,polypress,2877,31.6778,3.57,175.19
data_covid_19_vaccine_distribution_allocation_b7pe-5nws.csv,91137,1701,4,polypress+brotli,2537,35.9231,,
data_covid_19_vaccine_distribution_allocation_b7pe-5nws.csv,91137,1701,4,polypress+zstd,3113,29.2763,,
data_covid_19_vaccine_distribution_allocation_b7pe-5nws.csv,91137,1701,4,xz -9e,5340,17.0669,6.0,31.21
data_covid_19_vaccine_distribution_allocation_b7pe-5nws.csv,91137,1701,4,zstd -19,6059,15.0416,2.91,33.62
data_covid_19_vaccine_distribution_allocation_b7pe-5nws.csv,91137,1701,4,zstd -22,6059,15.0416,1.36,30.87
data_covid_19_vaccine_distribution_allocation_b7pe-5nws.csv,91137,1701,4,zstd -3,9138,9.9734,31.76,38.74
data_covid_19_vaccine_distribution_allocation_saz5-9hgg.csv,94695,1764,4,brotli -q11,5362,17.6604,1.22,38.78
data_covid_19_vaccine_distribution_allocation_saz5-9hgg.csv,94695,1764,4,bzip2 -9,7194,13.1631,17.84,37.01
data_covid_19_vaccine_distribution_allocation_saz5-9hgg.csv,94695,1764,4,feather+lz4,15618,6.0632,618.66,843.27
data_covid_19_vaccine_distribution_allocation_saz5-9hgg.csv,94695,1764,4,feather+zstd,10322,9.1741,854.15,945.67
data_covid_19_vaccine_distribution_allocation_saz5-9hgg.csv,94695,1764,4,gzip -9,9704,9.7583,20.25,45.29
data_covid_19_vaccine_distribution_allocation_saz5-9hgg.csv,94695,1764,4,lz4 -9,14374,6.5879,28.68,51.49
data_covid_19_vaccine_distribution_allocation_saz5-9hgg.csv,94695,1764,4,orc+snappy,8926,10.6089,191.32,570.66
data_covid_19_vaccine_distribution_allocation_saz5-9hgg.csv,94695,1764,4,orc+zlib,7218,13.1193,188.24,781.85
data_covid_19_vaccine_distribution_allocation_saz5-9hgg.csv,94695,1764,4,orc+zstd,7227,13.1029,245.32,1103.28
data_covid_19_vaccine_distribution_allocation_saz5-9hgg.csv,94695,1764,4,parquet+brotli,8280,11.4366,9.91,451.34
data_covid_19_vaccine_distribution_allocation_saz5-9hgg.csv,94695,1764,4,parquet+gzip,8767,10.8013,142.15,413.3
data_covid_19_vaccine_distribution_allocation_saz5-9hgg.csv,94695,1764,4,parquet+snappy,9850,9.6137,252.66,3.56
data_covid_19_vaccine_distribution_allocation_saz5-9hgg.csv,94695,1764,4,parquet+zstd,8235,11.4991,82.99,540.38
data_covid_19_vaccine_distribution_allocation_saz5-9hgg.csv,94695,1764,4,polypress,2657,35.6398,3.88,219.19
data_covid_19_vaccine_distribution_allocation_saz5-9hgg.csv,94695,1764,4,polypress+brotli,2417,39.1787,,
data_covid_19_vaccine_distribution_allocation_saz5-9hgg.csv,94695,1764,4,polypress+zstd,2841,33.3316,,
data_covid_19_vaccine_distribution_allocation_saz5-9hgg.csv,94695,1764,4,xz -9e,5516,17.1673,6.06,36.55
data_covid_19_vaccine_distribution_allocation_saz5-9hgg.csv,94695,1764,4,zstd -19,5997,15.7904,2.94,34.26
data_covid_19_vaccine_distribution_allocation_saz5-9hgg.csv,94695,1764,4,zstd -22,5997,15.7904,1.35,32.0
data_covid_19_vaccine_distribution_allocation_saz5-9hgg.csv,94695,1764,4,zstd -3,8798,10.7632,32.67,41.31
data_lottery_powerball_winning_numbers_beginn_d6yy-54nr.csv,100562,1973,4,brotli -q11,17396,5.7808,1.13,36.61
data_lottery_powerball_winning_numbers_beginn_d6yy-54nr.csv,100562,1973,4,bzip2 -9,13798,7.2882,18.75,36.41
data_lottery_powerball_winning_numbers_beginn_d6yy-54nr.csv,100562,1973,4,feather+lz4,50834,1.9782,558.66,823.8
data_lottery_powerball_winning_numbers_beginn_d6yy-54nr.csv,100562,1973,4,feather+zstd,32642,3.0808,602.55,1078.74
data_lottery_powerball_winning_numbers_beginn_d6yy-54nr.csv,100562,1973,4,gzip -9,20904,4.8107,13.67,56.76
data_lottery_powerball_winning_numbers_beginn_d6yy-54nr.csv,100562,1973,4,lz4 -9,28334,3.5492,21.99,44.18
data_lottery_powerball_winning_numbers_beginn_d6yy-54nr.csv,100562,1973,4,orc+snappy,22349,4.4996,196.36,560.89
data_lottery_powerball_winning_numbers_beginn_d6yy-54nr.csv,100562,1973,4,orc+zlib,15563,6.4616,148.94,573.86
data_lottery_powerball_winning_numbers_beginn_d6yy-54nr.csv,100562,1973,4,orc+zstd,14285,7.0397,236.03,931.1
data_lottery_powerball_winning_numbers_beginn_d6yy-54nr.csv,100562,1973,4,parquet+brotli,30066,3.3447,1.51,246.52
data_lottery_powerball_winning_numbers_beginn_d6yy-54nr.csv,100562,1973,4,parquet+gzip,32010,3.1416,32.8,301.28
data_lottery_powerball_winning_numbers_beginn_d6yy-54nr.csv,100562,1973,4,parquet+snappy,44688,2.2503,200.76,3.76
data_lottery_powerball_winning_numbers_beginn_d6yy-54nr.csv,100562,1973,4,parquet+zstd,29693,3.3867,11.07,335.02
data_lottery_powerball_winning_numbers_beginn_d6yy-54nr.csv,100562,1973,4,polypress,12948,7.7666,1.36,79.43
data_lottery_powerball_winning_numbers_beginn_d6yy-54nr.csv,100562,1973,4,polypress+brotli,12406,8.1059,,
data_lottery_powerball_winning_numbers_beginn_d6yy-54nr.csv,100562,1973,4,polypress+zstd,13383,7.5142,,
data_lottery_powerball_winning_numbers_beginn_d6yy-54nr.csv,100562,1973,4,xz -9e,16300,6.1694,5.23,31.46
data_lottery_powerball_winning_numbers_beginn_d6yy-54nr.csv,100562,1973,4,zstd -19,18741,5.3659,3.28,35.55
data_lottery_powerball_winning_numbers_beginn_d6yy-54nr.csv,100562,1973,4,zstd -22,18741,5.3659,1.48,33.43
data_lottery_powerball_winning_numbers_beginn_d6yy-54nr.csv,100562,1973,4,zstd -3,23006,4.3711,31.22,40.71
data_missouri_beer_wine_and_liquor_solicitor_mmn5-wy78.csv,109355,1284,5,brotli -q11,24700,4.4273,1.32,39.96
data_missouri_beer_wine_and_liquor_solicitor_mmn5-wy78.csv,109355,1284,5,bzip2 -9,22670,4.8238,17.49,34.68
data_missouri_beer_wine_and_liquor_solicitor_mmn5-wy78.csv,109355,1284,5,feather+lz4,63762,1.715,651.52,804.68
data_missouri_beer_wine_and_liquor_solicitor_mmn5-wy78.csv,109355,1284,5,feather+zstd,39586,2.7625,792.17,1049.58
data_missouri_beer_wine_and_liquor_solicitor_mmn5-wy78.csv,109355,1284,5,gzip -9,29931,3.6536,18.14,58.83
data_missouri_beer_wine_and_liquor_solicitor_mmn5-wy78.csv,109355,1284,5,lz4 -9,35872,3.0485,27.57,54.13
data_missouri_beer_wine_and_liquor_solicitor_mmn5-wy78.csv,109355,1284,5,orc+snappy,43701,2.5023,173.8,315.02
data_missouri_beer_wine_and_liquor_solicitor_mmn5-wy78.csv,109355,1284,5,orc+zlib,29951,3.6511,100.76,347.21
data_missouri_beer_wine_and_liquor_solicitor_mmn5-wy78.csv,109355,1284,5,orc+zstd,29097,3.7583,172.3,588.04
data_missouri_beer_wine_and_liquor_solicitor_mmn5-wy78.csv,109355,1284,5,parquet+brotli,31374,3.4855,2.13,250.78
data_missouri_beer_wine_and_liquor_solicitor_mmn5-wy78.csv,109355,1284,5,parquet+gzip,34351,3.1835,41.99,312.44
data_missouri_beer_wine_and_liquor_solicitor_mmn5-wy78.csv,109355,1284,5,parquet+snappy,48731,2.2441,173.02,4.07
data_missouri_beer_wine_and_liquor_solicitor_mmn5-wy78.csv,109355,1284,5,parquet+zstd,31972,3.4203,13.3,373.2
data_missouri_beer_wine_and_liquor_solicitor_mmn5-wy78.csv,109355,1284,5,polypress,22880,4.7795,2.18,64.94
data_missouri_beer_wine_and_liquor_solicitor_mmn5-wy78.csv,109355,1284,5,polypress+brotli,21521,5.0813,,
data_missouri_beer_wine_and_liquor_solicitor_mmn5-wy78.csv,109355,1284,5,polypress+zstd,24246,4.5102,,
data_missouri_beer_wine_and_liquor_solicitor_mmn5-wy78.csv,109355,1284,5,xz -9e,25664,4.261,5.89,33.52
data_missouri_beer_wine_and_liquor_solicitor_mmn5-wy78.csv,109355,1284,5,zstd -19,27496,3.9771,3.62,37.89
data_missouri_beer_wine_and_liquor_solicitor_mmn5-wy78.csv,109355,1284,5,zstd -22,27496,3.9771,1.64,36.72
data_missouri_beer_wine_and_liquor_solicitor_mmn5-wy78.csv,109355,1284,5,zstd -3,31991,3.4183,36.41,42.99
data_lottery_mega_millions_winning_numbers_be_5xaw-6ayf.csv,128013,2523,4,brotli -q11,22498,5.69,1.12,46.06
data_lottery_mega_millions_winning_numbers_be_5xaw-6ayf.csv,128013,2523,4,bzip2 -9,17100,7.4861,19.6,42.23
data_lottery_mega_millions_winning_numbers_be_5xaw-6ayf.csv,128013,2523,4,feather+lz4,65178,1.9641,747.81,985.18
data_lottery_mega_millions_winning_numbers_be_5xaw-6ayf.csv,128013,2523,4,feather+zstd,39890,3.2092,842.9,1387.4
data_lottery_mega_millions_winning_numbers_be_5xaw-6ayf.csv,128013,2523,4,gzip -9,26294,4.8685,10.3,70.93
data_lottery_mega_millions_winning_numbers_be_5xaw-6ayf.csv,128013,2523,4,lz4 -9,35504,3.6056,22.37,57.28
data_lottery_mega_millions_winning_numbers_be_5xaw-6ayf.csv,128013,2523,4,orc+snappy,24827,5.1562,238.0,673.68
data_lottery_mega_millions_winning_numbers_be_5xaw-6ayf.csv,128013,2523,4,orc+zlib,17388,7.3621,185.79,672.84
data_lottery_mega_millions_winning_numbers_be_5xaw-6ayf.csv,128013,2523,4,orc+zstd,15988,8.0068,271.72,1231.48
data_lottery_mega_millions_winning_numbers_be_5xaw-6ayf.csv,128013,2523,4,parquet+brotli,36753,3.4831,1.45,266.07
data_lottery_mega_millions_winning_numbers_be_5xaw-6ayf.csv,128013,2523,4,parquet+gzip,39505,3.2404,35.93,367.76
data_lottery_mega_millions_winning_numbers_be_5xaw-6ayf.csv,128013,2523,4,parquet+snappy,53458,2.3946,234.98,4.82
data_lottery_mega_millions_winning_numbers_be_5xaw-6ayf.csv,128013,2523,4,parquet+zstd,36180,3.5382,12.21,424.11
data_lottery_mega_millions_winning_numbers_be_5xaw-6ayf.csv,128013,2523,4,polypress,14910,8.5857,1.4,101.84
data_lottery_mega_millions_winning_numbers_be_5xaw-6ayf.csv,128013,2523,4,polypress+brotli,14356,8.917,,
data_lottery_mega_millions_winning_numbers_be_5xaw-6ayf.csv,128013,2523,4,polypress+zstd,15178,8.4341,,
data_lottery_mega_millions_winning_numbers_be_5xaw-6ayf.csv,128013,2523,4,xz -9e,21340,5.9987,5.35,37.79
data_lottery_mega_millions_winning_numbers_be_5xaw-6ayf.csv,128013,2523,4,zstd -19,23654,5.4119,3.3,43.81
data_lottery_mega_millions_winning_numbers_be_5xaw-6ayf.csv,128013,2523,4,zstd -22,23654,5.4119,1.62,38.79
data_lottery_mega_millions_winning_numbers_be_5xaw-6ayf.csv,128013,2523,4,zstd -3,29600,4.3248,40.28,50.11
data_affordable_rental_housing_developments_s6ha-ppgi.csv,137515,598,14,brotli -q11,32315,4.2555,1.21,46.33
data_affordable_rental_housing_developments_s6ha-ppgi.csv,137515,598,14,bzip2 -9,34255,4.0145,18.85,37.9
data_affordable_rental_housing_developments_s6ha-ppgi.csv,137515,598,14,feather+lz4,83210,1.6526,674.6,643.01
data_affordable_rental_housing_developments_s6ha-ppgi.csv,137515,598,14,feather+zstd,55330,2.4854,622.2,869.95
data_affordable_rental_housing_developments_s6ha-ppgi.csv,137515,598,14,gzip -9,43402,3.1684,13.54,70.49
data_affordable_rental_housing_developments_s6ha-ppgi.csv,137515,598,14,lz4 -9,51538,2.6682,27.64,59.3
data_affordable_rental_housing_developments_s6ha-ppgi.csv,137515,598,14,orc+snappy,65905,2.0866,167.09,370.68
data_affordable_rental_housing_developments_s6ha-ppgi.csv,137515,598,14,orc+zlib,48402,2.8411,77.92,298.23
data_affordable_rental_housing_developments_s6ha-ppgi.csv,137515,598,14,orc+zstd,46740,2.9421,137.95,511.33
data_affordable_rental_housing_developments_s6ha-ppgi.csv,137515,598,14,parquet+brotli,47937,2.8687,1.76,267.03
data_affordable_rental_housing_developments_s6ha-ppgi.csv,137515,598,14,parquet+gzip,53334,2.5784,47.65,245.13
data_affordable_rental_housing_developments_s6ha-ppgi.csv,137515,598,14,parquet+snappy,70868,1.9404,164.47,5.09
data_affordable_rental_housing_developments_s6ha-ppgi.csv,137515,598,14,parquet+zstd,49482,2.7791,14.75,374.78
data_affordable_rental_housing_developments_s6ha-ppgi.csv,137515,598,14,polypress,31218,4.405,1.24,53.67
data_affordable_rental_housing_developments_s6ha-ppgi.csv,137515,598,14,polypress+brotli,30998,4.4363,,
data_affordable_rental_housing_developments_s6ha-ppgi.csv,137515,598,14,polypress+zstd,34762,3.9559,,
data_affordable_rental_housing_developments_s6ha-ppgi.csv,137515,598,14,xz -9e,33024,4.1641,6.21,35.86
data_affordable_rental_housing_developments_s6ha-ppgi.csv,137515,598,14,zstd -19,35745,3.8471,3.92,43.47
data_affordable_rental_housing_developments_s6ha-ppgi.csv,137515,598,14,zstd -22,35745,3.8471,1.83,43.53
data_affordable_rental_housing_developments_s6ha-ppgi.csv,137515,598,14,zstd -3,42720,3.219,40.28,54.12
data_lottery_cash_4_life_winning_numbers_2014_kwxv-fwze.csv,140618,2949,3,brotli -q11,21417,6.5657,1.11,46.37
data_lottery_cash_4_life_winning_numbers_2014_kwxv-fwze.csv,140618,2949,3,bzip2 -9,16769,8.3856,19.32,46.78
data_lottery_cash_4_life_winning_numbers_2014_kwxv-fwze.csv,140618,2949,3,feather+lz4,68250,2.0603,748.47,1265.65
data_lottery_cash_4_life_winning_numbers_2014_kwxv-fwze.csv,140618,2949,3,feather+zstd,43514,3.2316,812.39,1417.78
data_lottery_cash_4_life_winning_numbers_2014_kwxv-fwze.csv,140618,2949,3,gzip -9,26240,5.3589,11.51,69.86
data_lottery_cash_4_life_winning_numbers_2014_kwxv-fwze.csv,140618,2949,3,lz4 -9,35777,3.9304,22.89,68.22
data_lottery_cash_4_life_winning_numbers_2014_kwxv-fwze.csv,140618,2949,3,orc+snappy,25578,5.4976,264.84,747.52
data_lottery_cash_4_life_winning_numbers_2014_kwxv-fwze.csv,140618,2949,3,orc+zlib,18186,7.7322,205.86,827.2
data_lottery_cash_4_life_winning_numbers_2014_kwxv-fwze.csv,140618,2949,3,orc+zstd,16514,8.5151,356.16,1181.95
data_lottery_cash_4_life_winning_numbers_2014_kwxv-fwze.csv,140618,2949,3,parquet+brotli,39530,3.5572,1.26,262.95
data_lottery_cash_4_life_winning_numbers_2014_kwxv-fwze.csv,140618,2949,3,parquet+gzip,41373,3.3988,32.82,396.1
data_lottery_cash_4_life_winning_numbers_2014_kwxv-fwze.csv,140618,2949,3,parquet+snappy,57242,2.4566,236.01,5.34
data_lottery_cash_4_life_winning_numbers_2014_kwxv-fwze.csv,140618,2949,3,parquet+zstd,38445,3.6576,10.84,418.59
data_lottery_cash_4_life_winning_numbers_2014_kwxv-fwze.csv,140618,2949,3,polypress,15074,9.3285,1.34,101.46
data_lottery_cash_4_life_winning_numbers_2014_kwxv-fwze.csv,140618,2949,3,polypress+brotli,14366,9.7883,,
data_lottery_cash_4_life_winning_numbers_2014_kwxv-fwze.csv,140618,2949,3,polypress+zstd,15200,9.2512,,
data_lottery_cash_4_life_winning_numbers_2014_kwxv-fwze.csv,140618,2949,3,xz -9e,19112,7.3576,5.09,44.58
data_lottery_cash_4_life_winning_numbers_2014_kwxv-fwze.csv,140618,2949,3,zstd -19,22973,6.121,3.44,48.91
data_lottery_cash_4_life_winning_numbers_2014_kwxv-fwze.csv,140618,2949,3,zstd -22,22973,6.121,1.81,43.63
data_lottery_cash_4_life_winning_numbers_2014_kwxv-fwze.csv,140618,2949,3,zstd -3,29803,4.7182,43.89,55.0
data_new_liquor_licenses_dymb-xy5c.csv,169552,859,13,brotli -q11,22410,7.5659,1.18,56.7
data_new_liquor_licenses_dymb-xy5c.csv,169552,859,13,bzip2 -9,23993,7.0667,18.55,47.28
data_new_liquor_licenses_dymb-xy5c.csv,169552,859,13,feather+lz4,93954,1.8046,902.48,864.1
data_new_liquor_licenses_dymb-xy5c.csv,169552,859,13,feather+zstd,57066,2.9712,957.14,1236.79
data_new_liquor_licenses_dymb-xy5c.csv,169552,859,13,gzip -9,30535,5.5527,23.42,90.63
data_new_liquor_licenses_dymb-xy5c.csv,169552,859,13,lz4 -9,34836,4.8671,34.12,81.31
data_new_liquor_licenses_dymb-xy5c.csv,169552,859,13,orc+snappy,53754,3.1542,171.94,331.85
data_new_liquor_licenses_dymb-xy5c.csv,169552,859,13,orc+zlib,36280,4.6734,97.11,326.52
data_new_liquor_licenses_dymb-xy5c.csv,169552,859,13,orc+zstd,35147,4.8241,153.03,484.77
data_new_liquor_licenses_dymb-xy5c.csv,169552,859,13,parquet+brotli,32373,5.2375,3.63,378.47
data_new_liquor_licenses_dymb-xy5c.csv,169552,859,13,parquet+gzip,34867,4.8628,78.79,378.47
data_new_liquor_licenses_dymb-xy5c.csv,169552,859,13,parquet+snappy,47056,3.6032,217.61,6.4
data_new_liquor_licenses_dymb-xy5c.csv,169552,859,13,parquet+zstd,33606,5.0453,29.88,471.9
data_new_liquor_licenses_dymb-xy5c.csv,169552,859,13,polypress,20846,8.1336,2.16,90.81
data_new_liquor_licenses_dymb-xy5c.csv,169552,859,13,polypress+brotli,20147,8.4157,,
data_new_liquor_licenses_dymb-xy5c.csv,169552,859,13,polypress+zstd,22952,7.3872,,
data_new_liquor_licenses_dymb-xy5c.csv,169552,859,13,xz -9e,23336,7.2657,5.63,54.55
data_new_liquor_licenses_dymb-xy5c.csv,169552,859,13,zstd -19,24743,6.8525,3.36,53.23
data_new_liquor_licenses_dymb-xy5c.csv,169552,859,13,zstd -22,24743,6.8525,1.91,54.98
data_new_liquor_licenses_dymb-xy5c.csv,169552,859,13,zstd -3,30062,5.6401,48.66,69.41
datahub_smart_city_challenge_finalists_project_p_4zfz-amsd.csv,188801,743,16,brotli -q11,20525,9.1986,1.15,55.63
datahub_smart_city_challenge_finalists_project_p_4zfz-amsd.csv,188801,743,16,bzip2 -9,20857,9.0522,17.48,49.88
datahub_smart_city_challenge_finalists_project_p_4zfz-amsd.csv,188801,743,16,feather+lz4,79338,2.3797,620.6,885.78
datahub_smart_city_challenge_finalists_project_p_4zfz-amsd.csv,188801,743,16,feather+zstd,51074,3.6966,717.94,1071.57
datahub_smart_city_challenge_finalists_project_p_4zfz-amsd.csv,188801,743,16,gzip -9,28659,6.5878,40.66,103.51
datahub_smart_city_challenge_finalists_project_p_4zfz-amsd.csv,188801,743,16,lz4 -9,31079,6.0749,38.24,91.42
datahub_smart_city_challenge_finalists_project_p_4zfz-amsd.csv,188801,743,16,orc+snappy,52449,3.5997,165.91,221.63
datahub_smart_city_challenge_finalists_project_p_4zfz-amsd.csv,188801,743,16,orc+zlib,37456,5.0406,73.01,337.69
datahub_smart_city_challenge_finalists_project_p_4zfz-amsd.csv,188801,743,16,orc+zstd,37502,5.0344,116.9,365.77
datahub_smart_city_challenge_finalists_project_p_4zfz-amsd.csv,188801,743,16,parquet+brotli,26825,7.0382,3.69,283.12
datahub_smart_city_challenge_finalists_project_p_4zfz-amsd.csv,188801,743,16,parquet+gzip,30859,6.1182,84.88,335.4
datahub_smart_city_challenge_finalists_project_p_4zfz-amsd.csv,188801,743,16,parquet+snappy,41218,4.5805,243.66,19.26
datahub_smart_city_challenge_finalists_project_p_4zfz-amsd.csv,188801,743,16,parquet+zstd,29805,6.3345,25.93,315.62
datahub_smart_city_challenge_finalists_project_p_4zfz-amsd.csv,188801,743,16,polypress,20134,9.3772,4.89,127.81
datahub_smart_city_challenge_finalists_project_p_4zfz-amsd.csv,188801,743,16,polypress+brotli,18061,10.4535,,
datahub_smart_city_challenge_finalists_project_p_4zfz-amsd.csv,188801,743,16,polypress+zstd,20674,9.1323,,
datahub_smart_city_challenge_finalists_project_p_4zfz-amsd.csv,188801,743,16,xz -9e,22484,8.3971,5.24,55.2
datahub_smart_city_challenge_finalists_project_p_4zfz-amsd.csv,188801,743,16,zstd -19,23023,8.2005,1.03,3.95
datahub_smart_city_challenge_finalists_project_p_4zfz-amsd.csv,188801,743,16,zstd -22,23011,8.2048,0.91,38.39
datahub_smart_city_challenge_finalists_project_p_4zfz-amsd.csv,188801,743,16,zstd -3,30619,6.1661,52.52,67.38
data_transportation_services_index_and_season_bw6n-ddqk.csv,197206,317,66,brotli -q11,56980,3.461,1.0,55.87
data_transportation_services_index_and_season_bw6n-ddqk.csv,197206,317,66,bzip2 -9,61654,3.1986,16.82,40.81
data_transportation_services_index_and_season_bw6n-ddqk.csv,197206,317,66,feather+lz4,123626,1.5952,344.79,412.75
data_transportation_services_index_and_season_bw6n-ddqk.csv,197206,317,66,feather+zstd,87610,2.251,649.25,474.28
data_transportation_services_index_and_season_bw6n-ddqk.csv,197206,317,66,gzip -9,73892,2.6688,3.96,80.89
data_transportation_services_index_and_season_bw6n-ddqk.csv,197206,317,66,lz4 -9,95046,2.0748,19.46,78.69
data_transportation_services_index_and_season_bw6n-ddqk.csv,197206,317,66,orc+snappy,93301,2.1137,81.21,390.71
data_transportation_services_index_and_season_bw6n-ddqk.csv,197206,317,66,orc+zlib,79115,2.4926,39.07,248.99
data_transportation_services_index_and_season_bw6n-ddqk.csv,197206,317,66,orc+zstd,80588,2.4471,70.21,341.65
data_transportation_services_index_and_season_bw6n-ddqk.csv,197206,317,66,parquet+brotli,111603,1.767,1.4,173.73
data_transportation_services_index_and_season_bw6n-ddqk.csv,197206,317,66,parquet+gzip,116185,1.6973,26.0,191.69
data_transportation_services_index_and_season_bw6n-ddqk.csv,197206,317,66,parquet+snappy,143711,1.3722,134.12,7.08
data_transportation_services_index_and_season_bw6n-ddqk.csv,197206,317,66,parquet+zstd,105978,1.8608,16.19,212.52
data_transportation_services_index_and_season_bw6n-ddqk.csv,197206,317,66,polypress,49392,3.9927,0.71,54.9
data_transportation_services_index_and_season_bw6n-ddqk.csv,197206,317,66,polypress+brotli,47157,4.1819,,
data_transportation_services_index_and_season_bw6n-ddqk.csv,197206,317,66,polypress+zstd,53068,3.7161,,
data_transportation_services_index_and_season_bw6n-ddqk.csv,197206,317,66,xz -9e,59572,3.3104,5.9,37.45
data_transportation_services_index_and_season_bw6n-ddqk.csv,197206,317,66,zstd -19,62041,3.1786,4.88,58.29
data_transportation_services_index_and_season_bw6n-ddqk.csv,197206,317,66,zstd -22,62041,3.1786,1.85,55.88
data_transportation_services_index_and_season_bw6n-ddqk.csv,197206,317,66,zstd -3,75777,2.6025,48.4,67.63
datos_lista_oficial_de_precios_unitarios_fijos_ae7u-y7m2.csv,199122,1255,9,brotli -q11,27043,7.3632,1.27,63.57
datos_lista_oficial_de_precios_unitarios_fijos_ae7u-y7m2.csv,199122,1255,9,bzip2 -9,28505,6.9855,19.29,51.65
datos_lista_oficial_de_precios_unitarios_fijos_ae7u-y7m2.csv,199122,1255,9,feather+lz4,72306,2.7539,826.91,1499.42
datos_lista_oficial_de_precios_unitarios_fijos_ae7u-y7m2.csv,199122,1255,9,feather+zstd,47034,4.2336,1017.27,1603.03
datos_lista_oficial_de_precios_unitarios_fijos_ae7u-y7m2.csv,199122,1255,9,gzip -9,34256,5.8128,22.23,84.09
datos_lista_oficial_de_precios_unitarios_fijos_ae7u-y7m2.csv,199122,1255,9,lz4 -9,43033,4.6272,39.18,88.3
datos_lista_oficial_de_precios_unitarios_fijos_ae7u-y7m2.csv,199122,1255,9,orc+snappy,49788,3.9994,267.34,609.17
datos_lista_oficial_de_precios_unitarios_fijos_ae7u-y7m2.csv,199122,1255,9,orc+zlib,35757,5.5688,149.46,503.12
datos_lista_oficial_de_precios_unitarios_fijos_ae7u-y7m2.csv,199122,1255,9,orc+zstd,32848,6.0619,242.57,806.16
datos_lista_oficial_de_precios_unitarios_fijos_ae7u-y7m2.csv,199122,1255,9,parquet+brotli,34878,5.7091,2.35,333.01
datos_lista_oficial_de_precios_unitarios_fijos_ae7u-y7m2.csv,199122,1255,9,parquet+gzip,39995,4.9787,73.24,370.04
datos_lista_oficial_de_precios_unitarios_fijos_ae7u-y7m2.csv,199122,1255,9,parquet+snappy,54233,3.6716,238.49,7.25
datos_lista_oficial_de_precios_unitarios_fijos_ae7u-y7m2.csv,199122,1255,9,parquet+zstd,36050,5.5235,13.63,441.43
datos_lista_oficial_de_precios_unitarios_fijos_ae7u-y7m2.csv,199122,1255,9,polypress,23946,8.3155,1.73,103.11
datos_lista_oficial_de_precios_unitarios_fijos_ae7u-y7m2.csv,199122,1255,9,polypress+brotli,23729,8.3915,,
datos_lista_oficial_de_precios_unitarios_fijos_ae7u-y7m2.csv,199122,1255,9,polypress+zstd,25301,7.8701,,
datos_lista_oficial_de_precios_unitarios_fijos_ae7u-y7m2.csv,199122,1255,9,xz -9e,27556,7.2261,6.44,54.75
datos_lista_oficial_de_precios_unitarios_fijos_ae7u-y7m2.csv,199122,1255,9,zstd -19,29690,6.7067,4.41,59.66
datos_lista_oficial_de_precios_unitarios_fijos_ae7u-y7m2.csv,199122,1255,9,zstd -22,29689,6.7069,2.27,60.05
datos_lista_oficial_de_precios_unitarios_fijos_ae7u-y7m2.csv,199122,1255,9,zstd -3,34799,5.7221,55.37,73.16
data_rates_of_covid_19_cases_or_deaths_by_age_3rge-nu2a.csv,239530,1591,16,brotli -q11,51683,4.6346,1.1,66.61
data_rates_of_covid_19_cases_or_deaths_by_age_3rge-nu2a.csv,239530,1591,16,bzip2 -9,58787,4.0745,20.1,46.71
data_rates_of_covid_19_cases_or_deaths_by_age_3rge-nu2a.csv,239530,1591,16,feather+lz4,109114,2.1952,1415.02,1303.06
data_rates_of_covid_19_cases_or_deaths_by_age_3rge-nu2a.csv,239530,1591,16,feather+zstd,79450,3.0149,1161.46,1536.18
data_rates_of_covid_19_cases_or_deaths_by_age_3rge-nu2a.csv,239530,1591,16,gzip -9,69125,3.4652,9.14,117.81
data_rates_of_covid_19_cases_or_deaths_by_age_3rge-nu2a.csv,239530,1591,16,lz4 -9,90285,2.653,25.63,97.45
data_rates_of_covid_19_cases_or_deaths_by_age_3rge-nu2a.csv,239530,1591,16,orc+snappy,74443,3.2176,248.0,655.78
data_rates_of_covid_19_cases_or_deaths_by_age_3rge-nu2a.csv,239530,1591,16,orc+zlib,63975,3.7441,132.05,504.35
data_rates_of_covid_19_cases_or_deaths_by_age_3rge-nu2a.csv,239530,1591,16,orc+zstd,61866,3.8718,227.5,825.52
data_rates_of_covid_19_cases_or_deaths_by_age_3rge-nu2a.csv,239530,1591,16,parquet+brotli,78653,3.0454,2.39,385.67
data_rates_of_covid_19_cases_or_deaths_by_age_3rge-nu2a.csv,239530,1591,16,parquet+gzip,83237,2.8777,71.95,527.66
data_rates_of_covid_19_cases_or_deaths_by_age_3rge-nu2a.csv,239530,1591,16,parquet+snappy,93090,2.5731,242.97,8.97
data_rates_of_covid_19_cases_or_deaths_by_age_3rge-nu2a.csv,239530,1591,16,parquet+zstd,78921,3.0351,38.48,606.31
data_rates_of_covid_19_cases_or_deaths_by_age_3rge-nu2a.csv,239530,1591,16,polypress,47159,5.0792,3.02,69.02
data_rates_of_covid_19_cases_or_deaths_by_age_3rge-nu2a.csv,239530,1591,16,polypress+brotli,46553,5.1453,,
data_rates_of_covid_19_cases_or_deaths_by_age_3rge-nu2a.csv,239530,1591,16,polypress+zstd,48126,4.9771,,
data_rates_of_covid_19_cases_or_deaths_by_age_3rge-nu2a.csv,239530,1591,16,xz -9e,53780,4.4539,5.5,49.6
data_rates_of_covid_19_cases_or_deaths_by_age_3rge-nu2a.csv,239530,1591,16,zstd -19,54075,4.4296,4.83,72.61
data_rates_of_covid_19_cases_or_deaths_by_age_3rge-nu2a.csv,239530,1591,16,zstd -22,54081,4.4291,2.46,66.65
data_rates_of_covid_19_cases_or_deaths_by_age_3rge-nu2a.csv,239530,1591,16,zstd -3,70870,3.3799,61.62,81.17
data_missouri_alcohol_licenses_not_renewed_fo_mtgj-bnbx.csv,250730,1366,14,brotli -q11,60184,4.1661,1.18,69.57
data_missouri_alcohol_licenses_not_renewed_fo_mtgj-bnbx.csv,250730,1366,14,bzip2 -9,57371,4.3703,19.78,46.04
data_missouri_alcohol_licenses_not_renewed_fo_mtgj-bnbx.csv,250730,1366,14,feather+lz4,165410,1.5158,1129.58,1339.67
data_missouri_alcohol_licenses_not_renewed_fo_mtgj-bnbx.csv,250730,1366,14,feather+zstd,105170,2.384,747.96,1682.62
data_missouri_alcohol_licenses_not_renewed_fo_mtgj-bnbx.csv,250730,1366,14,gzip -9,76167,3.2918,13.13,112.14
data_missouri_alcohol_licenses_not_renewed_fo_mtgj-bnbx.csv,250730,1366,14,lz4 -9,87089,2.879,26.69,96.29
data_missouri_alcohol_licenses_not_renewed_fo_mtgj-bnbx.csv,250730,1366,14,orc+snappy,112411,2.2305,176.84,436.91
data_missouri_alcohol_licenses_not_renewed_fo_mtgj-bnbx.csv,250730,1366,14,orc+zlib,77462,3.2368,93.38,311.14
data_missouri_alcohol_licenses_not_renewed_fo_mtgj-bnbx.csv,250730,1366,14,orc+zstd,75260,3.3315,153.23,524.25
data_missouri_alcohol_licenses_not_renewed_fo_mtgj-bnbx.csv,250730,1366,14,parquet+brotli,81327,3.083,1.99,422.68
data_missouri_alcohol_licenses_not_renewed_fo_mtgj-bnbx.csv,250730,1366,14,parquet+gzip,88098,2.846,44.13,472.22
data_missouri_alcohol_licenses_not_renewed_fo_mtgj-bnbx.csv,250730,1366,14,parquet+snappy,123046,2.0377,204.16,26.7
data_missouri_alcohol_licenses_not_renewed_fo_mtgj-bnbx.csv,250730,1366,14,parquet+zstd,84149,2.9796,14.84,575.29
data_missouri_alcohol_licenses_not_renewed_fo_mtgj-bnbx.csv,250730,1366,14,polypress,53924,4.6497,1.58,69.16
data_missouri_alcohol_licenses_not_renewed_fo_mtgj-bnbx.csv,250730,1366,14,polypress+brotli,53253,4.7083,,
data_missouri_alcohol_licenses_not_renewed_fo_mtgj-bnbx.csv,250730,1366,14,polypress+zstd,57647,4.3494,,
data_missouri_alcohol_licenses_not_renewed_fo_mtgj-bnbx.csv,250730,1366,14,xz -9e,61620,4.069,6.19,51.87
data_missouri_alcohol_licenses_not_renewed_fo_mtgj-bnbx.csv,250730,1366,14,zstd -19,65342,3.8372,5.1,70.55
data_missouri_alcohol_licenses_not_renewed_fo_mtgj-bnbx.csv,250730,1366,14,zstd -22,65342,3.8372,2.74,71.05
data_missouri_alcohol_licenses_not_renewed_fo_mtgj-bnbx.csv,250730,1366,14,zstd -3,76753,3.2667,56.7,79.08
data_providence_police_department_arrests_and_vank-fyx9.csv,485254,1916,19,brotli -q11,44881,10.812,1.18,132.46
data_providence_police_department_arrests_and_vank-fyx9.csv,485254,1916,19,bzip2 -9,43491,11.1576,17.88,69.39
data_providence_police_department_arrests_and_vank-fyx9.csv,485254,1916,19,feather+lz4,193498,2.5078,1995.39,2083.22
data_providence_police_department_arrests_and_vank-fyx9.csv,485254,1916,19,feather+zstd,118594,4.0917,1656.06,2266.48
data_providence_police_department_arrests_and_vank-fyx9.csv,485254,1916,19,gzip -9,66493,7.2978,29.1,228.69
data_providence_police_department_arrests_and_vank-fyx9.csv,485254,1916,19,lz4 -9,71579,6.7793,46.64,164.34
data_providence_police_department_arrests_and_vank-fyx9.csv,485254,1916,19,orc+snappy,95262,5.0939,262.72,772.41
data_providence_police_department_arrests_and_vank-fyx9.csv,485254,1916,19,orc+zlib,66140,7.3368,162.4,510.36
data_providence_police_department_arrests_and_vank-fyx9.csv,485254,1916,19,orc+zstd,63668,7.6216,244.19,692.28
data_providence_police_department_arrests_and_vank-fyx9.csv,485254,1916,19,parquet+brotli,57469,8.4438,5.65,770.36
data_providence_police_department_arrests_and_vank-fyx9.csv,485254,1916,19,parquet+gzip,63062,7.6949,129.09,872.77
data_providence_police_department_arrests_and_vank-fyx9.csv,485254,1916,19,parquet+snappy,83059,5.8423,355.76,17.49
data_providence_police_department_arrests_and_vank-fyx9.csv,485254,1916,19,parquet+zstd,59599,8.142,44.31,1004.59
data_providence_police_department_arrests_and_vank-fyx9.csv,485254,1916,19,polypress,35018,13.8573,6.17,140.28
data_providence_police_department_arrests_and_vank-fyx9.csv,485254,1916,19,polypress+brotli,35051,13.8442,,
data_providence_police_department_arrests_and_vank-fyx9.csv,485254,1916,19,polypress+zstd,41482,11.6979,,
data_providence_police_department_arrests_and_vank-fyx9.csv,485254,1916,19,xz -9e,44476,10.9105,4.98,98.42
data_providence_police_department_arrests_and_vank-fyx9.csv,485254,1916,19,zstd -19,49248,9.8533,3.75,137.11
data_providence_police_department_arrests_and_vank-fyx9.csv,485254,1916,19,zstd -22,49237,9.8555,2.66,125.36
data_providence_police_department_arrests_and_vank-fyx9.csv,485254,1916,19,zstd -3,62032,7.8226,88.57,145.6
data_police_active_warrants_cab7-wvn5.csv,495025,3877,11,brotli -q11,59931,8.2599,1.13,122.11
data_police_active_warrants_cab7-wvn5.csv,495025,3877,11,bzip2 -9,49427,10.0153,19.97,67.02
data_police_active_warrants_cab7-wvn5.csv,495025,3877,11,feather+lz4,222978,2.2201,1958.76,2932.61
data_police_active_warrants_cab7-wvn5.csv,495025,3877,11,feather+zstd,135858,3.6437,1718.78,2798.23
data_police_active_warrants_cab7-wvn5.csv,495025,3877,11,gzip -9,78068,6.3409,18.07,209.75
data_police_active_warrants_cab7-wvn5.csv,495025,3877,11,lz4 -9,90624,5.4624,33.96,181.6
data_police_active_warrants_cab7-wvn5.csv,495025,3877,11,orc+snappy,104439,4.7398,263.19,692.33
data_police_active_warrants_cab7-wvn5.csv,495025,3877,11,orc+zlib,74287,6.6637,149.29,502.61
data_police_active_warrants_cab7-wvn5.csv,495025,3877,11,orc+zstd,71889,6.886,238.11,720.68
data_police_active_warrants_cab7-wvn5.csv,495025,3877,11,parquet+brotli,72258,6.8508,5.44,788.26
data_police_active_warrants_cab7-wvn5.csv,495025,3877,11,parquet+gzip,77138,6.4174,115.23,1040.22
data_police_active_warrants_cab7-wvn5.csv,495025,3877,11,parquet+snappy,99278,4.9863,331.99,17.03
data_police_active_warrants_cab7-wvn5.csv,495025,3877,11,parquet+zstd,74934,6.6061,58.4,978.46
data_police_active_warrants_cab7-wvn5.csv,495025,3877,11,polypress,46050,10.7497,4.24,105.82
data_police_active_warrants_cab7-wvn5.csv,495025,3877,11,polypress+brotli,45649,10.8442,,
data_police_active_warrants_cab7-wvn5.csv,495025,3877,11,polypress+zstd,51211,9.6664,,
data_police_active_warrants_cab7-wvn5.csv,495025,3877,11,xz -9e,60248,8.2165,5.06,95.8
data_police_active_warrants_cab7-wvn5.csv,495025,3877,11,zstd -19,62515,7.9185,4.57,144.12
data_police_active_warrants_cab7-wvn5.csv,495025,3877,11,zstd -22,62495,7.921,3.27,140.78
data_police_active_warrants_cab7-wvn5.csv,495025,3877,11,zstd -3,80735,6.1315,91.39,160.5
data_lottery_take_5_winning_numbers_beginning_dg63-4siq.csv,521332,10688,5,brotli -q11,72149,7.2258,0.77,115.44
data_lottery_take_5_winning_numbers_beginning_dg63-4siq.csv,521332,10688,5,bzip2 -9,59811,8.7163,22.48,59.83
data_lottery_take_5_winning_numbers_beginning_dg63-4siq.csv,521332,10688,5,feather+lz4,232866,2.2388,1348.1,2479.17
data_lottery_take_5_winning_numbers_beginning_dg63-4siq.csv,521332,10688,5,feather+zstd,163002,3.1983,1316.45,2199.82
data_lottery_take_5_winning_numbers_beginning_dg63-4siq.csv,521332,10688,5,gzip -9,89168,5.8466,12.38,20.94
data_lottery_take_5_winning_numbers_beginning_dg63-4siq.csv,521332,10688,5,lz4 -9,120724,4.3184,21.58,163.28
data_lottery_take_5_winning_numbers_beginning_dg63-4siq.csv,521332,10688,5,orc+snappy,89832,5.8034,414.45,1079.81
data_lottery_take_5_winning_numbers_beginning_dg63-4siq.csv,521332,10688,5,orc+zlib,65748,7.9292,223.65,732.29
data_lottery_take_5_winning_numbers_beginning_dg63-4siq.csv,521332,10688,5,orc+zstd,58161,8.9636,421.72,1125.97
data_lottery_take_5_winning_numbers_beginning_dg63-4siq.csv,521332,10688,5,parquet+brotli,140396,3.7133,0.85,451.69
data_lottery_take_5_winning_numbers_beginning_dg63-4siq.csv,521332,10688,5,parquet+gzip,152021,3.4293,25.15,583.88
data_lottery_take_5_winning_numbers_beginning_dg63-4siq.csv,521332,10688,5,parquet+snappy,214754,2.4276,252.94,38.54
data_lottery_take_5_winning_numbers_beginning_dg63-4siq.csv,521332,10688,5,parquet+zstd,143639,3.6295,8.4,774.57
data_lottery_take_5_winning_numbers_beginning_dg63-4siq.csv,521332,10688,5,polypress,48681,10.7091,1.12,88.8
data_lottery_take_5_winning_numbers_beginning_dg63-4siq.csv,521332,10688,5,polypress+brotli,48616,10.7235,,
data_lottery_take_5_winning_numbers_beginning_dg63-4siq.csv,521332,10688,5,polypress+zstd,51837,10.0571,,
data_lottery_take_5_winning_numbers_beginning_dg63-4siq.csv,521332,10688,5,xz -9e,62912,8.2867,4.87,86.79
data_lottery_take_5_winning_numbers_beginning_dg63-4siq.csv,521332,10688,5,zstd -19,75044,6.947,4.98,129.17
data_lottery_take_5_winning_numbers_beginning_dg63-4siq.csv,521332,10688,5,zstd -22,75044,6.947,2.49,104.54
data_lottery_take_5_winning_numbers_beginning_dg63-4siq.csv,521332,10688,5,zstd -3,100953,5.1641,86.46,152.03
datos_tasa_de_cambio_representativa_del_mercad_32sa-8pi3.csv,563692,8317,4,brotli -q11,41991,13.4241,1.29,135.14
datos_tasa_de_cambio_representativa_del_mercad_32sa-8pi3.csv,563692,8317,4,bzip2 -9,54609,10.3223,24.92,80.51
datos_tasa_de_cambio_representativa_del_mercad_32sa-8pi3.csv,563692,8317,4,feather+lz4,205226,2.7467,3208.0,4546.72
datos_tasa_de_cambio_representativa_del_mercad_32sa-8pi3.csv,563692,8317,4,feather+zstd,158458,3.5574,2683.65,4338.16
datos_tasa_de_cambio_representativa_del_mercad_32sa-8pi3.csv,563692,8317,4,gzip -9,76375,7.3806,15.19,230.55
datos_tasa_de_cambio_representativa_del_mercad_32sa-8pi3.csv,563692,8317,4,lz4 -9,120266,4.687,27.87,161.39
datos_tasa_de_cambio_representativa_del_mercad_32sa-8pi3.csv,563692,8317,4,orc+snappy,46575,12.1029,565.89,1911.31
datos_tasa_de_cambio_representativa_del_mercad_32sa-8pi3.csv,563692,8317,4,orc+zlib,33172,16.993,403.19,1610.56
datos_tasa_de_cambio_representativa_del_mercad_32sa-8pi3.csv,563692,8317,4,orc+zstd,30977,18.1971,601.6,2366.66
datos_tasa_de_cambio_representativa_del_mercad_32sa-8pi3.csv,563692,8317,4,parquet+brotli,149588,3.7683,0.91,566.43
datos_tasa_de_cambio_representativa_del_mercad_32sa-8pi3.csv,563692,8317,4,parquet+gzip,156537,3.601,67.31,1230.76
datos_tasa_de_cambio_representativa_del_mercad_32sa-8pi3.csv,563692,8317,4,parquet+snappy,205030,2.7493,402.64,19.81
datos_tasa_de_cambio_representativa_del_mercad_32sa-8pi3.csv,563692,8317,4,parquet+zstd,144286,3.9068,41.61,1663.83
datos_tasa_de_cambio_representativa_del_mercad_32sa-8pi3.csv,563692,8317,4,polypress,25385,22.2057,0.7,179.24
datos_tasa_de_cambio_representativa_del_mercad_32sa-8pi3.csv,563692,8317,4,polypress+brotli,32276,17.4647,,
datos_tasa_de_cambio_representativa_del_mercad_32sa-8pi3.csv,563692,8317,4,polypress+zstd,31614,17.8305,,
datos_tasa_de_cambio_representativa_del_mercad_32sa-8pi3.csv,563692,8317,4,xz -9e,38172,14.7672,5.2,95.27
datos_tasa_de_cambio_representativa_del_mercad_32sa-8pi3.csv,563692,8317,4,zstd -19,41792,13.488,5.76,154.74
datos_tasa_de_cambio_representativa_del_mercad_32sa-8pi3.csv,563692,8317,4,zstd -22,41792,13.488,2.44,143.39
datos_tasa_de_cambio_representativa_del_mercad_32sa-8pi3.csv,563692,8317,4,zstd -3,78946,7.1402,89.5,156.63
data_county_clerk_license_information_hbmv-rqk9.csv,600564,1448,24,brotli -q11,48174,12.4666,2.04,136.09
data_county_clerk_license_information_hbmv-rqk9.csv,600564,1448,24,bzip2 -9,62624,9.59,19.61,67.53
data_county_clerk_license_information_hbmv-rqk9.csv,600564,1448,24,feather+lz4,256538,2.341,1658.29,2336.69
data_county_clerk_license_information_hbmv-rqk9.csv,600564,1448,24,feather+zstd,160434,3.7434,1681.54,2374.13
data_county_clerk_license_information_hbmv-rqk9.csv,600564,1448,24,gzip -9,74022,8.1133,37.18,231.61
data_county_clerk_license_information_hbmv-rqk9.csv,600564,1448,24,lz4 -9,83715,7.1739,56.64,212.14
data_county_clerk_license_information_hbmv-rqk9.csv,600564,1448,24,orc+snappy,150253,3.997,255.24,642.92
data_county_clerk_license_information_hbmv-rqk9.csv,600564,1448,24,orc+zlib,104359,5.7548,133.87,424.78
data_county_clerk_license_information_hbmv-rqk9.csv,600564,1448,24,orc+zstd,98665,6.0869,216.74,666.04
data_county_clerk_license_information_hbmv-rqk9.csv,600564,1448,24,parquet+brotli,91045,6.5963,3.52,649.21
data_county_clerk_license_information_hbmv-rqk9.csv,600564,1448,24,parquet+gzip,96972,6.1932,100.33,771.5
data_county_clerk_license_information_hbmv-rqk9.csv,600564,1448,24,parquet+snappy,131607,4.5633,350.39,21.48
data_county_clerk_license_information_hbmv-rqk9.csv,600564,1448,24,parquet+zstd,93566,6.4186,30.23,749.91
data_county_clerk_license_information_hbmv-rqk9.csv,600564,1448,24,polypress,48654,12.3436,3.25,155.54
data_county_clerk_license_information_hbmv-rqk9.csv,600564,1448,24,polypress+brotli,48291,12.4364,,
data_county_clerk_license_information_hbmv-rqk9.csv,600564,1448,24,polypress+zstd,54671,10.9851,,
data_county_clerk_license_information_hbmv-rqk9.csv,600564,1448,24,xz -9e,50396,11.9169,8.39,111.51
data_county_clerk_license_information_hbmv-rqk9.csv,600564,1448,24,zstd -19,52563,11.4256,7.69,157.55
data_county_clerk_license_information_hbmv-rqk9.csv,600564,1448,24,zstd -22,52529,11.433,3.16,146.98
data_county_clerk_license_information_hbmv-rqk9.csv,600564,1448,24,zstd -3,65011,9.2379,99.01,183.04
data_provisional_covid_19_deaths_by_week_sex_vsak-wrfu.csv,704273,6552,8,brotli -q11,31359,22.4584,0.88,166.49
data_provisional_covid_19_deaths_by_week_sex_vsak-wrfu.csv,704273,6552,8,bzip2 -9,34767,20.2569,16.78,78.29
data_provisional_covid_19_deaths_by_week_sex_vsak-wrfu.csv,704273,6552,8,feather+lz4,129322,5.4459,3912.5,4238.07
data_provisional_covid_19_deaths_by_week_sex_vsak-wrfu.csv,704273,6552,8,feather+zstd,80378,8.762,4287.28,5594.57
data_provisional_covid_19_deaths_by_week_sex_vsak-wrfu.csv,704273,6552,8,gzip -9,52586,13.3928,31.09,312.02
data_provisional_covid_19_deaths_by_week_sex_vsak-wrfu.csv,704273,6552,8,lz4 -9,73423,9.592,44.91,194.4
data_provisional_covid_19_deaths_by_week_sex_vsak-wrfu.csv,704273,6552,8,orc+snappy,35893,19.6215,503.74,1581.34
data_provisional_covid_19_deaths_by_week_sex_vsak-wrfu.csv,704273,6552,8,orc+zlib,24830,28.3638,411.58,1488.88
data_provisional_covid_19_deaths_by_week_sex_vsak-wrfu.csv,704273,6552,8,orc+zstd,23255,30.2848,557.24,1834.74
data_provisional_covid_19_deaths_by_week_sex_vsak-wrfu.csv,704273,6552,8,parquet+brotli,35836,19.6527,11.64,1245.86
data_provisional_covid_19_deaths_by_week_sex_vsak-wrfu.csv,704273,6552,8,parquet+gzip,37486,18.7876,194.34,1688.93
data_provisional_covid_19_deaths_by_week_sex_vsak-wrfu.csv,704273,6552,8,parquet+snappy,47899,14.7033,631.05,25.34
data_provisional_covid_19_deaths_by_week_sex_vsak-wrfu.csv,704273,6552,8,parquet+zstd,34135,20.632,86.85,2090.54
data_provisional_covid_19_deaths_by_week_sex_vsak-wrfu.csv,704273,6552,8,polypress,20398,34.5266,33.51,242.36
data_provisional_covid_19_deaths_by_week_sex_vsak-wrfu.csv,704273,6552,8,polypress+brotli,21315,33.0412,,
data_provisional_covid_19_deaths_by_week_sex_vsak-wrfu.csv,704273,6552,8,polypress+zstd,23474,30.0023,,
data_provisional_covid_19_deaths_by_week_sex_vsak-wrfu.csv,704273,6552,8,xz -9e,31160,22.6018,4.7,131.39
data_provisional_covid_19_deaths_by_week_sex_vsak-wrfu.csv,704273,6552,8,zstd -19,36395,19.3508,4.63,181.05
data_provisional_covid_19_deaths_by_week_sex_vsak-wrfu.csv,704273,6552,8,zstd -22,36379,19.3593,3.16,185.72
data_provisional_covid_19_deaths_by_week_sex_vsak-wrfu.csv,704273,6552,8,zstd -3,70078,10.0498,107.41,196.85
data_tlc_new_driver_application_status_dpec-ucu7.csv,781228,4237,12,brotli -q11,25986,30.0634,0.93,197.77
data_tlc_new_driver_application_status_dpec-ucu7.csv,781228,4237,12,bzip2 -9,18669,41.8463,10.44,70.85
data_tlc_new_driver_application_status_dpec-ucu7.csv,781228,4237,12,feather+lz4,234610,3.3299,4025.44,4222.56
data_tlc_new_driver_application_status_dpec-ucu7.csv,781228,4237,12,feather+zstd,131042,5.9617,3003.4,4070.44
data_tlc_new_driver_application_status_dpec-ucu7.csv,781228,4237,12,gzip -9,34326,22.7591,41.16,289.23
data_tlc_new_driver_application_status_dpec-ucu7.csv,781228,4237,12,lz4 -9,45311,17.2415,54.92,273.24
data_tlc_new_driver_application_status_dpec-ucu7.csv,781228,4237,12,orc+snappy,81574,9.5769,373.24,1061.45
data_tlc_new_driver_application_status_dpec-ucu7.csv,781228,4237,12,orc+zlib,46616,16.7588,267.73,858.45
data_tlc_new_driver_application_status_dpec-ucu7.csv,781228,4237,12,orc+zstd,49034,15.9324,349.25,992.64
data_tlc_new_driver_application_status_dpec-ucu7.csv,781228,4237,12,parquet+brotli,29148,26.8021,16.03,1244.0
data_tlc_new_driver_application_status_dpec-ucu7.csv,781228,4237,12,parquet+gzip,32395,24.1157,236.79,1499.64
data_tlc_new_driver_application_status_dpec-ucu7.csv,781228,4237,12,parquet+snappy,42080,18.5653,548.13,27.82
data_tlc_new_driver_application_status_dpec-ucu7.csv,781228,4237,12,parquet+zstd,28860,27.0696,124.93,1740.15
data_tlc_new_driver_application_status_dpec-ucu7.csv,781228,4237,12,polypress,17122,45.6271,24.39,243.22
data_tlc_new_driver_application_status_dpec-ucu7.csv,781228,4237,12,polypress+brotli,16898,46.232,,
data_tlc_new_driver_application_status_dpec-ucu7.csv,781228,4237,12,polypress+zstd,19423,40.2218,,
data_tlc_new_driver_application_status_dpec-ucu7.csv,781228,4237,12,xz -9e,25140,31.0751,4.29,157.96
data_tlc_new_driver_application_status_dpec-ucu7.csv,781228,4237,12,zstd -19,27193,28.729,3.18,211.21
data_tlc_new_driver_application_status_dpec-ucu7.csv,781228,4237,12,zstd -22,27193,28.729,2.56,202.75
data_tlc_new_driver_application_status_dpec-ucu7.csv,781228,4237,12,zstd -3,55658,14.0362,113.82,229.57
datos_código_único_de_medicamentos_en_trámite_vgr4-gemg.csv,788499,1607,29,brotli -q11,33800,23.3284,1.23,198.97
datos_código_único_de_medicamentos_en_trámite_vgr4-gemg.csv,788499,1607,29,bzip2 -9,33762,23.3546,18.24,73.77
datos_código_único_de_medicamentos_en_trámite_vgr4-gemg.csv,788499,1607,29,feather+lz4,296970,2.6551,1829.21,2610.26
datos_código_único_de_medicamentos_en_trámite_vgr4-gemg.csv,788499,1607,29,feather+zstd,174810,4.5106,2233.09,3650.34
datos_código_único_de_medicamentos_en_trámite_vgr4-gemg.csv,788499,1607,29,gzip -9,104908,7.5161,30.79,301.18
datos_código_único_de_medicamentos_en_trámite_vgr4-gemg.csv,788499,1607,29,lz4 -9,93282,8.4529,55.19,250.96
datos_código_único_de_medicamentos_en_trámite_vgr4-gemg.csv,788499,1607,29,orc+snappy,159942,4.9299,237.21,403.71
datos_código_único_de_medicamentos_en_trámite_vgr4-gemg.csv,788499,1607,29,orc+zlib,111323,7.083,131.31,480.49
datos_código_único_de_medicamentos_en_trámite_vgr4-gemg.csv,788499,1607,29,orc+zstd,111557,7.0681,213.69,625.77
datos_código_único_de_medicamentos_en_trámite_vgr4-gemg.csv,788499,1607,29,parquet+brotli,59102,13.3413,6.81,847.78
datos_código_único_de_medicamentos_en_trámite_vgr4-gemg.csv,788499,1607,29,parquet+gzip,63202,12.4759,193.17,1087.54
datos_código_único_de_medicamentos_en_trámite_vgr4-gemg.csv,788499,1607,29,parquet+snappy,82862,9.5158,462.22,28.27
datos_código_único_de_medicamentos_en_trámite_vgr4-gemg.csv,788499,1607,29,parquet+zstd,60291,13.0782,32.59,754.55
datos_código_único_de_medicamentos_en_trámite_vgr4-gemg.csv,788499,1607,29,polypress,30461,25.8855,11.29,226.65
datos_código_único_de_medicamentos_en_trámite_vgr4-gemg.csv,788499,1607,29,polypress+brotli,30598,25.7696,,
datos_código_único_de_medicamentos_en_trámite_vgr4-gemg.csv,788499,1607,29,polypress+zstd,33650,23.4324,,
datos_código_único_de_medicamentos_en_trámite_vgr4-gemg.csv,788499,1607,29,xz -9e,32328,24.3906,6.0,155.92
datos_código_único_de_medicamentos_en_trámite_vgr4-gemg.csv,788499,1607,29,zstd -19,34487,22.8637,4.48,171.9
datos_código_único_de_medicamentos_en_trámite_vgr4-gemg.csv,788499,1607,29,zstd -22,34148,23.0906,1.82,175.25
datos_código_único_de_medicamentos_en_trámite_vgr4-gemg.csv,788499,1607,29,zstd -3,52918,14.9004,116.86,248.12
data_lottery_daily_numbers_win_4_winning_numb_hsys-3def.csv,970818,16664,13,brotli -q11,141282,6.8715,1.13,169.46
data_lottery_daily_numbers_win_4_winning_numb_hsys-3def.csv,970818,16664,13,bzip2 -9,140848,6.8927,24.6,62.7
data_lottery_daily_numbers_win_4_winning_numb_hsys-3def.csv,970818,16664,13,feather+lz4,368378,2.6354,2285.02,4031.59
data_lottery_daily_numbers_win_4_winning_numb_hsys-3def.csv,970818,16664,13,feather+zstd,218058,4.4521,2502.71,3945.65
data_lottery_daily_numbers_win_4_winning_numb_hsys-3def.csv,970818,16664,13,gzip -9,186931,5.1935,6.11,297.05
data_lottery_daily_numbers_win_4_winning_numb_hsys-3def.csv,970818,16664,13,lz4 -9,250372,3.8775,18.83,210.63
data_lottery_daily_numbers_win_4_winning_numb_hsys-3def.csv,970818,16664,13,orc+snappy,122536,7.9227,379.21,1337.24
data_lottery_daily_numbers_win_4_winning_numb_hsys-3def.csv,970818,16664,13,orc+zlib,98350,9.8711,239.35,883.28
data_lottery_daily_numbers_win_4_winning_numb_hsys-3def.csv,970818,16664,13,orc+zstd,96446,10.0659,406.22,1342.98
data_lottery_daily_numbers_win_4_winning_numb_hsys-3def.csv,970818,16664,13,parquet+brotli,241288,4.0235,1.24,598.9
data_lottery_daily_numbers_win_4_winning_numb_hsys-3def.csv,970818,16664,13,parquet+gzip,245254,3.9584,67.83,1272.47
data_lottery_daily_numbers_win_4_winning_numb_hsys-3def.csv,970818,16664,13,parquet+snappy,306049,3.1721,383.09,33.96
data_lottery_daily_numbers_win_4_winning_numb_hsys-3def.csv,970818,16664,13,parquet+zstd,228482,4.249,33.28,1516.54
data_lottery_daily_numbers_win_4_winning_numb_hsys-3def.csv,970818,16664,13,polypress,94363,10.2881,2.2,69.05
data_lottery_daily_numbers_win_4_winning_numb_hsys-3def.csv,970818,16664,13,polypress+brotli,91142,10.6517,,
data_lottery_daily_numbers_win_4_winning_numb_hsys-3def.csv,970818,16664,13,polypress+zstd,101952,9.5223,,
data_lottery_daily_numbers_win_4_winning_numb_hsys-3def.csv,970818,16664,13,xz -9e,138524,7.0083,4.49,95.79
data_lottery_daily_numbers_win_4_winning_numb_hsys-3def.csv,970818,16664,13,zstd -19,146807,6.6129,5.57,201.2
data_lottery_daily_numbers_win_4_winning_numb_hsys-3def.csv,970818,16664,13,zstd -22,146807,6.6129,3.5,200.58
data_lottery_daily_numbers_win_4_winning_numb_hsys-3def.csv,970818,16664,13,zstd -3,211947,4.5805,106.23,227.62
data_active_trademark_registrations_ny3n-dx3v.csv,1197066,3537,10,brotli -q11,174296,6.868,1.15,200.61
data_active_trademark_registrations_ny3n-dx3v.csv,1197066,3537,10,bzip2 -9,179401,6.6726,21.54,65.85
data_active_trademark_registrations_ny3n-dx3v.csv,1197066,3537,10,feather+lz4,440402,2.7181,1665.29,3553.33
data_active_trademark_registrations_ny3n-dx3v.csv,1197066,3537,10,feather+zstd,280506,4.2675,1301.08,3253.96
data_active_trademark_registrations_ny3n-dx3v.csv,1197066,3537,10,gzip -9,241354,4.9598,42.02,393.48
data_active_trademark_registrations_ny3n-dx3v.csv,1197066,3537,10,lz4 -9,277629,4.3117,57.19,267.21
data_active_trademark_registrations_ny3n-dx3v.csv,1197066,3537,10,orc+snappy,346369,3.456,474.83,1436.99
data_active_trademark_registrations_ny3n-dx3v.csv,1197066,3537,10,orc+zlib,240207,4.9835,200.75,595.24
data_active_trademark_registrations_ny3n-dx3v.csv,1197066,3537,10,orc+zstd,226644,5.2817,399.69,1217.77
data_active_trademark_registrations_ny3n-dx3v.csv,1197066,3537,10,parquet+brotli,212104,5.6438,1.11,810.6
data_active_trademark_registrations_ny3n-dx3v.csv,1197066,3537,10,parquet+gzip,244133,4.9033,62.09,930.31
data_active_trademark_registrations_ny3n-dx3v.csv,1197066,3537,10,parquet+snappy,381992,3.1337,424.78,43.43
data_active_trademark_registrations_ny3n-dx3v.csv,1197066,3537,10,parquet+zstd,216890,5.5192,6.15,1368.08
data_active_trademark_registrations_ny3n-dx3v.csv,1197066,3537,10,polypress,159936,7.4847,1.96,119.03
data_active_trademark_registrations_ny3n-dx3v.csv,1197066,3537,10,polypress+brotli,161534,7.4106,,
data_active_trademark_registrations_ny3n-dx3v.csv,1197066,3537,10,polypress+zstd,169329,7.0695,,
data_active_trademark_registrations_ny3n-dx3v.csv,1197066,3537,10,xz -9e,175648,6.8151,4.66,119.46
data_active_trademark_registrations_ny3n-dx3v.csv,1197066,3537,10,zstd -19,186898,6.4049,5.85,246.17
data_active_trademark_registrations_ny3n-dx3v.csv,1197066,3537,10,zstd -22,186864,6.4061,3.71,200.92
data_active_trademark_registrations_ny3n-dx3v.csv,1197066,3537,10,zstd -3,225170,5.3163,118.53,276.52
data_contracts_vmu2-pnrc.csv,1327439,2355,29,brotli -q11,170185,7.8,1.0,220.84
data_contracts_vmu2-pnrc.csv,1327439,2355,29,bzip2 -9,179729,7.3858,18.19,63.28
data_contracts_vmu2-pnrc.csv,1327439,2355,29,feather+lz4,619770,2.1418,2383.43,2527.32
data_contracts_vmu2-pnrc.csv,1327439,2355,29,feather+zstd,393826,3.3706,1830.87,2638.71
data_contracts_vmu2-pnrc.csv,1327439,2355,29,gzip -9,275155,4.8243,34.4,388.4
data_contracts_vmu2-pnrc.csv,1327439,2355,29,lz4 -9,297119,4.4677,53.18,302.87
data_contracts_vmu2-pnrc.csv,1327439,2355,29,orc+snappy,388983,3.4126,301.28,950.77
data_contracts_vmu2-pnrc.csv,1327439,2355,29,orc+zlib,273099,4.8607,146.47,473.89
data_contracts_vmu2-pnrc.csv,1327439,2355,29,orc+zstd,266008,4.9902,245.06,732.59
data_contracts_vmu2-pnrc.csv,1327439,2355,29,parquet+brotli,221925,5.9815,3.16,1092.56
data_contracts_vmu2-pnrc.csv,1327439,2355,29,parquet+gzip,251967,5.2683,81.56,1327.54
data_contracts_vmu2-pnrc.csv,1327439,2355,29,parquet+snappy,355406,3.735,417.71,46.32
data_contracts_vmu2-pnrc.csv,1327439,2355,29,parquet+zstd,235079,5.6468,19.61,1437.93
data_contracts_vmu2-pnrc.csv,1327439,2355,29,polypress,153822,8.6297,1.7,120.91
data_contracts_vmu2-pnrc.csv,1327439,2355,29,polypress+brotli,150958,8.7934,,
data_contracts_vmu2-pnrc.csv,1327439,2355,29,polypress+zstd,162636,8.162,,
data_contracts_vmu2-pnrc.csv,1327439,2355,29,xz -9e,174000,7.629,5.17,136.09
data_contracts_vmu2-pnrc.csv,1327439,2355,29,zstd -19,184533,7.1935,4.43,287.51
data_contracts_vmu2-pnrc.csv,1327439,2355,29,zstd -22,184511,7.1944,3.36,217.33
data_contracts_vmu2-pnrc.csv,1327439,2355,29,zstd -3,234866,5.6519,124.44,311.53
data_state_of_vermont_employee_salaries_jgqy-2smf.csv,1341657,10770,7,brotli -q11,141213,9.5009,1.22,252.99
data_state_of_vermont_employee_salaries_jgqy-2smf.csv,1341657,10770,7,bzip2 -9,127804,10.4978,19.59,76.64
data_state_of_vermont_employee_salaries_jgqy-2smf.csv,1341657,10770,7,feather+lz4,524434,2.5583,2378.41,5060.54
data_state_of_vermont_employee_salaries_jgqy-2smf.csv,1341657,10770,7,feather+zstd,339970,3.9464,2178.6,4276.08
data_state_of_vermont_employee_salaries_jgqy-2smf.csv,1341657,10770,7,gzip -9,215743,6.2188,38.34,454.04
data_state_of_vermont_employee_salaries_jgqy-2smf.csv,1341657,10770,7,lz4 -9,237460,5.65,55.26,320.37
data_state_of_vermont_employee_salaries_jgqy-2smf.csv,1341657,10770,7,orc+snappy,329155,4.0761,424.32,1180.23
data_state_of_vermont_employee_salaries_jgqy-2smf.csv,1341657,10770,7,orc+zlib,226822,5.915,210.56,602.24
data_state_of_vermont_employee_salaries_jgqy-2smf.csv,1341657,10770,7,orc+zstd,225617,5.9466,370.54,1008.66
data_state_of_vermont_employee_salaries_jgqy-2smf.csv,1341657,10770,7,parquet+brotli,147578,9.0912,3.75,979.35
data_state_of_vermont_employee_salaries_jgqy-2smf.csv,1341657,10770,7,parquet+gzip,165568,8.1034,108.0,1186.2
data_state_of_vermont_employee_salaries_jgqy-2smf.csv,1341657,10770,7,parquet+snappy,231550,5.7942,508.66,49.23
data_state_of_vermont_employee_salaries_jgqy-2smf.csv,1341657,10770,7,parquet+zstd,157570,8.5147,37.91,1580.26
data_state_of_vermont_employee_salaries_jgqy-2smf.csv,1341657,10770,7,polypress,117222,11.4454,8.78,139.16
data_state_of_vermont_employee_salaries_jgqy-2smf.csv,1341657,10770,7,polypress+brotli,116620,11.5045,,
data_state_of_vermont_employee_salaries_jgqy-2smf.csv,1341657,10770,7,polypress+zstd,125365,10.702,,
data_state_of_vermont_employee_salaries_jgqy-2smf.csv,1341657,10770,7,xz -9e,141156,9.5048,4.47,149.67
data_state_of_vermont_employee_salaries_jgqy-2smf.csv,1341657,10770,7,zstd -19,148246,9.0502,5.19,276.96
data_state_of_vermont_employee_salaries_jgqy-2smf.csv,1341657,10770,7,zstd -22,148149,9.0561,2.97,244.29
data_state_of_vermont_employee_salaries_jgqy-2smf.csv,1341657,10770,7,zstd -3,199358,6.7299,123.34,319.14
data_equine_death_and_breakdown_q6ts-kwhk.csv,1645780,5450,13,brotli -q11,267160,6.1603,1.15,245.06
data_equine_death_and_breakdown_q6ts-kwhk.csv,1645780,5450,13,bzip2 -9,249122,6.6063,19.14,64.95
data_equine_death_and_breakdown_q6ts-kwhk.csv,1645780,5450,13,feather+lz4,783930,2.0994,1220.89,3407.16
data_equine_death_and_breakdown_q6ts-kwhk.csv,1645780,5450,13,feather+zstd,504274,3.2637,961.41,2535.97
data_equine_death_and_breakdown_q6ts-kwhk.csv,1645780,5450,13,gzip -9,382416,4.3036,37.12,379.82
data_equine_death_and_breakdown_q6ts-kwhk.csv,1645780,5450,13,lz4 -9,418642,3.9312,46.59,279.18
data_equine_death_and_breakdown_q6ts-kwhk.csv,1645780,5450,13,orc+snappy,578868,2.8431,391.85,1112.12
data_equine_death_and_breakdown_q6ts-kwhk.csv,1645780,5450,13,orc+zlib,409470,4.0193,157.1,470.35
data_equine_death_and_breakdown_q6ts-kwhk.csv,1645780,5450,13,orc+zstd,404055,4.0732,320.13,872.68
data_equine_death_and_breakdown_q6ts-kwhk.csv,1645780,5450,13,parquet+brotli,307668,5.3492,1.98,798.85
data_equine_death_and_breakdown_q6ts-kwhk.csv,1645780,5450,13,parquet+gzip,363958,4.5219,63.96,822.56
data_equine_death_and_breakdown_q6ts-kwhk.csv,1645780,5450,13,parquet+snappy,552043,2.9813,436.09,54.62
data_equine_death_and_breakdown_q6ts-kwhk.csv,1645780,5450,13,parquet+zstd,322762,5.0991,15.29,1396.78
data_equine_death_and_breakdown_q6ts-kwhk.csv,1645780,5450,13,polypress,236444,6.9605,2.8,117.55
data_equine_death_and_breakdown_q6ts-kwhk.csv,1645780,5450,13,polypress+brotli,236078,6.9713,,
data_equine_death_and_breakdown_q6ts-kwhk.csv,1645780,5450,13,polypress+zstd,248233,6.63,,
data_equine_death_and_breakdown_q6ts-kwhk.csv,1645780,5450,13,xz -9e,271024,6.0725,5.37,127.12
data_equine_death_and_breakdown_q6ts-kwhk.csv,1645780,5450,13,zstd -19,278889,5.9012,5.59,307.0
data_equine_death_and_breakdown_q6ts-kwhk.csv,1645780,5450,13,zstd -22,278899,5.901,4.13,292.11
data_equine_death_and_breakdown_q6ts-kwhk.csv,1645780,5450,13,zstd -3,362466,4.5405,120.98,300.48
data_weekly_provisional_counts_of_deaths_by_s_muzy-jte6.csv,2331846,10476,35,brotli -q11,223357,10.44,0.92,322.34
data_weekly_provisional_counts_of_deaths_by_s_muzy-jte6.csv,2331846,10476,35,bzip2 -9,201736,11.5589,15.8,94.4
data_weekly_provisional_counts_of_deaths_by_s_muzy-jte6.csv,2331846,10476,35,feather+lz4,603426,3.8643,2220.82,2819.39
data_weekly_provisional_counts_of_deaths_by_s_muzy-jte6.csv,2331846,10476,35,feather+zstd,301786,7.7268,2135.94,2720.58
data_weekly_provisional_counts_of_deaths_by_s_muzy-jte6.csv,2331846,10476,35,gzip -9,291882,7.989,6.27,597.94
data_weekly_provisional_counts_of_deaths_by_s_muzy-jte6.csv,2331846,10476,35,lz4 -9,346243,6.7347,31.23,410.75
data_weekly_provisional_counts_of_deaths_by_s_muzy-jte6.csv,2331846,10476,35,orc+snappy,267157,8.7284,356.39,1015.1
data_weekly_provisional_counts_of_deaths_by_s_muzy-jte6.csv,2331846,10476,35,orc+zlib,173404,13.4475,228.75,485.7
data_weekly_provisional_counts_of_deaths_by_s_muzy-jte6.csv,2331846,10476,35,orc+zstd,173434,13.4451,261.74,906.61
data_weekly_provisional_counts_of_deaths_by_s_muzy-jte6.csv,2331846,10476,35,parquet+brotli,193840,12.0297,6.2,1638.54
data_weekly_provisional_counts_of_deaths_by_s_muzy-jte6.csv,2331846,10476,35,parquet+gzip,201578,11.568,183.26,2176.82
data_weekly_provisional_counts_of_deaths_by_s_muzy-jte6.csv,2331846,10476,35,parquet+snappy,242062,9.6333,441.38,231.02
data_weekly_provisional_counts_of_deaths_by_s_muzy-jte6.csv,2331846,10476,35,parquet+zstd,195257,11.9424,65.26,2175.37
data_weekly_provisional_counts_of_deaths_by_s_muzy-jte6.csv,2331846,10476,35,polypress,120710,19.3178,5.59,123.29
data_weekly_provisional_counts_of_deaths_by_s_muzy-jte6.csv,2331846,10476,35,polypress+brotli,119164,19.5684,,
data_weekly_provisional_counts_of_deaths_by_s_muzy-jte6.csv,2331846,10476,35,polypress+zstd,133697,17.4413,,
data_weekly_provisional_counts_of_deaths_by_s_muzy-jte6.csv,2331846,10476,35,xz -9e,218752,10.6598,3.58,156.35
data_weekly_provisional_counts_of_deaths_by_s_muzy-jte6.csv,2331846,10476,35,zstd -19,240763,9.6852,4.25,406.25
data_weekly_provisional_counts_of_deaths_by_s_muzy-jte6.csv,2331846,10476,35,zstd -22,239987,9.7166,2.99,310.24
data_weekly_provisional_counts_of_deaths_by_s_muzy-jte6.csv,2331846,10476,35,zstd -3,352737,6.6107,145.37,425.29
data_hhs_provider_relief_fund_kh8y-3es6.csv,2757399,50000,4,brotli -q11,609803,4.5218,1.04,249.31
data_hhs_provider_relief_fund_kh8y-3es6.csv,2757399,50000,4,bzip2 -9,546473,5.0458,20.82,65.21
data_hhs_provider_relief_fund_kh8y-3es6.csv,2757399,50000,4,feather+lz4,1829858,1.5069,1133.86,3985.31
data_hhs_provider_relief_fund_kh8y-3es6.csv,2757399,50000,4,feather+zstd,1170178,2.3564,996.24,2869.82
data_hhs_provider_relief_fund_kh8y-3es6.csv,2757399,50000,4,gzip -9,752149,3.666,22.11,482.98
data_hhs_provider_relief_fund_kh8y-3es6.csv,2757399,50000,4,lz4 -9,898929,3.0674,36.27,272.63
data_hhs_provider_relief_fund_kh8y-3es6.csv,2757399,50000,4,orc+snappy,1097351,2.5128,338.62,885.76
data_hhs_provider_relief_fund_kh8y-3es6.csv,2757399,50000,4,orc+zlib,752536,3.6641,149.44,409.36
data_hhs_provider_relief_fund_kh8y-3es6.csv,2757399,50000,4,orc+zstd,702201,3.9268,292.44,752.81
data_hhs_provider_relief_fund_kh8y-3es6.csv,2757399,50000,4,parquet+brotli,670577,4.112,0.92,510.73
data_hhs_provider_relief_fund_kh8y-3es6.csv,2757399,50000,4,parquet+gzip,821846,3.3551,40.62,512.54
data_hhs_provider_relief_fund_kh8y-3es6.csv,2757399,50000,4,parquet+snappy,1249403,2.207,273.25,90.74
data_hhs_provider_relief_fund_kh8y-3es6.csv,2757399,50000,4,parquet+zstd,746912,3.6917,8.3,934.42
data_hhs_provider_relief_fund_kh8y-3es6.csv,2757399,50000,4,polypress,518466,5.3184,2.95,73.57
data_hhs_provider_relief_fund_kh8y-3es6.csv,2757399,50000,4,polypress+brotli,517257,5.3308,,
data_hhs_provider_relief_fund_kh8y-3es6.csv,2757399,50000,4,polypress+zstd,521751,5.2849,,
data_hhs_provider_relief_fund_kh8y-3es6.csv,2757399,50000,4,xz -9e,611940,4.506,3.69,103.25
data_hhs_provider_relief_fund_kh8y-3es6.csv,2757399,50000,4,zstd -19,632298,4.3609,4.59,365.37
data_hhs_provider_relief_fund_kh8y-3es6.csv,2757399,50000,4,zstd -22,632077,4.3624,4.4,326.51
data_hhs_provider_relief_fund_kh8y-3es6.csv,2757399,50000,4,zstd -3,764570,3.6065,120.17,307.85
data_current_employee_names_salaries_and_posi_xzkq-xp2w.csv,3077443,31775,8,brotli -q11,280538,10.9698,1.07,362.6
data_current_employee_names_salaries_and_posi_xzkq-xp2w.csv,3077443,31775,8,bzip2 -9,263463,11.6807,16.97,80.28
data_current_employee_names_salaries_and_posi_xzkq-xp2w.csv,3077443,31775,8,feather+lz4,1447010,2.1268,2731.22,5487.98
data_current_employee_names_salaries_and_posi_xzkq-xp2w.csv,3077443,31775,8,feather+zstd,897442,3.4291,2220.49,4572.35
data_current_employee_names_salaries_and_posi_xzkq-xp2w.csv,3077443,31775,8,gzip -9,429379,7.1672,37.76,707.62
data_current_employee_names_salaries_and_posi_xzkq-xp2w.csv,3077443,31775,8,lz4 -9,481460,6.3919,56.22,440.28
data_current_employee_names_salaries_and_posi_xzkq-xp2w.csv,3077443,31775,8,orc+snappy,784601,3.9223,385.45,970.58
data_current_employee_names_salaries_and_posi_xzkq-xp2w.csv,3077443,31775,8,orc+zlib,533507,5.7683,198.56,539.15
data_current_employee_names_salaries_and_posi_xzkq-xp2w.csv,3077443,31775,8,orc+zstd,519443,5.9245,330.81,793.49
data_current_employee_names_salaries_and_posi_xzkq-xp2w.csv,3077443,31775,8,parquet+brotli,351391,8.7579,3.71,1124.46
data_current_employee_names_salaries_and_posi_xzkq-xp2w.csv,3077443,31775,8,parquet+gzip,384958,7.9942,96.82,1102.94
data_current_employee_names_salaries_and_posi_xzkq-xp2w.csv,3077443,31775,8,parquet+snappy,545696,5.6395,499.51,96.68
data_current_employee_names_salaries_and_posi_xzkq-xp2w.csv,3077443,31775,8,parquet+zstd,358196,8.5915,32.44,1661.65
data_current_employee_names_salaries_and_posi_xzkq-xp2w.csv,3077443,31775,8,polypress,200322,15.3625,6.1,107.92
data_current_employee_names_salaries_and_posi_xzkq-xp2w.csv,3077443,31775,8,polypress+brotli,199617,15.4167,,
data_current_employee_names_salaries_and_posi_xzkq-xp2w.csv,3077443,31775,8,polypress+zstd,210271,14.6356,,
data_current_employee_names_salaries_and_posi_xzkq-xp2w.csv,3077443,31775,8,xz -9e,281220,10.9432,3.41,209.1
data_current_employee_names_salaries_and_posi_xzkq-xp2w.csv,3077443,31775,8,zstd -19,287653,10.6985,3.45,525.15
data_current_employee_names_salaries_and_posi_xzkq-xp2w.csv,3077443,31775,8,zstd -22,287651,10.6985,2.25,373.8
data_current_employee_names_salaries_and_posi_xzkq-xp2w.csv,3077443,31775,8,zstd -3,439031,7.0096,151.94,334.06
datos_resultados_de_los_sorteos_loterías_i3kx-3zps.csv,3670852,50000,8,brotli -q11,281117,13.0581,1.08,392.43
datos_resultados_de_los_sorteos_loterías_i3kx-3zps.csv,3670852,50000,8,bzip2 -9,255216,14.3833,16.16,92.0
datos_resultados_de_los_sorteos_loterías_i3kx-3zps.csv,3670852,50000,8,feather+lz4,1358674,2.7018,3859.78,6243.58
datos_resultados_de_los_sorteos_loterías_i3kx-3zps.csv,3670852,50000,8,feather+zstd,807386,4.5466,3029.05,4559.27
datos_resultados_de_los_sorteos_loterías_i3kx-3zps.csv,3670852,50000,8,gzip -9,379015,9.6852,12.36,860.87
datos_resultados_de_los_sorteos_loterías_i3kx-3zps.csv,3670852,50000,8,lz4 -9,503224,7.2947,39.67,474.21
datos_resultados_de_los_sorteos_loterías_i3kx-3zps.csv,3670852,50000,8,orc+snappy,570371,6.4359,457.15,1400.59
datos_resultados_de_los_sorteos_loterías_i3kx-3zps.csv,3670852,50000,8,orc+zlib,395217,9.2882,243.9,815.03
datos_resultados_de_los_sorteos_loterías_i3kx-3zps.csv,3670852,50000,8,orc+zstd,394047,9.3158,408.28,1169.78
datos_resultados_de_los_sorteos_loterías_i3kx-3zps.csv,3670852,50000,8,parquet+brotli,297392,12.3435,3.77,2195.76
datos_resultados_de_los_sorteos_loterías_i3kx-3zps.csv,3670852,50000,8,parquet+gzip,312894,11.7319,248.87,3260.62
datos_resultados_de_los_sorteos_loterías_i3kx-3zps.csv,3670852,50000,8,parquet+snappy,345781,10.6161,719.2,119.42
datos_resultados_de_los_sorteos_loterías_i3kx-3zps.csv,3670852,50000,8,parquet+zstd,306212,11.9879,119.53,3556.63
datos_resultados_de_los_sorteos_loterías_i3kx-3zps.csv,3670852,50000,8,polypress,249130,14.7347,22.67,97.72
datos_resultados_de_los_sorteos_loterías_i3kx-3zps.csv,3670852,50000,8,polypress+brotli,260262,14.1044,,
datos_resultados_de_los_sorteos_loterías_i3kx-3zps.csv,3670852,50000,8,polypress+zstd,288997,12.702,,
datos_resultados_de_los_sorteos_loterías_i3kx-3zps.csv,3670852,50000,8,xz -9e,275120,13.3427,4.42,197.77
datos_resultados_de_los_sorteos_loterías_i3kx-3zps.csv,3670852,50000,8,zstd -19,298303,12.3058,4.48,576.55
datos_resultados_de_los_sorteos_loterías_i3kx-3zps.csv,3670852,50000,8,zstd -22,298178,12.3109,4.03,426.31
datos_resultados_de_los_sorteos_loterías_i3kx-3zps.csv,3670852,50000,8,zstd -3,510097,7.1964,159.02,515.56
opendata_fire_rescue_personnel_responses_2012_201_8fxg-nyr5.csv,3899960,50000,5,brotli -q11,212728,18.3331,0.86,474.79
opendata_fire_rescue_personnel_responses_2012_201_8fxg-nyr5.csv,3899960,50000,5,bzip2 -9,228793,17.0458,19.49,109.16
opendata_fire_rescue_personnel_responses_2012_201_8fxg-nyr5.csv,3899960,50000,5,feather+lz4,1113498,3.5024,4979.49,8462.3
opendata_fire_rescue_personnel_responses_2012_201_8fxg-nyr5.csv,3899960,50000,5,feather+zstd,699474,5.5756,3639.07,5561.92
opendata_fire_rescue_personnel_responses_2012_201_8fxg-nyr5.csv,3899960,50000,5,gzip -9,331413,11.7677,25.34,904.04
opendata_fire_rescue_personnel_responses_2012_201_8fxg-nyr5.csv,3899960,50000,5,lz4 -9,440523,8.853,46.94,513.7
opendata_fire_rescue_personnel_responses_2012_201_8fxg-nyr5.csv,3899960,50000,5,orc+snappy,426682,9.1402,707.91,1767.05
opendata_fire_rescue_personnel_responses_2012_201_8fxg-nyr5.csv,3899960,50000,5,orc+zlib,267793,14.5633,378.2,1055.74
opendata_fire_rescue_personnel_responses_2012_201_8fxg-nyr5.csv,3899960,50000,5,orc+zstd,316188,12.3343,643.04,1467.84
opendata_fire_rescue_personnel_responses_2012_201_8fxg-nyr5.csv,3899960,50000,5,parquet+brotli,255316,15.275,5.47,2211.98
opendata_fire_rescue_personnel_responses_2012_201_8fxg-nyr5.csv,3899960,50000,5,parquet+gzip,283464,13.7582,172.85,3614.14
opendata_fire_rescue_personnel_responses_2012_201_8fxg-nyr5.csv,3899960,50000,5,parquet+snappy,367576,10.6099,874.41,139.37
opendata_fire_rescue_personnel_responses_2012_201_8fxg-nyr5.csv,3899960,50000,5,parquet+zstd,262463,14.8591,87.48,3654.52
opendata_fire_rescue_personnel_responses_2012_201_8fxg-nyr5.csv,3899960,50000,5,polypress,126205,30.9018,22.42,148.22
opendata_fire_rescue_personnel_responses_2012_201_8fxg-nyr5.csv,3899960,50000,5,polypress+brotli,131363,29.6884,,
opendata_fire_rescue_personnel_responses_2012_201_8fxg-nyr5.csv,3899960,50000,5,polypress+zstd,148682,26.2302,,
opendata_fire_rescue_personnel_responses_2012_201_8fxg-nyr5.csv,3899960,50000,5,xz -9e,190360,20.4873,3.68,251.01
opendata_fire_rescue_personnel_responses_2012_201_8fxg-nyr5.csv,3899960,50000,5,zstd -19,213088,18.3021,4.34,583.91
opendata_fire_rescue_personnel_responses_2012_201_8fxg-nyr5.csv,3899960,50000,5,zstd -22,212916,18.3169,3.76,482.06
opendata_fire_rescue_personnel_responses_2012_201_8fxg-nyr5.csv,3899960,50000,5,zstd -3,334730,11.6511,165.41,654.67
health_new_york_state_statewide_covid_19_testin_xdss-u53e.csv,4148270,50000,8,brotli -q11,547916,7.571,0.95,306.71
health_new_york_state_statewide_covid_19_testin_xdss-u53e.csv,4148270,50000,8,bzip2 -9,615178,6.7432,21.64,78.27
health_new_york_state_statewide_covid_19_testin_xdss-u53e.csv,4148270,50000,8,feather+lz4,1534986,2.7025,3203.67,7995.91
health_new_york_state_statewide_covid_19_testin_xdss-u53e.csv,4148270,50000,8,feather+zstd,824898,5.0288,3486.1,5680.41
health_new_york_state_statewide_covid_19_testin_xdss-u53e.csv,4148270,50000,8,gzip -9,836290,4.9603,8.12,682.05
health_new_york_state_statewide_covid_19_testin_xdss-u53e.csv,4148270,50000,8,lz4 -9,1090482,3.8041,34.54,371.85
health_new_york_state_statewide_covid_19_testin_xdss-u53e.csv,4148270,50000,8,orc+snappy,636255,6.5198,402.42,1489.52
health_new_york_state_statewide_covid_19_testin_xdss-u53e.csv,4148270,50000,8,orc+zlib,530072,7.8259,212.07,879.28
health_new_york_state_statewide_covid_19_testin_xdss-u53e.csv,4148270,50000,8,orc+zstd,517108,8.0221,381.13,1360.16
health_new_york_state_statewide_covid_19_testin_xdss-u53e.csv,4148270,50000,8,parquet+brotli,646600,6.4155,1.17,1088.26
health_new_york_state_statewide_covid_19_testin_xdss-u53e.csv,4148270,50000,8,parquet+gzip,719207,5.7678,72.84,2280.65
health_new_york_state_statewide_covid_19_testin_xdss-u53e.csv,4148270,50000,8,parquet+snappy,908653,4.5653,512.02,145.98
health_new_york_state_statewide_covid_19_testin_xdss-u53e.csv,4148270,50000,8,parquet+zstd,622361,6.6654,27.41,3198.36
health_new_york_state_statewide_covid_19_testin_xdss-u53e.csv,4148270,50000,8,polypress,382640,10.8412,22.31,90.95
health_new_york_state_statewide_covid_19_testin_xdss-u53e.csv,4148270,50000,8,polypress+brotli,383910,10.8053,,
health_new_york_state_statewide_covid_19_testin_xdss-u53e.csv,4148270,50000,8,polypress+zstd,489744,8.4703,,
health_new_york_state_statewide_covid_19_testin_xdss-u53e.csv,4148270,50000,8,xz -9e,577648,7.1813,2.9,123.05
health_new_york_state_statewide_covid_19_testin_xdss-u53e.csv,4148270,50000,8,zstd -19,611682,6.7817,3.47,518.22
health_new_york_state_statewide_covid_19_testin_xdss-u53e.csv,4148270,50000,8,zstd -22,612020,6.778,3.14,472.35
health_new_york_state_statewide_covid_19_testin_xdss-u53e.csv,4148270,50000,8,zstd -3,925470,4.4823,145.16,446.53
opendata_howard_county_police_department_call_for_qccx-65fg.csv,4169553,50000,6,brotli -q11,474521,8.7869,1.12,361.34
opendata_howard_county_police_department_call_for_qccx-65fg.csv,4169553,50000,6,bzip2 -9,482026,8.6501,22.93,91.4
opendata_howard_county_police_department_call_for_qccx-65fg.csv,4169553,50000,6,feather+lz4,1855946,2.2466,3004.36,7554.37
opendata_howard_county_police_department_call_for_qccx-65fg.csv,4169553,50000,6,feather+zstd,1232778,3.3822,2410.19,5550.1
opendata_howard_county_police_department_call_for_qccx-65fg.csv,4169553,50000,6,gzip -9,789339,5.2823,18.62,696.66
opendata_howard_county_police_department_call_for_qccx-65fg.csv,4169553,50000,6,lz4 -9,953783,4.3716,38.52,398.85
opendata_howard_county_police_department_call_for_qccx-65fg.csv,4169553,50000,6,parquet+brotli,669229,6.2304,1.35,1712.87
opendata_howard_county_police_department_call_for_qccx-65fg.csv,4169553,50000,6,parquet+gzip,802174,5.1978,114.01,2198.14
opendata_howard_county_police_department_call_for_qccx-65fg.csv,4169553,50000,6,parquet+snappy,986179,4.228,550.5,147.81
opendata_howard_county_police_department_call_for_qccx-65fg.csv,4169553,50000,6,parquet+zstd,775189,5.3788,68.44,2815.71
opendata_howard_county_police_department_call_for_qccx-65fg.csv,4169553,50000,6,polypress,333101,12.5174,3.02,95.43
opendata_howard_county_police_department_call_for_qccx-65fg.csv,4169553,50000,6,polypress+brotli,348144,11.9765,,
opendata_howard_county_police_department_call_for_qccx-65fg.csv,4169553,50000,6,polypress+zstd,425735,9.7938,,
opendata_howard_county_police_department_call_for_qccx-65fg.csv,4169553,50000,6,xz -9e,437280,9.5352,3.09,176.79
opendata_howard_county_police_department_call_for_qccx-65fg.csv,4169553,50000,6,zstd -19,482033,8.6499,4.32,562.31
opendata_howard_county_police_department_call_for_qccx-65fg.csv,4169553,50000,6,zstd -22,481840,8.6534,3.02,451.84
opendata_howard_county_police_department_call_for_qccx-65fg.csv,4169553,50000,6,zstd -3,705286,5.9119,152.99,529.6
health_genealogical_research_death_index_beginn_vafa-pf2s.csv,4174316,50000,10,brotli -q11,619741,6.7356,1.07,334.13
health_genealogical_research_death_index_beginn_vafa-pf2s.csv,4174316,50000,10,bzip2 -9,521602,8.0029,19.46,84.88
health_genealogical_research_death_index_beginn_vafa-pf2s.csv,4174316,50000,10,feather+lz4,2025890,2.0605,3266.48,6992.15
health_genealogical_research_death_index_beginn_vafa-pf2s.csv,4174316,50000,10,feather+zstd,1075394,3.8817,3150.68,5635.13
health_genealogical_research_death_index_beginn_vafa-pf2s.csv,4174316,50000,10,gzip -9,796242,5.2425,7.76,664.48
health_genealogical_research_death_index_beginn_vafa-pf2s.csv,4174316,50000,10,lz4 -9,943598,4.4238,31.34,406.35
health_genealogical_research_death_index_beginn_vafa-pf2s.csv,4174316,50000,10,orc+snappy,762809,5.4723,368.95,1144.94
health_genealogical_research_death_index_beginn_vafa-pf2s.csv,4174316,50000,10,orc+zlib,522997,7.9815,213.82,709.82
health_genealogical_research_death_index_beginn_vafa-pf2s.csv,4174316,50000,10,orc+zstd,521086,8.0108,360.26,1074.73
health_genealogical_research_death_index_beginn_vafa-pf2s.csv,4174316,50000,10,parquet+brotli,584954,7.1361,2.02,1342.15
health_genealogical_research_death_index_beginn_vafa-pf2s.csv,4174316,50000,10,parquet+gzip,620754,6.7246,85.44,1694.74
health_genealogical_research_death_index_beginn_vafa-pf2s.csv,4174316,50000,10,parquet+snappy,871133,4.7918,443.64,131.95
health_genealogical_research_death_index_beginn_vafa-pf2s.csv,4174316,50000,10,parquet+zstd,560652,7.4455,16.17,2170.64
health_genealogical_research_death_index_beginn_vafa-pf2s.csv,4174316,50000,10,polypress,348353,11.983,14.95,81.18
health_genealogical_research_death_index_beginn_vafa-pf2s.csv,4174316,50000,10,polypress+brotli,344710,12.1096,,
health_genealogical_research_death_index_beginn_vafa-pf2s.csv,4174316,50000,10,polypress+zstd,367032,11.3732,,
health_genealogical_research_death_index_beginn_vafa-pf2s.csv,4174316,50000,10,xz -9e,594588,7.0205,1.93,154.46
health_genealogical_research_death_index_beginn_vafa-pf2s.csv,4174316,50000,10,zstd -19,636133,6.562,3.86,523.29
health_genealogical_research_death_index_beginn_vafa-pf2s.csv,4174316,50000,10,zstd -22,635926,6.5642,1.99,427.35
health_genealogical_research_death_index_beginn_vafa-pf2s.csv,4174316,50000,10,zstd -3,858215,4.864,142.51,494.53
opendata_fire_dispatches_2012_2018_6uza-cd7z.csv,5532535,50000,8,brotli -q11,290500,19.0449,1.01,591.39
opendata_fire_dispatches_2012_2018_6uza-cd7z.csv,5532535,50000,8,bzip2 -9,292998,18.8825,15.49,85.99
opendata_fire_dispatches_2012_2018_6uza-cd7z.csv,5532535,50000,8,gzip -9,516508,10.7114,21.43,1042.51
opendata_fire_dispatches_2012_2018_6uza-cd7z.csv,5532535,50000,8,lz4 -9,612425,9.0338,68.51,606.12
opendata_fire_dispatches_2012_2018_6uza-cd7z.csv,5532535,50000,8,polypress,249522,22.1725,26.95,122.13
opendata_fire_dispatches_2012_2018_6uza-cd7z.csv,5532535,50000,8,polypress+brotli,252374,21.922,,
opendata_fire_dispatches_2012_2018_6uza-cd7z.csv,5532535,50000,8,polypress+zstd,280513,19.7229,,
opendata_fire_dispatches_2012_2018_6uza-cd7z.csv,5532535,50000,8,xz -9e,287452,19.2468,4.27,294.63
opendata_fire_dispatches_2012_2018_6uza-cd7z.csv,5532535,50000,8,zstd -19,308711,17.9214,4.15,826.01
opendata_fire_dispatches_2012_2018_6uza-cd7z.csv,5532535,50000,8,zstd -22,308674,17.9236,3.79,814.82
opendata_fire_dispatches_2012_2018_6uza-cd7z.csv,5532535,50000,8,zstd -3,488716,11.3206,179.94,746.43
data_medallion_drivers_active_jb3k-j3gp.csv,5635382,50000,6,brotli -q11,651903,8.6445,1.04,408.45
data_medallion_drivers_active_jb3k-j3gp.csv,5635382,50000,6,bzip2 -9,561960,10.0281,14.47,72.71
data_medallion_drivers_active_jb3k-j3gp.csv,5635382,50000,6,feather+lz4,1449154,3.8887,3951.93,8156.14
data_medallion_drivers_active_jb3k-j3gp.csv,5635382,50000,6,feather+zstd,940890,5.9894,2453.45,6598.69
data_medallion_drivers_active_jb3k-j3gp.csv,5635382,50000,6,gzip -9,902425,6.2447,28.59,851.28
data_medallion_drivers_active_jb3k-j3gp.csv,5635382,50000,6,lz4 -9,1094119,5.1506,74.22,487.83
data_medallion_drivers_active_jb3k-j3gp.csv,5635382,50000,6,parquet+brotli,735621,7.6607,2.1,1175.24
data_medallion_drivers_active_jb3k-j3gp.csv,5635382,50000,6,parquet+gzip,840059,6.7083,91.81,1276.48
data_medallion_drivers_active_jb3k-j3gp.csv,5635382,50000,6,parquet+snappy,1181286,4.7705,635.25,137.03
data_medallion_drivers_active_jb3k-j3gp.csv,5635382,50000,6,parquet+zstd,767475,7.3428,31.96,2208.19
data_medallion_drivers_active_jb3k-j3gp.csv,5635382,50000,6,polypress,538612,10.4628,12.34,128.54
data_medallion_drivers_active_jb3k-j3gp.csv,5635382,50000,6,polypress+brotli,513868,10.9666,,
data_medallion_drivers_active_jb3k-j3gp.csv,5635382,50000,6,polypress+zstd,550196,10.2425,,
data_medallion_drivers_active_jb3k-j3gp.csv,5635382,50000,6,xz -9e,639132,8.8172,3.96,186.66
data_medallion_drivers_active_jb3k-j3gp.csv,5635382,50000,6,zstd -19,687995,8.191,4.38,646.11
data_medallion_drivers_active_jb3k-j3gp.csv,5635382,50000,6,zstd -22,687973,8.1913,3.7,532.91
data_medallion_drivers_active_jb3k-j3gp.csv,5635382,50000,6,zstd -3,859387,6.5574,164.48,617.45
data_provisional_covid_19_death_counts_by_wee_r8kw-7aab.csv,5955280,23220,17,brotli -q11,305974,19.4634,0.83,607.43
data_provisional_covid_19_death_counts_by_wee_r8kw-7aab.csv,5955280,23220,17,bzip2 -9,276457,21.5414,15.34,94.29
data_provisional_covid_19_death_counts_by_wee_r8kw-7aab.csv,5955280,23220,17,feather+lz4,823986,7.2274,4840.75,6134.15
data_provisional_covid_19_death_counts_by_wee_r8kw-7aab.csv,5955280,23220,17,feather+zstd,465626,12.7898,5106.98,6417.85
data_provisional_covid_19_death_counts_by_wee_r8kw-7aab.csv,5955280,23220,17,gzip -9,527619,11.2871,22.57,1093.95
data_provisional_covid_19_death_counts_by_wee_r8kw-7aab.csv,5955280,23220,17,lz4 -9,723172,8.2349,70.29,624.44
data_provisional_covid_19_death_counts_by_wee_r8kw-7aab.csv,5955280,23220,17,orc+snappy,371923,16.0121,661.68,2304.69
data_provisional_covid_19_death_counts_by_wee_r8kw-7aab.csv,5955280,23220,17,orc+zlib,216199,27.5454,481.31,1611.71
data_provisional_covid_19_death_counts_by_wee_r8kw-7aab.csv,5955280,23220,17,orc+zstd,191929,31.0286,696.78,2231.2
data_provisional_covid_19_death_counts_by_wee_r8kw-7aab.csv,5955280,23220,17,parquet+brotli,214662,27.7426,11.49,4372.18
data_provisional_covid_19_death_counts_by_wee_r8kw-7aab.csv,5955280,23220,17,parquet+gzip,222563,26.7577,417.68,5223.39
data_provisional_covid_19_death_counts_by_wee_r8kw-7aab.csv,5955280,23220,17,parquet+snappy,286344,20.7976,1080.75,208.83
data_provisional_covid_19_death_counts_by_wee_r8kw-7aab.csv,5955280,23220,17,parquet+zstd,214100,27.8154,74.38,5086.19
data_provisional_covid_19_death_counts_by_wee_r8kw-7aab.csv,5955280,23220,17,polypress,141207,42.1741,11.14,288.77
data_provisional_covid_19_death_counts_by_wee_r8kw-7aab.csv,5955280,23220,17,polypress+brotli,142557,41.7747,,
data_provisional_covid_19_death_counts_by_wee_r8kw-7aab.csv,5955280,23220,17,polypress+zstd,159159,37.4172,,
data_provisional_covid_19_death_counts_by_wee_r8kw-7aab.csv,5955280,23220,17,xz -9e,286736,20.7692,1.45,296.36
data_provisional_covid_19_death_counts_by_wee_r8kw-7aab.csv,5955280,23220,17,zstd -19,322771,18.4505,2.3,838.31
data_provisional_covid_19_death_counts_by_wee_r8kw-7aab.csv,5955280,23220,17,zstd -22,316818,18.7972,1.34,825.4
data_provisional_covid_19_death_counts_by_wee_r8kw-7aab.csv,5955280,23220,17,zstd -3,481940,12.3569,182.32,812.91
data_for_hire_vehicles_fhv_active_drivers_xjfq-wh2d.csv,6036014,50000,7,brotli -q11,656549,9.1935,1.04,466.65
data_for_hire_vehicles_fhv_active_drivers_xjfq-wh2d.csv,6036014,50000,7,bzip2 -9,563990,10.7023,14.49,72.95
data_for_hire_vehicles_fhv_active_drivers_xjfq-wh2d.csv,6036014,50000,7,feather+lz4,1655682,3.6456,4520.87,10354.55
data_for_hire_vehicles_fhv_active_drivers_xjfq-wh2d.csv,6036014,50000,7,feather+zstd,1064802,5.6687,2719.03,7749.27
data_for_hire_vehicles_fhv_active_drivers_xjfq-wh2d.csv,6036014,50000,7,gzip -9,910167,6.6318,30.32,877.81
data_for_hire_vehicles_fhv_active_drivers_xjfq-wh2d.csv,6036014,50000,7,lz4 -9,1104327,5.4658,83.16,536.4
data_for_hire_vehicles_fhv_active_drivers_xjfq-wh2d.csv,6036014,50000,7,parquet+brotli,736245,8.1984,2.31,1252.32
data_for_hire_vehicles_fhv_active_drivers_xjfq-wh2d.csv,6036014,50000,7,parquet+gzip,840689,7.1798,98.04,1339.02
data_for_hire_vehicles_fhv_active_drivers_xjfq-wh2d.csv,6036014,50000,7,parquet+snappy,1181655,5.1081,634.1,205.06
data_for_hire_vehicles_fhv_active_drivers_xjfq-wh2d.csv,6036014,50000,7,parquet+zstd,769450,7.8446,33.24,2379.18
data_for_hire_vehicles_fhv_active_drivers_xjfq-wh2d.csv,6036014,50000,7,polypress,539082,11.1968,12.89,127.99
data_for_hire_vehicles_fhv_active_drivers_xjfq-wh2d.csv,6036014,50000,7,polypress+brotli,514227,11.738,,
data_for_hire_vehicles_fhv_active_drivers_xjfq-wh2d.csv,6036014,50000,7,polypress+zstd,550573,10.9631,,
data_for_hire_vehicles_fhv_active_drivers_xjfq-wh2d.csv,6036014,50000,7,xz -9e,641048,9.4159,4.23,199.83
data_for_hire_vehicles_fhv_active_drivers_xjfq-wh2d.csv,6036014,50000,7,zstd -19,691130,8.7335,4.35,696.67
data_for_hire_vehicles_fhv_active_drivers_xjfq-wh2d.csv,6036014,50000,7,zstd -22,691076,8.7342,3.89,683.43
data_for_hire_vehicles_fhv_active_drivers_xjfq-wh2d.csv,6036014,50000,7,zstd -3,862144,7.0012,168.85,642.2
data_commissioned_nys_notaries_public_rwbv-mz6z.csv,6242578,50000,13,brotli -q11,908225,6.8734,1.03,390.73
data_commissioned_nys_notaries_public_rwbv-mz6z.csv,6242578,50000,13,bzip2 -9,828609,7.5338,19.5,69.33
data_commissioned_nys_notaries_public_rwbv-mz6z.csv,6242578,50000,13,feather+lz4,2767434,2.2557,3413.28,7406.87
data_commissioned_nys_notaries_public_rwbv-mz6z.csv,6242578,50000,13,feather+zstd,1752594,3.5619,2741.42,5840.57
data_commissioned_nys_notaries_public_rwbv-mz6z.csv,6242578,50000,13,gzip -9,1453917,4.2936,22.65,726.65
data_commissioned_nys_notaries_public_rwbv-mz6z.csv,6242578,50000,13,lz4 -9,1647273,3.7896,62.47,443.64
data_commissioned_nys_notaries_public_rwbv-mz6z.csv,6242578,50000,13,orc+snappy,1776489,3.514,347.65,1005.08
data_commissioned_nys_notaries_public_rwbv-mz6z.csv,6242578,50000,13,orc+zlib,1233402,5.0613,172.72,546.54
data_commissioned_nys_notaries_public_rwbv-mz6z.csv,6242578,50000,13,orc+zstd,1267667,4.9245,314.84,887.84
data_commissioned_nys_notaries_public_rwbv-mz6z.csv,6242578,50000,13,parquet+brotli,1081054,5.7745,1.65,1312.84
data_commissioned_nys_notaries_public_rwbv-mz6z.csv,6242578,50000,13,parquet+gzip,1271511,4.9096,60.33,1302.13
data_commissioned_nys_notaries_public_rwbv-mz6z.csv,6242578,50000,13,parquet+snappy,1830882,3.4096,386.99,207.62
data_commissioned_nys_notaries_public_rwbv-mz6z.csv,6242578,50000,13,parquet+zstd,1152261,5.4177,17.21,2261.08
data_commissioned_nys_notaries_public_rwbv-mz6z.csv,6242578,50000,13,polypress,683348,9.1353,4.54,80.52
data_commissioned_nys_notaries_public_rwbv-mz6z.csv,6242578,50000,13,polypress+brotli,699194,8.9282,,
data_commissioned_nys_notaries_public_rwbv-mz6z.csv,6242578,50000,13,polypress+zstd,753253,8.2875,,
data_commissioned_nys_notaries_public_rwbv-mz6z.csv,6242578,50000,13,xz -9e,899140,6.9428,3.88,168.53
data_commissioned_nys_notaries_public_rwbv-mz6z.csv,6242578,50000,13,zstd -19,954273,6.5417,3.87,589.28
data_commissioned_nys_notaries_public_rwbv-mz6z.csv,6242578,50000,13,zstd -22,954190,6.5423,3.65,553.58
data_commissioned_nys_notaries_public_rwbv-mz6z.csv,6242578,50000,13,zstd -3,1298121,4.8089,152.0,557.17
data_covid_19_tests_cases_and_deaths_by_town_28fr-iqnx.csv,6319313,50000,16,brotli -q11,650945,9.7079,0.97,401.28
data_covid_19_tests_cases_and_deaths_by_town_28fr-iqnx.csv,6319313,50000,16,bzip2 -9,1152446,5.4834,22.4,65.49
data_covid_19_tests_cases_and_deaths_by_town_28fr-iqnx.csv,6319313,50000,16,feather+lz4,1956762,3.2295,3323.94,6555.81
data_covid_19_tests_cases_and_deaths_by_town_28fr-iqnx.csv,6319313,50000,16,feather+zstd,1052362,6.0049,3339.86,5145.63
data_covid_19_tests_cases_and_deaths_by_town_28fr-iqnx.csv,6319313,50000,16,gzip -9,1351297,4.6765,4.12,770.86
data_covid_19_tests_cases_and_deaths_by_town_28fr-iqnx.csv,6319313,50000,16,lz4 -9,1718121,3.678,40.97,432.24
data_covid_19_tests_cases_and_deaths_by_town_28fr-iqnx.csv,6319313,50000,16,orc+snappy,1116951,5.6576,365.11,1920.24
data_covid_19_tests_cases_and_deaths_by_town_28fr-iqnx.csv,6319313,50000,16,orc+zlib,940488,6.7192,183.13,910.17
data_covid_19_tests_cases_and_deaths_by_town_28fr-iqnx.csv,6319313,50000,16,orc+zstd,948792,6.6604,344.71,1665.21
data_covid_19_tests_cases_and_deaths_by_town_28fr-iqnx.csv,6319313,50000,16,parquet+brotli,1332229,4.7434,1.24,1660.83
data_covid_19_tests_cases_and_deaths_by_town_28fr-iqnx.csv,6319313,50000,16,parquet+gzip,1441665,4.3833,60.9,2957.5
data_covid_19_tests_cases_and_deaths_by_town_28fr-iqnx.csv,6319313,50000,16,parquet+snappy,1801939,3.507,484.31,221.98
data_covid_19_tests_cases_and_deaths_by_town_28fr-iqnx.csv,6319313,50000,16,parquet+zstd,1312157,4.816,18.11,4336.57
data_covid_19_tests_cases_and_deaths_by_town_28fr-iqnx.csv,6319313,50000,16,polypress,546470,11.5639,6.64,85.12
data_covid_19_tests_cases_and_deaths_by_town_28fr-iqnx.csv,6319313,50000,16,polypress+brotli,622417,10.1529,,
data_covid_19_tests_cases_and_deaths_by_town_28fr-iqnx.csv,6319313,50000,16,polypress+zstd,730346,8.6525,,
data_covid_19_tests_cases_and_deaths_by_town_28fr-iqnx.csv,6319313,50000,16,xz -9e,615376,10.269,1.69,149.52
data_covid_19_tests_cases_and_deaths_by_town_28fr-iqnx.csv,6319313,50000,16,zstd -19,716639,8.818,2.35,682.37
data_covid_19_tests_cases_and_deaths_by_town_28fr-iqnx.csv,6319313,50000,16,zstd -22,716601,8.8185,1.87,675.65
data_covid_19_tests_cases_and_deaths_by_town_28fr-iqnx.csv,6319313,50000,16,zstd -3,1466095,4.3103,144.46,523.57
data_health_care_provider_credential_data_qxh8-f4bd.csv,7007455,50000,12,brotli -q11,1045846,6.7003,1.01,374.53
data_health_care_provider_credential_data_qxh8-f4bd.csv,7007455,50000,12,bzip2 -9,905294,7.7405,19.44,80.22
data_health_care_provider_credential_data_qxh8-f4bd.csv,7007455,50000,12,feather+lz4,4006690,1.7489,3119.77,4976.53
data_health_care_provider_credential_data_qxh8-f4bd.csv,7007455,50000,12,feather+zstd,2395226,2.9256,2481.33,5378.11
data_health_care_provider_credential_data_qxh8-f4bd.csv,7007455,50000,12,gzip -9,1485526,4.7172,11.53,805.35
data_health_care_provider_credential_data_qxh8-f4bd.csv,7007455,50000,12,lz4 -9,1693599,4.1376,42.06,467.57
data_health_care_provider_credential_data_qxh8-f4bd.csv,7007455,50000,12,orc+snappy,2052444,3.4142,366.3,867.8
data_health_care_provider_credential_data_qxh8-f4bd.csv,7007455,50000,12,orc+zlib,1440622,4.8642,155.87,463.37
data_health_care_provider_credential_data_qxh8-f4bd.csv,7007455,50000,12,orc+zstd,1380075,5.0776,310.35,734.62
data_health_care_provider_credential_data_qxh8-f4bd.csv,7007455,50000,12,parquet+brotli,1063892,6.5866,2.0,2265.58
data_health_care_provider_credential_data_qxh8-f4bd.csv,7007455,50000,12,parquet+gzip,1159359,6.0442,86.74,2231.69
data_health_care_provider_credential_data_qxh8-f4bd.csv,7007455,50000,12,parquet+snappy,1566199,4.4742,435.22,226.03
data_health_care_provider_credential_data_qxh8-f4bd.csv,7007455,50000,12,parquet+zstd,1092487,6.4142,17.28,3146.49
data_health_care_provider_credential_data_qxh8-f4bd.csv,7007455,50000,12,polypress,759752,9.2233,4.82,87.3
data_health_care_provider_credential_data_qxh8-f4bd.csv,7007455,50000,12,polypress+brotli,769741,9.1037,,
data_health_care_provider_credential_data_qxh8-f4bd.csv,7007455,50000,12,polypress+zstd,824059,8.5036,,
data_health_care_provider_credential_data_qxh8-f4bd.csv,7007455,50000,12,xz -9e,1024920,6.8371,3.4,167.18
data_health_care_provider_credential_data_qxh8-f4bd.csv,7007455,50000,12,zstd -19,1083206,6.4692,3.98,631.31
data_health_care_provider_credential_data_qxh8-f4bd.csv,7007455,50000,12,zstd -22,1083150,6.4695,3.4,563.57
data_health_care_provider_credential_data_qxh8-f4bd.csv,7007455,50000,12,zstd -3,1570809,4.461,146.35,534.26
data_united_states_covid_19_community_levels_3nnm-4jni.csv,7271480,50000,12,brotli -q11,419271,17.3432,0.95,622.62
data_united_states_covid_19_community_levels_3nnm-4jni.csv,7271480,50000,12,bzip2 -9,802142,9.0651,21.52,88.31
data_united_states_covid_19_community_levels_3nnm-4jni.csv,7271480,50000,12,feather+lz4,2281706,3.1869,3192.25,8070.6
data_united_states_covid_19_community_levels_3nnm-4jni.csv,7271480,50000,12,feather+zstd,1426506,5.0974,3524.24,6328.86
data_united_states_covid_19_community_levels_3nnm-4jni.csv,7271480,50000,12,gzip -9,1379739,5.2702,16.16,821.8
data_united_states_covid_19_community_levels_3nnm-4jni.csv,7271480,50000,12,lz4 -9,1675384,4.3402,74.47,496.55
data_united_states_covid_19_community_levels_3nnm-4jni.csv,7271480,50000,12,orc+snappy,1565370,4.6452,488.97,1436.18
data_united_states_covid_19_community_levels_3nnm-4jni.csv,7271480,50000,12,orc+zlib,1122142,6.48,221.02,689.69
data_united_states_covid_19_community_levels_3nnm-4jni.csv,7271480,50000,12,orc+zstd,1079690,6.7348,402.58,1099.73
data_united_states_covid_19_community_levels_3nnm-4jni.csv,7271480,50000,12,parquet+brotli,513207,14.1687,4.75,3541.84
data_united_states_covid_19_community_levels_3nnm-4jni.csv,7271480,50000,12,parquet+gzip,550940,13.1983,250.35,4576.65
data_united_states_covid_19_community_levels_3nnm-4jni.csv,7271480,50000,12,parquet+snappy,778947,9.335,857.6,253.27
data_united_states_covid_19_community_levels_3nnm-4jni.csv,7271480,50000,12,parquet+zstd,534089,13.6147,71.64,4920.75
data_united_states_covid_19_community_levels_3nnm-4jni.csv,7271480,50000,12,polypress,243535,29.858,9.9,137.61
data_united_states_covid_19_community_levels_3nnm-4jni.csv,7271480,50000,12,polypress+brotli,243040,29.9189,,
data_united_states_covid_19_community_levels_3nnm-4jni.csv,7271480,50000,12,polypress+zstd,266591,27.2758,,
data_united_states_covid_19_community_levels_3nnm-4jni.csv,7271480,50000,12,xz -9e,422668,17.2038,3.64,290.95
data_united_states_covid_19_community_levels_3nnm-4jni.csv,7271480,50000,12,zstd -19,455375,15.9681,3.76,875.97
data_united_states_covid_19_community_levels_3nnm-4jni.csv,7271480,50000,12,zstd -22,458498,15.8593,3.35,879.46
data_united_states_covid_19_community_levels_3nnm-4jni.csv,7271480,50000,12,zstd -3,676507,10.7486,181.02,807.4
data_solicitor_product_list_with_assigned_who_gfq7-aa86.csv,7658704,50000,8,brotli -q11,394908,19.3936,0.87,640.08
data_solicitor_product_list_with_assigned_who_gfq7-aa86.csv,7658704,50000,8,bzip2 -9,506500,15.1208,19.82,117.25
data_solicitor_product_list_with_assigned_who_gfq7-aa86.csv,7658704,50000,8,feather+lz4,2072458,3.6955,3106.97,7604.86
data_solicitor_product_list_with_assigned_who_gfq7-aa86.csv,7658704,50000,8,feather+zstd,1322162,5.7926,2737.13,5586.6
data_solicitor_product_list_with_assigned_who_gfq7-aa86.csv,7658704,50000,8,gzip -9,635127,12.0585,48.88,1282.92
data_solicitor_product_list_with_assigned_who_gfq7-aa86.csv,7658704,50000,8,lz4 -9,776727,9.8602,112.83,719.87
data_solicitor_product_list_with_assigned_who_gfq7-aa86.csv,7658704,50000,8,orc+snappy,1042142,7.349,728.3,1621.96
data_solicitor_product_list_with_assigned_who_gfq7-aa86.csv,7658704,50000,8,orc+zlib,677198,11.3094,374.8,894.14
data_solicitor_product_list_with_assigned_who_gfq7-aa86.csv,7658704,50000,8,orc+zstd,586166,13.0658,622.04,1455.24
data_solicitor_product_list_with_assigned_who_gfq7-aa86.csv,7658704,50000,8,parquet+brotli,451250,16.9722,5.17,2267.93
data_solicitor_product_list_with_assigned_who_gfq7-aa86.csv,7658704,50000,8,parquet+gzip,563819,13.5836,169.8,2196.29
data_solicitor_product_list_with_assigned_who_gfq7-aa86.csv,7658704,50000,8,parquet+snappy,847121,9.0409,831.38,263.69
data_solicitor_product_list_with_assigned_who_gfq7-aa86.csv,7658704,50000,8,parquet+zstd,477973,16.0233,40.45,3479.52
data_solicitor_product_list_with_assigned_who_gfq7-aa86.csv,7658704,50000,8,polypress,303139,25.2647,16.64,153.94
data_solicitor_product_list_with_assigned_who_gfq7-aa86.csv,7658704,50000,8,polypress+brotli,307279,24.9243,,
data_solicitor_product_list_with_assigned_who_gfq7-aa86.csv,7658704,50000,8,polypress+zstd,334212,22.9157,,
data_solicitor_product_list_with_assigned_who_gfq7-aa86.csv,7658704,50000,8,xz -9e,380748,20.1149,4.1,319.62
data_solicitor_product_list_with_assigned_who_gfq7-aa86.csv,7658704,50000,8,zstd -19,426363,17.9629,3.67,908.17
data_solicitor_product_list_with_assigned_who_gfq7-aa86.csv,7658704,50000,8,zstd -22,426355,17.9632,3.43,898.82
data_solicitor_product_list_with_assigned_who_gfq7-aa86.csv,7658704,50000,8,zstd -3,557170,13.7457,188.55,926.77
data_film_permits_tg4x-b46p.csv,7790331,18310,14,brotli -q11,472468,16.4886,1.03,628.51
data_film_permits_tg4x-b46p.csv,7790331,18310,14,bzip2 -9,480301,16.2197,17.82,97.56
data_film_permits_tg4x-b46p.csv,7790331,18310,14,feather+lz4,2213122,3.5201,2002.64,4899.54
data_film_permits_tg4x-b46p.csv,7790331,18310,14,feather+zstd,1394466,5.5866,1717.39,3242.21
data_film_permits_tg4x-b46p.csv,7790331,18310,14,gzip -9,868698,8.9678,44.23,1108.64
data_film_permits_tg4x-b46p.csv,7790331,18310,14,lz4 -9,984461,7.9133,96.43,641.55
data_film_permits_tg4x-b46p.csv,7790331,18310,14,orc+snappy,1373687,5.6711,686.55,1846.88
data_film_permits_tg4x-b46p.csv,7790331,18310,14,orc+zlib,950967,8.192,290.16,789.04
data_film_permits_tg4x-b46p.csv,7790331,18310,14,orc+zstd,959273,8.1211,548.81,1315.95
data_film_permits_tg4x-b46p.csv,7790331,18310,14,parquet+brotli,644850,12.0808,2.07,2185.33
data_film_permits_tg4x-b46p.csv,7790331,18310,14,parquet+gzip,862430,9.033,118.37,1699.17
data_film_permits_tg4x-b46p.csv,7790331,18310,14,parquet+snappy,1350853,5.767,791.53,269.05
data_film_permits_tg4x-b46p.csv,7790331,18310,14,parquet+zstd,678986,11.4735,10.7,3018.48
data_film_permits_tg4x-b46p.csv,7790331,18310,14,polypress,319769,24.3624,2.56,254.08
data_film_permits_tg4x-b46p.csv,7790331,18310,14,polypress+brotli,343679,22.6675,,
data_film_permits_tg4x-b46p.csv,7790331,18310,14,polypress+zstd,367443,21.2015,,
data_film_permits_tg4x-b46p.csv,7790331,18310,14,xz -9e,448920,17.3535,4.12,282.12
data_film_permits_tg4x-b46p.csv,7790331,18310,14,zstd -19,487588,15.9773,4.15,904.2
data_film_permits_tg4x-b46p.csv,7790331,18310,14,zstd -22,485547,16.0444,3.17,915.22
data_film_permits_tg4x-b46p.csv,7790331,18310,14,zstd -3,900717,8.649,173.69,762.42
data_missouri_active_alcohol_license_data_yyhn-562y.csv,7827018,36264,16,brotli -q11,673455,11.6222,1.08,538.38
data_missouri_active_alcohol_license_data_yyhn-562y.csv,7827018,36264,16,bzip2 -9,873693,8.9585,19.89,92.1
data_missouri_active_alcohol_license_data_yyhn-562y.csv,7827018,36264,16,feather+lz4,3270178,2.3935,3001.09,5152.05
data_missouri_active_alcohol_license_data_yyhn-562y.csv,7827018,36264,16,feather+zstd,1984834,3.9434,2752.95,4542.53
data_missouri_active_alcohol_license_data_yyhn-562y.csv,7827018,36264,16,gzip -9,996917,7.8512,32.84,1035.02
data_missouri_active_alcohol_license_data_yyhn-562y.csv,7827018,36264,16,lz4 -9,1196070,6.5439,95.08,605.14
data_missouri_active_alcohol_license_data_yyhn-562y.csv,7827018,36264,16,orc+snappy,1610978,4.8586,439.08,979.73
data_missouri_active_alcohol_license_data_yyhn-562y.csv,7827018,36264,16,orc+zlib,1103716,7.0915,219.66,564.39
data_missouri_active_alcohol_license_data_yyhn-562y.csv,7827018,36264,16,orc+zstd,1035542,7.5584,365.88,846.52
data_missouri_active_alcohol_license_data_yyhn-562y.csv,7827018,36264,16,parquet+brotli,923917,8.4716,3.03,2686.05
data_missouri_active_alcohol_license_data_yyhn-562y.csv,7827018,36264,16,parquet+gzip,1045453,7.4867,92.4,2920.46
data_missouri_active_alcohol_license_data_yyhn-562y.csv,7827018,36264,16,parquet+snappy,1476636,5.3006,504.77,268.16
data_missouri_active_alcohol_license_data_yyhn-562y.csv,7827018,36264,16,parquet+zstd,971205,8.0591,29.45,4055.45
data_missouri_active_alcohol_license_data_yyhn-562y.csv,7827018,36264,16,polypress,545969,14.336,4.55,143.31
data_missouri_active_alcohol_license_data_yyhn-562y.csv,7827018,36264,16,polypress+brotli,547022,14.3084,,
data_missouri_active_alcohol_license_data_yyhn-562y.csv,7827018,36264,16,polypress+zstd,616757,12.6906,,
data_missouri_active_alcohol_license_data_yyhn-562y.csv,7827018,36264,16,xz -9e,675024,11.5952,4.33,233.6
data_missouri_active_alcohol_license_data_yyhn-562y.csv,7827018,36264,16,zstd -19,713958,10.9629,4.04,833.54
data_missouri_active_alcohol_license_data_yyhn-562y.csv,7827018,36264,16,zstd -22,713576,10.9687,3.6,808.91
data_missouri_active_alcohol_license_data_yyhn-562y.csv,7827018,36264,16,zstd -3,994181,7.8728,168.73,748.71
data_adult_jail_booking_jul_1_2025_to_jun_30_j56h-zgnm.csv,8158074,40631,13,brotli -q11,656517,12.4263,1.05,544.71
data_adult_jail_booking_jul_1_2025_to_jun_30_j56h-zgnm.csv,8158074,40631,13,bzip2 -9,736303,11.0798,18.69,91.7
data_adult_jail_booking_jul_1_2025_to_jun_30_j56h-zgnm.csv,8158074,40631,13,feather+lz4,2911306,2.8022,3971.38,6289.97
data_adult_jail_booking_jul_1_2025_to_jun_30_j56h-zgnm.csv,8158074,40631,13,feather+zstd,1837362,4.4401,3243.67,6423.4
data_adult_jail_booking_jul_1_2025_to_jun_30_j56h-zgnm.csv,8158074,40631,13,gzip -9,1071673,7.6125,37.11,1032.39
data_adult_jail_booking_jul_1_2025_to_jun_30_j56h-zgnm.csv,8158074,40631,13,lz4 -9,1190292,6.8538,93.49,588.53
data_adult_jail_booking_jul_1_2025_to_jun_30_j56h-zgnm.csv,8158074,40631,13,orc+snappy,1494596,5.4584,490.66,1123.06
data_adult_jail_booking_jul_1_2025_to_jun_30_j56h-zgnm.csv,8158074,40631,13,orc+zlib,1042442,7.8259,250.2,641.21
data_adult_jail_booking_jul_1_2025_to_jun_30_j56h-zgnm.csv,8158074,40631,13,orc+zstd,986644,8.2685,417.59,952.26
data_adult_jail_booking_jul_1_2025_to_jun_30_j56h-zgnm.csv,8158074,40631,13,parquet+brotli,806572,10.1145,3.2,2975.17
data_adult_jail_booking_jul_1_2025_to_jun_30_j56h-zgnm.csv,8158074,40631,13,parquet+gzip,933605,8.7383,142.05,3752.74
data_adult_jail_booking_jul_1_2025_to_jun_30_j56h-zgnm.csv,8158074,40631,13,parquet+snappy,1241053,6.5735,588.58,279.44
data_adult_jail_booking_jul_1_2025_to_jun_30_j56h-zgnm.csv,8158074,40631,13,parquet+zstd,854056,9.5522,54.04,4287.36
data_adult_jail_booking_jul_1_2025_to_jun_30_j56h-zgnm.csv,8158074,40631,13,polypress,443744,18.3846,7.75,204.99
data_adult_jail_booking_jul_1_2025_to_jun_30_j56h-zgnm.csv,8158074,40631,13,polypress+brotli,483899,16.859,,
data_adult_jail_booking_jul_1_2025_to_jun_30_j56h-zgnm.csv,8158074,40631,13,polypress+zstd,549135,14.8562,,
data_adult_jail_booking_jul_1_2025_to_jun_30_j56h-zgnm.csv,8158074,40631,13,xz -9e,638284,12.7813,3.78,239.51
data_adult_jail_booking_jul_1_2025_to_jun_30_j56h-zgnm.csv,8158074,40631,13,zstd -19,687621,11.8642,4.16,845.5
data_adult_jail_booking_jul_1_2025_to_jun_30_j56h-zgnm.csv,8158074,40631,13,zstd -22,687707,11.8627,3.19,790.28
data_adult_jail_booking_jul_1_2025_to_jun_30_j56h-zgnm.csv,8158074,40631,13,zstd -3,1017177,8.0203,171.04,752.03
datos_información_financiera_con_fines_de_supe_mxk5-ce6w.csv,8238644,50000,11,brotli -q11,337784,24.3903,0.98,716.78
datos_información_financiera_con_fines_de_supe_mxk5-ce6w.csv,8238644,50000,11,bzip2 -9,413027,19.947,18.68,120.92
datos_información_financiera_con_fines_de_supe_mxk5-ce6w.csv,8238644,50000,11,feather+lz4,1702562,4.839,4668.38,7943.76
datos_información_financiera_con_fines_de_supe_mxk5-ce6w.csv,8238644,50000,11,feather+zstd,1121394,7.3468,3860.5,6411.02
datos_información_financiera_con_fines_de_supe_mxk5-ce6w.csv,8238644,50000,11,gzip -9,613987,13.4183,41.8,1300.1
datos_información_financiera_con_fines_de_supe_mxk5-ce6w.csv,8238644,50000,11,lz4 -9,788406,10.4497,111.68,743.43
datos_información_financiera_con_fines_de_supe_mxk5-ce6w.csv,8238644,50000,11,orc+snappy,770557,10.6918,832.86,2035.66
datos_información_financiera_con_fines_de_supe_mxk5-ce6w.csv,8238644,50000,11,orc+zlib,515228,15.9903,465.7,1240.59
datos_información_financiera_con_fines_de_supe_mxk5-ce6w.csv,8238644,50000,11,orc+zstd,463537,17.7734,745.37,1774.44
datos_información_financiera_con_fines_de_supe_mxk5-ce6w.csv,8238644,50000,11,parquet+brotli,302112,27.2702,9.58,3611.93
datos_información_financiera_con_fines_de_supe_mxk5-ce6w.csv,8238644,50000,11,parquet+gzip,341914,24.0957,424.22,5038.7
datos_información_financiera_con_fines_de_supe_mxk5-ce6w.csv,8238644,50000,11,parquet+snappy,433568,19.002,1093.66,292.74
datos_información_financiera_con_fines_de_supe_mxk5-ce6w.csv,8238644,50000,11,parquet+zstd,316559,26.0256,161.16,4945.67
datos_información_financiera_con_fines_de_supe_mxk5-ce6w.csv,8238644,50000,11,polypress,197023,41.8156,26.1,204.21
datos_información_financiera_con_fines_de_supe_mxk5-ce6w.csv,8238644,50000,11,polypress+brotli,197207,41.7766,,
datos_información_financiera_con_fines_de_supe_mxk5-ce6w.csv,8238644,50000,11,polypress+zstd,237200,34.7329,,
datos_información_financiera_con_fines_de_supe_mxk5-ce6w.csv,8238644,50000,11,xz -9e,335148,24.5821,1.89,326.62
datos_información_financiera_con_fines_de_supe_mxk5-ce6w.csv,8238644,50000,11,zstd -19,366728,22.4653,3.23,1008.42
datos_información_financiera_con_fines_de_supe_mxk5-ce6w.csv,8238644,50000,11,zstd -22,366648,22.4702,1.78,987.97
datos_información_financiera_con_fines_de_supe_mxk5-ce6w.csv,8238644,50000,11,zstd -3,584400,14.0976,190.47,926.44
opendata_building_electrical_fire_grading_mechani_kvz2-j5cj.csv,8626863,50000,11,brotli -q11,363485,23.7338,0.92,724.47
opendata_building_electrical_fire_grading_mechani_kvz2-j5cj.csv,8626863,50000,11,bzip2 -9,313121,27.5512,16.67,118.3
opendata_building_electrical_fire_grading_mechani_kvz2-j5cj.csv,8626863,50000,11,feather+lz4,2319290,3.7196,4843.87,6997.43
opendata_building_electrical_fire_grading_mechani_kvz2-j5cj.csv,8626863,50000,11,feather+zstd,1329834,6.4872,4347.96,6497.34
opendata_building_electrical_fire_grading_mechani_kvz2-j5cj.csv,8626863,50000,11,gzip -9,492892,17.5025,37.52,1437.57
opendata_building_electrical_fire_grading_mechani_kvz2-j5cj.csv,8626863,50000,11,lz4 -9,657390,13.1229,99.14,782.27
opendata_building_electrical_fire_grading_mechani_kvz2-j5cj.csv,8626863,50000,11,orc+snappy,964024,8.9488,630.61,1574.16
opendata_building_electrical_fire_grading_mechani_kvz2-j5cj.csv,8626863,50000,11,orc+zlib,596124,14.4716,390.87,1007.23
opendata_building_electrical_fire_grading_mechani_kvz2-j5cj.csv,8626863,50000,11,orc+zstd,574037,15.0284,556.89,1289.51
opendata_building_electrical_fire_grading_mechani_kvz2-j5cj.csv,8626863,50000,11,parquet+brotli,291516,29.5931,5.08,3817.25
opendata_building_electrical_fire_grading_mechani_kvz2-j5cj.csv,8626863,50000,11,parquet+gzip,419532,20.5631,287.37,4544.55
opendata_building_electrical_fire_grading_mechani_kvz2-j5cj.csv,8626863,50000,11,parquet+snappy,547066,15.7693,874.32,300.93
opendata_building_electrical_fire_grading_mechani_kvz2-j5cj.csv,8626863,50000,11,parquet+zstd,342494,25.1884,32.69,5411.86
opendata_building_electrical_fire_grading_mechani_kvz2-j5cj.csv,8626863,50000,11,polypress,126521,68.1852,11.69,202.69
opendata_building_electrical_fire_grading_mechani_kvz2-j5cj.csv,8626863,50000,11,polypress+brotli,140840,61.2529,,
opendata_building_electrical_fire_grading_mechani_kvz2-j5cj.csv,8626863,50000,11,polypress+zstd,149082,57.8666,,
opendata_building_electrical_fire_grading_mechani_kvz2-j5cj.csv,8626863,50000,11,xz -9e,343756,25.0959,2.37,342.99
opendata_building_electrical_fire_grading_mechani_kvz2-j5cj.csv,8626863,50000,11,zstd -19,380631,22.6646,3.24,1002.65
opendata_building_electrical_fire_grading_mechani_kvz2-j5cj.csv,8626863,50000,11,zstd -22,380592,22.667,2.35,1010.44
opendata_building_electrical_fire_grading_mechani_kvz2-j5cj.csv,8626863,50000,11,zstd -3,643697,13.4021,194.79,925.04
data_civil_service_list_active_vx8i-nprf.csv,8713457,50000,20,brotli -q11,728040,11.9684,0.99,550.3
data_civil_service_list_active_vx8i-nprf.csv,8713457,50000,20,bzip2 -9,711872,12.2402,17.07,74.97
data_civil_service_list_active_vx8i-nprf.csv,8713457,50000,20,feather+lz4,2888258,3.0169,3597.49,5274.48
data_civil_service_list_active_vx8i-nprf.csv,8713457,50000,20,feather+zstd,1702298,5.1186,3324.56,5361.93
data_civil_service_list_active_vx8i-nprf.csv,8713457,50000,20,gzip -9,1326824,6.5672,19.8,993.34
data_civil_service_list_active_vx8i-nprf.csv,8713457,50000,20,lz4 -9,1390525,6.2663,83.94,611.47
data_civil_service_list_active_vx8i-nprf.csv,8713457,50000,20,orc+snappy,1678036,5.1927,363.61,1141.27
data_civil_service_list_active_vx8i-nprf.csv,8713457,50000,20,orc+zlib,1175439,7.4129,211.43,663.93
data_civil_service_list_active_vx8i-nprf.csv,8713457,50000,20,orc+zstd,1173201,7.4271,344.47,996.05
data_civil_service_list_active_vx8i-nprf.csv,8713457,50000,20,parquet+brotli,806234,10.8076,3.88,2341.1
data_civil_service_list_active_vx8i-nprf.csv,8713457,50000,20,parquet+gzip,848283,10.2719,164.09,3219.14
data_civil_service_list_active_vx8i-nprf.csv,8713457,50000,20,parquet+snappy,1043913,8.3469,631.05,797.48
data_civil_service_list_active_vx8i-nprf.csv,8713457,50000,20,parquet+zstd,822507,10.5938,74.49,3681.19
data_civil_service_list_active_vx8i-nprf.csv,8713457,50000,20,polypress,568515,15.3267,6.1,94.78
data_civil_service_list_active_vx8i-nprf.csv,8713457,50000,20,polypress+brotli,558279,15.6077,,
data_civil_service_list_active_vx8i-nprf.csv,8713457,50000,20,polypress+zstd,603194,14.4455,,
data_civil_service_list_active_vx8i-nprf.csv,8713457,50000,20,xz -9e,718184,12.1326,3.75,253.42
data_civil_service_list_active_vx8i-nprf.csv,8713457,50000,20,zstd -19,754272,11.5521,3.26,886.22
data_civil_service_list_active_vx8i-nprf.csv,8713457,50000,20,zstd -22,754238,11.5527,2.97,770.89
data_civil_service_list_active_vx8i-nprf.csv,8713457,50000,20,zstd -3,1097817,7.9371,176.0,768.24
data_covid_19_case_surveillance_public_use_da_n8mc-b4w4.csv,8862088,50000,19,brotli -q11,183360,48.3316,1.51,996.42
data_covid_19_case_surveillance_public_use_da_n8mc-b4w4.csv,8862088,50000,19,bzip2 -9,272008,32.5802,12.34,93.16
data_covid_19_case_surveillance_public_use_da_n8mc-b4w4.csv,8862088,50000,19,feather+lz4,4171130,2.1246,4033.67,4608.27
data_covid_19_case_surveillance_public_use_da_n8mc-b4w4.csv,8862088,50000,19,feather+zstd,2443138,3.6273,3556.29,6056.75
data_covid_19_case_surveillance_public_use_da_n8mc-b4w4.csv,8862088,50000,19,gzip -9,919965,9.6331,21.52,1175.38
data_covid_19_case_surveillance_public_use_da_n8mc-b4w4.csv,8862088,50000,19,lz4 -9,1030232,8.602,67.97,702.68
data_covid_19_case_surveillance_public_use_da_n8mc-b4w4.csv,8862088,50000,19,orc+snappy,1236708,7.1659,379.35,891.42
data_covid_19_case_surveillance_public_use_da_n8mc-b4w4.csv,8862088,50000,19,orc+zlib,729474,12.1486,247.74,633.55
data_covid_19_case_surveillance_public_use_da_n8mc-b4w4.csv,8862088,50000,19,orc+zstd,738493,12.0002,331.24,748.87
data_covid_19_case_surveillance_public_use_da_n8mc-b4w4.csv,8862088,50000,19,parquet+brotli,311968,28.407,16.4,3769.81
data_covid_19_case_surveillance_public_use_da_n8mc-b4w4.csv,8862088,50000,19,parquet+gzip,329719,26.8777,331.82,3945.89
data_covid_19_case_surveillance_public_use_da_n8mc-b4w4.csv,8862088,50000,19,parquet+snappy,438218,20.223,600.25,303.55
data_covid_19_case_surveillance_public_use_da_n8mc-b4w4.csv,8862088,50000,19,parquet+zstd,318473,27.8268,209.25,4781.97
data_covid_19_case_surveillance_public_use_da_n8mc-b4w4.csv,8862088,50000,19,polypress,79587,111.3509,14.66,110.17
data_covid_19_case_surveillance_public_use_da_n8mc-b4w4.csv,8862088,50000,19,polypress+brotli,80472,110.1264,,
data_covid_19_case_surveillance_public_use_da_n8mc-b4w4.csv,8862088,50000,19,polypress+zstd,87301,101.5119,,
data_covid_19_case_surveillance_public_use_da_n8mc-b4w4.csv,8862088,50000,19,xz -9e,166416,53.2526,5.32,506.93
data_covid_19_case_surveillance_public_use_da_n8mc-b4w4.csv,8862088,50000,19,zstd -19,179816,49.2842,5.33,1184.14
data_covid_19_case_surveillance_public_use_da_n8mc-b4w4.csv,8862088,50000,19,zstd -22,170801,51.8855,1.9,1145.0
data_covid_19_case_surveillance_public_use_da_n8mc-b4w4.csv,8862088,50000,19,zstd -3,578818,15.3107,203.54,999.44
data_covid_19_case_surveillance_public_use_da_vbim-akqf.csv,9183360,50000,12,brotli -q11,310587,29.5678,0.8,803.73
data_covid_19_case_surveillance_public_use_da_vbim-akqf.csv,9183360,50000,12,bzip2 -9,251134,36.5676,10.8,100.33
data_covid_19_case_surveillance_public_use_da_vbim-akqf.csv,9183360,50000,12,feather+lz4,2540058,3.6154,5599.33,8448.74
data_covid_19_case_surveillance_public_use_da_vbim-akqf.csv,9183360,50000,12,feather+zstd,1627810,5.6415,5489.99,7609.21
data_covid_19_case_surveillance_public_use_da_vbim-akqf.csv,9183360,50000,12,gzip -9,467162,19.6578,43.84,1550.2
data_covid_19_case_surveillance_public_use_da_vbim-akqf.csv,9183360,50000,12,lz4 -9,609163,15.0754,83.06,862.68
data_covid_19_case_surveillance_public_use_da_vbim-akqf.csv,9183360,50000,12,orc+snappy,816161,11.2519,552.02,1411.12
data_covid_19_case_surveillance_public_use_da_vbim-akqf.csv,9183360,50000,12,orc+zlib,500362,18.3534,380.49,1073.1
data_covid_19_case_surveillance_public_use_da_vbim-akqf.csv,9183360,50000,12,orc+zstd,575640,15.9533,510.39,1293.8
data_covid_19_case_surveillance_public_use_da_vbim-akqf.csv,9183360,50000,12,parquet+brotli,284094,32.3251,12.82,5293.09
data_covid_19_case_surveillance_public_use_da_vbim-akqf.csv,9183360,50000,12,parquet+gzip,290558,31.6059,576.01,5004.26
data_covid_19_case_surveillance_public_use_da_vbim-akqf.csv,9183360,50000,12,parquet+snappy,314345,29.2143,938.04,318.09
data_covid_19_case_surveillance_public_use_da_vbim-akqf.csv,9183360,50000,12,parquet+zstd,283715,32.3683,459.39,6698.75
data_covid_19_case_surveillance_public_use_da_vbim-akqf.csv,9183360,50000,12,polypress,172549,53.2218,21.39,197.04
data_covid_19_case_surveillance_public_use_da_vbim-akqf.csv,9183360,50000,12,polypress+brotli,176943,51.9001,,
data_covid_19_case_surveillance_public_use_da_vbim-akqf.csv,9183360,50000,12,polypress+zstd,196728,46.6805,,
data_covid_19_case_surveillance_public_use_da_vbim-akqf.csv,9183360,50000,12,xz -9e,284556,32.2726,3.49,416.63
data_covid_19_case_surveillance_public_use_da_vbim-akqf.csv,9183360,50000,12,zstd -19,316212,29.0418,3.4,1098.31
data_covid_19_case_surveillance_public_use_da_vbim-akqf.csv,9183360,50000,12,zstd -22,313336,29.3083,2.78,1096.25
data_covid_19_case_surveillance_public_use_da_vbim-akqf.csv,9183360,50000,12,zstd -3,686904,13.3692,209.69,957.3
datos_beneficiarios_más_familias_en_acción_xfif-myr2.csv,9700043,50000,22,brotli -q11,284098,34.1433,1.63,846.05
datos_beneficiarios_más_familias_en_acción_xfif-myr2.csv,9700043,50000,22,bzip2 -9,279324,34.7269,12.22,105.94
datos_beneficiarios_más_familias_en_acción_xfif-myr2.csv,9700043,50000,22,feather+lz4,4628722,2.0956,3889.57,4590.42
datos_beneficiarios_más_familias_en_acción_xfif-myr2.csv,9700043,50000,22,feather+zstd,2668922,3.6344,3296.19,4914.83
datos_beneficiarios_más_familias_en_acción_xfif-myr2.csv,9700043,50000,22,gzip -9,598986,16.1941,32.12,1555.0
datos_beneficiarios_más_familias_en_acción_xfif-myr2.csv,9700043,50000,22,lz4 -9,649551,14.9335,106.42,868.24
datos_beneficiarios_más_familias_en_acción_xfif-myr2.csv,9700043,50000,22,orc+snappy,1135167,8.545,391.1,963.57
datos_beneficiarios_más_familias_en_acción_xfif-myr2.csv,9700043,50000,22,orc+zlib,700538,13.8466,260.15,718.51
datos_beneficiarios_más_familias_en_acción_xfif-myr2.csv,9700043,50000,22,orc+zstd,694747,13.962,365.37,872.71
datos_beneficiarios_más_familias_en_acción_xfif-myr2.csv,9700043,50000,22,parquet+brotli,300006,32.3328,15.37,3625.14
datos_beneficiarios_más_familias_en_acción_xfif-myr2.csv,9700043,50000,22,parquet+gzip,316256,30.6715,313.71,3537.82
datos_beneficiarios_más_familias_en_acción_xfif-myr2.csv,9700043,50000,22,parquet+snappy,402912,24.0748,615.56,339.64
datos_beneficiarios_más_familias_en_acción_xfif-myr2.csv,9700043,50000,22,parquet+zstd,308429,31.4498,208.24,4435.29
datos_beneficiarios_más_familias_en_acción_xfif-myr2.csv,9700043,50000,22,polypress,137597,70.496,14.92,128.72
datos_beneficiarios_más_familias_en_acción_xfif-myr2.csv,9700043,50000,22,polypress+brotli,136938,70.8353,,
datos_beneficiarios_más_familias_en_acción_xfif-myr2.csv,9700043,50000,22,polypress+zstd,152652,63.5435,,
datos_beneficiarios_más_familias_en_acción_xfif-myr2.csv,9700043,50000,22,xz -9e,271756,35.6939,5.5,440.63
datos_beneficiarios_más_familias_en_acción_xfif-myr2.csv,9700043,50000,22,zstd -19,287518,33.7372,5.7,1142.39
datos_beneficiarios_más_familias_en_acción_xfif-myr2.csv,9700043,50000,22,zstd -22,284180,34.1334,4.04,1165.02
datos_beneficiarios_más_familias_en_acción_xfif-myr2.csv,9700043,50000,22,zstd -3,667312,14.536,216.39,993.96
data_citywide_payroll_data_fiscal_year_k397-673e.csv,10148400,50000,17,brotli -q11,940907,10.7858,1.02,514.73
data_citywide_payroll_data_fiscal_year_k397-673e.csv,10148400,50000,17,bzip2 -9,1029047,9.8619,16.49,79.35
data_citywide_payroll_data_fiscal_year_k397-673e.csv,10148400,50000,17,feather+lz4,3625146,2.7994,3945.63,6240.36
data_citywide_payroll_data_fiscal_year_k397-673e.csv,10148400,50000,17,feather+zstd,2414234,4.2036,3207.65,5868.67
data_citywide_payroll_data_fiscal_year_k397-673e.csv,10148400,50000,17,gzip -9,1665525,6.0932,20.89,1008.9
data_citywide_payroll_data_fiscal_year_k397-673e.csv,10148400,50000,17,lz4 -9,1911385,5.3094,86.11,577.46
data_citywide_payroll_data_fiscal_year_k397-673e.csv,10148400,50000,17,orc+snappy,2134797,4.7538,510.04,1482.81
data_citywide_payroll_data_fiscal_year_k397-673e.csv,10148400,50000,17,orc+zlib,1491475,6.8043,238.54,735.38
data_citywide_payroll_data_fiscal_year_k397-673e.csv,10148400,50000,17,orc+zstd,1532209,6.6234,442.19,1122.39
data_citywide_payroll_data_fiscal_year_k397-673e.csv,10148400,50000,17,parquet+brotli,1065390,9.5255,2.6,2747.93
data_citywide_payroll_data_fiscal_year_k397-673e.csv,10148400,50000,17,parquet+gzip,1194685,8.4946,119.0,4293.04
data_citywide_payroll_data_fiscal_year_k397-673e.csv,10148400,50000,17,parquet+snappy,1507129,6.7336,598.23,346.7
data_citywide_payroll_data_fiscal_year_k397-673e.csv,10148400,50000,17,parquet+zstd,1142643,8.8815,55.43,5204.88
data_citywide_payroll_data_fiscal_year_k397-673e.csv,10148400,50000,17,polypress,821466,12.354,14.47,117.58
data_citywide_payroll_data_fiscal_year_k397-673e.csv,10148400,50000,17,polypress+brotli,800874,12.6717,,
data_citywide_payroll_data_fiscal_year_k397-673e.csv,10148400,50000,17,polypress+zstd,893599,11.3568,,
data_citywide_payroll_data_fiscal_year_k397-673e.csv,10148400,50000,17,xz -9e,929424,10.919,3.54,231.76
data_citywide_payroll_data_fiscal_year_k397-673e.csv,10148400,50000,17,zstd -19,976162,10.3962,3.67,852.43
data_citywide_payroll_data_fiscal_year_k397-673e.csv,10148400,50000,17,zstd -22,975159,10.4069,3.19,857.35
data_citywide_payroll_data_fiscal_year_k397-673e.csv,10148400,50000,17,zstd -3,1568442,6.4704,194.18,715.07
data_nys_attorney_registrations_eqw2-r5nb.csv,11087272,50000,20,brotli -q11,1458567,7.6015,0.92,459.14
data_nys_attorney_registrations_eqw2-r5nb.csv,11087272,50000,20,bzip2 -9,1632883,6.79,18.94,71.68
data_nys_attorney_registrations_eqw2-r5nb.csv,11087272,50000,20,feather+lz4,5426586,2.0431,2909.19,5009.52
data_nys_attorney_registrations_eqw2-r5nb.csv,11087272,50000,20,feather+zstd,3215834,3.4477,2359.98,4916.83
data_nys_attorney_registrations_eqw2-r5nb.csv,11087272,50000,20,gzip -9,2651166,4.182,24.32,821.22
data_nys_attorney_registrations_eqw2-r5nb.csv,11087272,50000,20,lz4 -9,2866389,3.868,85.01,487.54
data_nys_attorney_registrations_eqw2-r5nb.csv,11087272,50000,20,orc+snappy,3166273,3.5017,354.01,862.36
data_nys_attorney_registrations_eqw2-r5nb.csv,11087272,50000,20,orc+zlib,2210640,5.0154,174.65,490.76
data_nys_attorney_registrations_eqw2-r5nb.csv,11087272,50000,20,orc+zstd,2099940,5.2798,307.38,781.31
data_nys_attorney_registrations_eqw2-r5nb.csv,11087272,50000,20,parquet+brotli,1671978,6.6312,1.98,2004.2
data_nys_attorney_registrations_eqw2-r5nb.csv,11087272,50000,20,parquet+gzip,1899368,5.8373,65.66,2320.53
data_nys_attorney_registrations_eqw2-r5nb.csv,11087272,50000,20,parquet+snappy,2759444,4.0179,402.32,282.69
data_nys_attorney_registrations_eqw2-r5nb.csv,11087272,50000,20,parquet+zstd,1727813,6.4169,22.18,3431.48
data_nys_attorney_registrations_eqw2-r5nb.csv,11087272,50000,20,polypress,1057437,10.485,6.71,84.05
data_nys_attorney_registrations_eqw2-r5nb.csv,11087272,50000,20,polypress+brotli,1058746,10.4721,,
data_nys_attorney_registrations_eqw2-r5nb.csv,11087272,50000,20,polypress+zstd,1123876,9.8652,,
data_nys_attorney_registrations_eqw2-r5nb.csv,11087272,50000,20,xz -9e,1452516,7.6331,1.53,185.18
data_nys_attorney_registrations_eqw2-r5nb.csv,11087272,50000,20,zstd -19,1528455,7.2539,2.93,753.77
data_nys_attorney_registrations_eqw2-r5nb.csv,11087272,50000,20,zstd -22,1525609,7.2674,1.52,727.09
data_nys_attorney_registrations_eqw2-r5nb.csv,11087272,50000,20,zstd -3,2263157,4.899,194.95,643.81
datos_casos_positivos_de_covid_19_en_colombia_gt2j-8ykr.csv,11114090,50000,23,brotli -q11,458410,24.2449,0.89,744.76
datos_casos_positivos_de_covid_19_en_colombia_gt2j-8ykr.csv,11114090,50000,23,bzip2 -9,451914,24.5934,14.11,114.13
datos_casos_positivos_de_covid_19_en_colombia_gt2j-8ykr.csv,11114090,50000,23,feather+lz4,2979170,3.7306,4556.78,5013.0
datos_casos_positivos_de_covid_19_en_colombia_gt2j-8ykr.csv,11114090,50000,23,feather+zstd,1747978,6.3583,3855.1,5737.34
datos_casos_positivos_de_covid_19_en_colombia_gt2j-8ykr.csv,11114090,50000,23,gzip -9,749651,14.8257,21.18,1495.01
datos_casos_positivos_de_covid_19_en_colombia_gt2j-8ykr.csv,11114090,50000,23,lz4 -9,948063,11.7229,104.67,804.73
datos_casos_positivos_de_covid_19_en_colombia_gt2j-8ykr.csv,11114090,50000,23,orc+snappy,1045961,10.6257,512.65,1535.74
datos_casos_positivos_de_covid_19_en_colombia_gt2j-8ykr.csv,11114090,50000,23,orc+zlib,739600,15.0272,320.36,994.01
datos_casos_positivos_de_covid_19_en_colombia_gt2j-8ykr.csv,11114090,50000,23,orc+zstd,769775,14.4381,471.56,1332.49
datos_casos_positivos_de_covid_19_en_colombia_gt2j-8ykr.csv,11114090,50000,23,parquet+brotli,535434,20.7572,10.27,4950.71
datos_casos_positivos_de_covid_19_en_colombia_gt2j-8ykr.csv,11114090,50000,23,parquet+gzip,563218,19.7332,255.59,5621.11
datos_casos_positivos_de_covid_19_en_colombia_gt2j-8ykr.csv,11114090,50000,23,parquet+snappy,771434,14.4071,754.62,391.5
datos_casos_positivos_de_covid_19_en_colombia_gt2j-8ykr.csv,11114090,50000,23,parquet+zstd,538814,20.627,116.72,6153.91
datos_casos_positivos_de_covid_19_en_colombia_gt2j-8ykr.csv,11114090,50000,23,polypress,281392,39.4968,20.2,145.56
datos_casos_positivos_de_covid_19_en_colombia_gt2j-8ykr.csv,11114090,50000,23,polypress+brotli,285843,38.8818,,
datos_casos_positivos_de_covid_19_en_colombia_gt2j-8ykr.csv,11114090,50000,23,polypress+zstd,311023,35.734,,
datos_casos_positivos_de_covid_19_en_colombia_gt2j-8ykr.csv,11114090,50000,23,xz -9e,433140,25.6593,3.33,343.07
datos_casos_positivos_de_covid_19_en_colombia_gt2j-8ykr.csv,11114090,50000,23,zstd -19,480396,23.1353,3.41,1121.81
datos_casos_positivos_de_covid_19_en_colombia_gt2j-8ykr.csv,11114090,50000,23,zstd -22,479889,23.1597,3.19,1131.78
datos_casos_positivos_de_covid_19_en_colombia_gt2j-8ykr.csv,11114090,50000,23,zstd -3,869832,12.7773,215.39,977.99
data_conditions_contributing_to_covid_19_deat_hk9y-quqm.csv,11164458,50000,14,brotli -q11,271151,41.1743,0.79,929.2
data_conditions_contributing_to_covid_19_deat_hk9y-quqm.csv,11164458,50000,14,bzip2 -9,219015,50.9758,15.92,125.32
data_conditions_contributing_to_covid_19_deat_hk9y-quqm.csv,11164458,50000,14,feather+lz4,1565450,7.1318,5652.72,7423.45
data_conditions_contributing_to_covid_19_deat_hk9y-quqm.csv,11164458,50000,14,feather+zstd,963874,11.5829,6094.11,7501.94
data_conditions_contributing_to_covid_19_deat_hk9y-quqm.csv,11164458,50000,14,gzip -9,424868,26.2775,97.68,1760.42
data_conditions_contributing_to_covid_19_deat_hk9y-quqm.csv,11164458,50000,14,lz4 -9,520467,21.4508,160.42,996.92
data_conditions_contributing_to_covid_19_deat_hk9y-quqm.csv,11164458,50000,14,orc+snappy,453884,24.5976,811.72,2124.16
data_conditions_contributing_to_covid_19_deat_hk9y-quqm.csv,11164458,50000,14,orc+zlib,195862,57.0017,632.05,1680.38
data_conditions_contributing_to_covid_19_deat_hk9y-quqm.csv,11164458,50000,14,orc+zstd,145270,76.8532,824.92,2183.9
data_conditions_contributing_to_covid_19_deat_hk9y-quqm.csv,11164458,50000,14,parquet+brotli,129943,85.9181,28.21,7282.6
data_conditions_contributing_to_covid_19_deat_hk9y-quqm.csv,11164458,50000,14,parquet+gzip,137685,81.087,758.62,7282.6
data_conditions_contributing_to_covid_19_deat_hk9y-quqm.csv,11164458,50000,14,parquet+snappy,170525,65.4711,1318.59,672.44
data_conditions_contributing_to_covid_19_deat_hk9y-quqm.csv,11164458,50000,14,parquet+zstd,132233,84.4302,413.17,7682.88
data_conditions_contributing_to_covid_19_deat_hk9y-quqm.csv,11164458,50000,14,polypress,86027,129.7785,45.83,291.29
data_conditions_contributing_to_covid_19_deat_hk9y-quqm.csv,11164458,50000,14,polypress+brotli,84298,132.4404,,
data_conditions_contributing_to_covid_19_deat_hk9y-quqm.csv,11164458,50000,14,polypress+zstd,94059,118.6963,,
data_conditions_contributing_to_covid_19_deat_hk9y-quqm.csv,11164458,50000,14,xz -9e,273984,40.7486,3.56,462.97
data_conditions_contributing_to_covid_19_deat_hk9y-quqm.csv,11164458,50000,14,zstd -19,305924,36.4942,3.67,1254.71
data_conditions_contributing_to_covid_19_deat_hk9y-quqm.csv,11164458,50000,14,zstd -22,288641,38.6794,2.11,1093.27
data_conditions_contributing_to_covid_19_deat_hk9y-quqm.csv,11164458,50000,14,zstd -3,461133,24.2109,209.7,1230.93
data_yourmoney_active_pension_members_44xg-bswk.csv,11497365,50000,21,brotli -q11,878594,13.0861,0.95,637.04
data_yourmoney_active_pension_members_44xg-bswk.csv,11497365,50000,21,bzip2 -9,787782,14.5946,14.21,88.94
data_yourmoney_active_pension_members_44xg-bswk.csv,11497365,50000,21,feather+lz4,3447690,3.3348,3975.55,5433.02
data_yourmoney_active_pension_members_44xg-bswk.csv,11497365,50000,21,feather+zstd,2065058,5.5676,4018.62,5905.39
data_yourmoney_active_pension_members_44xg-bswk.csv,11497365,50000,21,gzip -9,1294742,8.88,21.0,1225.84
data_yourmoney_active_pension_members_44xg-bswk.csv,11497365,50000,21,lz4 -9,1519169,7.5682,109.84,738.73
data_yourmoney_active_pension_members_44xg-bswk.csv,11497365,50000,21,orc+snappy,1543218,7.4503,555.69,1603.55
data_yourmoney_active_pension_members_44xg-bswk.csv,11497365,50000,21,orc+zlib,988951,11.6258,320.1,959.73
data_yourmoney_active_pension_members_44xg-bswk.csv,11497365,50000,21,orc+zstd,993707,11.5702,521.66,1339.06
data_yourmoney_active_pension_members_44xg-bswk.csv,11497365,50000,21,parquet+brotli,864995,13.2918,4.43,3785.79
data_yourmoney_active_pension_members_44xg-bswk.csv,11497365,50000,21,parquet+gzip,920488,12.4905,197.57,4415.26
data_yourmoney_active_pension_members_44xg-bswk.csv,11497365,50000,21,parquet+snappy,1132996,10.1478,715.73,1050.67
data_yourmoney_active_pension_members_44xg-bswk.csv,11497365,50000,21,parquet+zstd,895610,12.8375,82.8,5944.7
data_yourmoney_active_pension_members_44xg-bswk.csv,11497365,50000,21,polypress,610772,18.8243,10.43,142.82
data_yourmoney_active_pension_members_44xg-bswk.csv,11497365,50000,21,polypress+brotli,617136,18.6302,,
data_yourmoney_active_pension_members_44xg-bswk.csv,11497365,50000,21,polypress+zstd,674861,17.0366,,
data_yourmoney_active_pension_members_44xg-bswk.csv,11497365,50000,21,xz -9e,838864,13.7059,3.31,284.62
data_yourmoney_active_pension_members_44xg-bswk.csv,11497365,50000,21,zstd -19,901304,12.7564,3.51,947.84
data_yourmoney_active_pension_members_44xg-bswk.csv,11497365,50000,21,zstd -22,894680,12.8508,3.05,965.84
data_yourmoney_active_pension_members_44xg-bswk.csv,11497365,50000,21,zstd -3,1262513,9.1067,214.38,901.34
data_civil_service_list_certification_a9md-ynri.csv,11707128,50000,21,brotli -q11,468064,25.0118,0.83,753.74
data_civil_service_list_certification_a9md-ynri.csv,11707128,50000,21,bzip2 -9,567903,20.6147,19.0,131.56
data_civil_service_list_certification_a9md-ynri.csv,11707128,50000,21,feather+lz4,1894106,6.1808,5479.05,6137.91
data_civil_service_list_certification_a9md-ynri.csv,11707128,50000,21,feather+zstd,1176234,9.9531,5153.03,6580.44
data_civil_service_list_certification_a9md-ynri.csv,11707128,50000,21,gzip -9,859240,13.625,37.46,1380.39
data_civil_service_list_certification_a9md-ynri.csv,11707128,50000,21,lz4 -9,1074824,10.8921,141.82,850.26
data_civil_service_list_certification_a9md-ynri.csv,11707128,50000,21,orc+snappy,833235,14.0502,880.24,1919.22
data_civil_service_list_certification_a9md-ynri.csv,11707128,50000,21,orc+zlib,469447,24.9381,565.4,1427.71
data_civil_service_list_certification_a9md-ynri.csv,11707128,50000,21,orc+zstd,417345,28.0514,814.18,1801.1
data_civil_service_list_certification_a9md-ynri.csv,11707128,50000,21,parquet+brotli,342132,34.2182,10.72,4405.85
data_civil_service_list_certification_a9md-ynri.csv,11707128,50000,21,parquet+gzip,386408,30.2973,383.07,5476.61
data_civil_service_list_certification_a9md-ynri.csv,11707128,50000,21,parquet+snappy,545787,21.45,1004.81,1101.44
data_civil_service_list_certification_a9md-ynri.csv,11707128,50000,21,parquet+zstd,350173,33.4324,72.68,6101.3
data_civil_service_list_certification_a9md-ynri.csv,11707128,50000,21,polypress,199205,58.7692,11.93,179.38
data_civil_service_list_certification_a9md-ynri.csv,11707128,50000,21,polypress+brotli,196360,59.6207,,
data_civil_service_list_certification_a9md-ynri.csv,11707128,50000,21,polypress+zstd,211421,55.3735,,
data_civil_service_list_certification_a9md-ynri.csv,11707128,50000,21,xz -9e,429560,27.2538,1.07,362.23
data_civil_service_list_certification_a9md-ynri.csv,11707128,50000,21,zstd -19,550809,21.2544,2.53,1191.36
data_civil_service_list_certification_a9md-ynri.csv,11707128,50000,21,zstd -22,546291,21.4302,1.19,1032.75
data_civil_service_list_certification_a9md-ynri.csv,11707128,50000,21,zstd -3,827521,14.1472,215.65,1080.62
data_2020_general_election_mail_ballot_reques_mcba-yywm.csv,11747944,50000,11,brotli -q11,536200,21.9096,0.84,785.66
data_2020_general_election_mail_ballot_reques_mcba-yywm.csv,11747944,50000,11,bzip2 -9,385825,30.4489,14.66,84.32
data_2020_general_election_mail_ballot_reques_mcba-yywm.csv,11747944,50000,11,feather+lz4,3062746,3.8358,5804.51,8696.51
data_2020_general_election_mail_ballot_reques_mcba-yywm.csv,11747944,50000,11,feather+zstd,1786922,6.5744,4826.57,7203.87
data_2020_general_election_mail_ballot_reques_mcba-yywm.csv,11747944,50000,11,gzip -9,944402,12.4396,38.44,1469.04
data_2020_general_election_mail_ballot_reques_mcba-yywm.csv,11747944,50000,11,lz4 -9,1069493,10.9846,108.13,818.84
data_2020_general_election_mail_ballot_reques_mcba-yywm.csv,11747944,50000,11,orc+snappy,1428602,8.2234,620.66,1818.51
data_2020_general_election_mail_ballot_reques_mcba-yywm.csv,11747944,50000,11,orc+zlib,956088,12.2875,359.32,1091.33
data_2020_general_election_mail_ballot_reques_mcba-yywm.csv,11747944,50000,11,orc+zstd,953624,12.3193,530.29,1421.04
data_2020_general_election_mail_ballot_reques_mcba-yywm.csv,11747944,50000,11,parquet+brotli,571513,20.5559,9.76,5918.14
data_2020_general_election_mail_ballot_reques_mcba-yywm.csv,11747944,50000,11,parquet+gzip,593383,19.7982,397.6,6575.19
data_2020_general_election_mail_ballot_reques_mcba-yywm.csv,11747944,50000,11,parquet+snappy,668022,17.5862,1419.48,409.08
data_2020_general_election_mail_ballot_reques_mcba-yywm.csv,11747944,50000,11,parquet+zstd,588640,19.9578,288.92,7653.69
data_2020_general_election_mail_ballot_reques_mcba-yywm.csv,11747944,50000,11,polypress,286942,40.9419,22.73,194.73
data_2020_general_election_mail_ballot_reques_mcba-yywm.csv,11747944,50000,11,polypress+brotli,285649,41.1272,,
data_2020_general_election_mail_ballot_reques_mcba-yywm.csv,11747944,50000,11,polypress+zstd,297940,39.4306,,
data_2020_general_election_mail_ballot_reques_mcba-yywm.csv,11747944,50000,11,xz -9e,505408,23.2445,3.02,386.07
data_2020_general_election_mail_ballot_reques_mcba-yywm.csv,11747944,50000,11,zstd -19,536549,21.8954,3.05,1166.29
data_2020_general_election_mail_ballot_reques_mcba-yywm.csv,11747944,50000,11,zstd -22,535524,21.9373,2.82,974.03
data_2020_general_election_mail_ballot_reques_mcba-yywm.csv,11747944,50000,11,zstd -3,1111169,10.5726,213.44,951.46
data_provisional_covid_19_deaths_by_sex_and_a_9bhg-hcku.csv,12116526,50000,16,brotli -q11,451994,26.8068,0.76,813.84
data_provisional_covid_19_deaths_by_sex_and_a_9bhg-hcku.csv,12116526,50000,16,bzip2 -9,370267,32.7238,15.08,132.74
data_provisional_covid_19_deaths_by_sex_and_a_9bhg-hcku.csv,12116526,50000,16,feather+lz4,1643338,7.3731,5614.27,7267.32
data_provisional_covid_19_deaths_by_sex_and_a_9bhg-hcku.csv,12116526,50000,16,feather+zstd,968738,12.5075,5462.8,7065.26
data_provisional_covid_19_deaths_by_sex_and_a_9bhg-hcku.csv,12116526,50000,16,gzip -9,585911,20.6798,51.42,1694.35
data_provisional_covid_19_deaths_by_sex_and_a_9bhg-hcku.csv,12116526,50000,16,lz4 -9,742765,16.3127,147.12,966.98
data_provisional_covid_19_deaths_by_sex_and_a_9bhg-hcku.csv,12116526,50000,16,orc+snappy,646092,18.7536,860.07,2120.52
data_provisional_covid_19_deaths_by_sex_and_a_9bhg-hcku.csv,12116526,50000,16,orc+zlib,355221,34.1098,583.17,1582.4
data_provisional_covid_19_deaths_by_sex_and_a_9bhg-hcku.csv,12116526,50000,16,orc+zstd,314759,38.4946,870.7,2260.89
data_provisional_covid_19_deaths_by_sex_and_a_9bhg-hcku.csv,12116526,50000,16,parquet+brotli,335739,36.0891,12.39,5982.39
data_provisional_covid_19_deaths_by_sex_and_a_9bhg-hcku.csv,12116526,50000,16,parquet+gzip,351876,34.4341,421.25,6319.37
data_provisional_covid_19_deaths_by_sex_and_a_9bhg-hcku.csv,12116526,50000,16,parquet+snappy,432066,28.0432,1076.27,378.47
data_provisional_covid_19_deaths_by_sex_and_a_9bhg-hcku.csv,12116526,50000,16,parquet+zstd,332897,36.3972,161.75,6542.28
data_provisional_covid_19_deaths_by_sex_and_a_9bhg-hcku.csv,12116526,50000,16,polypress,256878,47.1684,24.2,220.27
data_provisional_covid_19_deaths_by_sex_and_a_9bhg-hcku.csv,12116526,50000,16,polypress+brotli,255712,47.3835,,
data_provisional_covid_19_deaths_by_sex_and_a_9bhg-hcku.csv,12116526,50000,16,polypress+zstd,280192,43.2437,,
data_provisional_covid_19_deaths_by_sex_and_a_9bhg-hcku.csv,12116526,50000,16,xz -9e,448708,27.0031,3.13,381.01
data_provisional_covid_19_deaths_by_sex_and_a_9bhg-hcku.csv,12116526,50000,16,zstd -19,500893,24.1898,3.83,1193.86
data_provisional_covid_19_deaths_by_sex_and_a_9bhg-hcku.csv,12116526,50000,16,zstd -22,489184,24.7689,2.5,1100.29
data_provisional_covid_19_deaths_by_sex_and_a_9bhg-hcku.csv,12116526,50000,16,zstd -3,762843,15.8834,219.43,1094.65
data_motor_vehicle_collisions_crashes_h9gi-nx95.csv,12264681,50000,29,brotli -q11,1144754,10.7138,1.03,523.4
data_motor_vehicle_collisions_crashes_h9gi-nx95.csv,12264681,50000,29,bzip2 -9,1203618,10.1898,17.12,81.86
data_motor_vehicle_collisions_crashes_h9gi-nx95.csv,12264681,50000,29,gzip -9,2008354,6.1068,19.32,1032.06
data_motor_vehicle_collisions_crashes_h9gi-nx95.csv,12264681,50000,29,lz4 -9,2327992,5.2684,79.66,597.81
data_motor_vehicle_collisions_crashes_h9gi-nx95.csv,12264681,50000,29,polypress,816223,15.0261,3.39,88.09
data_motor_vehicle_collisions_crashes_h9gi-nx95.csv,12264681,50000,29,polypress+brotli,816793,15.0157,,
data_motor_vehicle_collisions_crashes_h9gi-nx95.csv,12264681,50000,29,polypress+zstd,884292,13.8695,,
data_motor_vehicle_collisions_crashes_h9gi-nx95.csv,12264681,50000,29,xz -9e,1148228,10.6814,3.69,240.94
data_motor_vehicle_collisions_crashes_h9gi-nx95.csv,12264681,50000,29,zstd -19,1212195,10.1177,3.92,874.92
data_motor_vehicle_collisions_crashes_h9gi-nx95.csv,12264681,50000,29,zstd -22,1204513,10.1823,3.55,789.35
data_motor_vehicle_collisions_crashes_h9gi-nx95.csv,12264681,50000,29,zstd -3,2070403,5.9238,204.26,720.1
data_delaware_business_licenses_5zy2-grhr.csv,12308946,50000,13,brotli -q11,1404923,8.7613,1.06,461.73
data_delaware_business_licenses_5zy2-grhr.csv,12308946,50000,13,bzip2 -9,1534407,8.022,18.79,86.43
data_delaware_business_licenses_5zy2-grhr.csv,12308946,50000,13,gzip -9,1946544,6.3235,40.13,1083.54
data_delaware_business_licenses_5zy2-grhr.csv,12308946,50000,13,lz4 -9,2405214,5.1176,110.96,590.58
data_delaware_business_licenses_5zy2-grhr.csv,12308946,50000,13,polypress,1139313,10.8038,1.4,124.71
data_delaware_business_licenses_5zy2-grhr.csv,12308946,50000,13,polypress+brotli,1134362,10.851,,
data_delaware_business_licenses_5zy2-grhr.csv,12308946,50000,13,polypress+zstd,1170612,10.515,,
data_delaware_business_licenses_5zy2-grhr.csv,12308946,50000,13,xz -9e,1392224,8.8412,3.74,197.37
data_delaware_business_licenses_5zy2-grhr.csv,12308946,50000,13,zstd -19,1497201,8.2213,4.16,846.68
data_delaware_business_licenses_5zy2-grhr.csv,12308946,50000,13,zstd -22,1495598,8.2301,3.49,756.69
data_delaware_business_licenses_5zy2-grhr.csv,12308946,50000,13,zstd -3,2022911,6.0848,205.74,747.44
controllerdata_city_employee_payroll_current_g9h8-fvhu.csv,12511177,50000,20,brotli -q11,1466266,8.5327,0.9,488.7
controllerdata_city_employee_payroll_current_g9h8-fvhu.csv,12511177,50000,20,bzip2 -9,1555558,8.0429,18.81,79.92
controllerdata_city_employee_payroll_current_g9h8-fvhu.csv,12511177,50000,20,feather+lz4,5858466,2.1356,3446.9,5003.88
controllerdata_city_employee_payroll_current_g9h8-fvhu.csv,12511177,50000,20,feather+zstd,3822458,3.2731,2628.38,4589.84
controllerdata_city_employee_payroll_current_g9h8-fvhu.csv,12511177,50000,20,gzip -9,2481404,5.042,16.87,945.81
controllerdata_city_employee_payroll_current_g9h8-fvhu.csv,12511177,50000,20,lz4 -9,2840895,4.404,93.11,542.64
controllerdata_city_employee_payroll_current_g9h8-fvhu.csv,12511177,50000,20,orc+snappy,3234674,3.8678,481.2,1155.04
controllerdata_city_employee_payroll_current_g9h8-fvhu.csv,12511177,50000,20,orc+zlib,2291224,5.4605,203.69,628.47
controllerdata_city_employee_payroll_current_g9h8-fvhu.csv,12511177,50000,20,orc+zstd,2294282,5.4532,399.81,953.96
controllerdata_city_employee_payroll_current_g9h8-fvhu.csv,12511177,50000,20,parquet+brotli,1561542,8.0121,1.6,2583.86
controllerdata_city_employee_payroll_current_g9h8-fvhu.csv,12511177,50000,20,parquet+gzip,1955387,6.3983,87.4,3017.75
controllerdata_city_employee_payroll_current_g9h8-fvhu.csv,12511177,50000,20,parquet+snappy,2596824,4.8179,504.0,309.05
controllerdata_city_employee_payroll_current_g9h8-fvhu.csv,12511177,50000,20,parquet+zstd,1794574,6.9717,11.81,3936.96
controllerdata_city_employee_payroll_current_g9h8-fvhu.csv,12511177,50000,20,polypress,994259,12.5834,3.6,94.62
controllerdata_city_employee_payroll_current_g9h8-fvhu.csv,12511177,50000,20,polypress+brotli,1013498,12.3446,,
controllerdata_city_employee_payroll_current_g9h8-fvhu.csv,12511177,50000,20,polypress+zstd,1064115,11.7574,,
controllerdata_city_employee_payroll_current_g9h8-fvhu.csv,12511177,50000,20,xz -9e,1393520,8.9781,1.89,202.08
controllerdata_city_employee_payroll_current_g9h8-fvhu.csv,12511177,50000,20,zstd -19,1471305,8.5035,3.02,833.19
controllerdata_city_employee_payroll_current_g9h8-fvhu.csv,12511177,50000,20,zstd -22,1463884,8.5466,1.86,835.08
controllerdata_city_employee_payroll_current_g9h8-fvhu.csv,12511177,50000,20,zstd -3,2406077,5.1998,199.0,697.81
data_horse_racing_rulings_beginning_1985_igam-2tkj.csv,13055155,40213,14,brotli -q11,1269784,10.2814,1.08,523.99
data_horse_racing_rulings_beginning_1985_igam-2tkj.csv,13055155,40213,14,bzip2 -9,1326410,9.8425,19.84,91.96
data_horse_racing_rulings_beginning_1985_igam-2tkj.csv,13055155,40213,14,feather+lz4,4414354,2.9574,1509.96,4444.95
data_horse_racing_rulings_beginning_1985_igam-2tkj.csv,13055155,40213,14,feather+zstd,2768010,4.7164,1372.47,3115.1
data_horse_racing_rulings_beginning_1985_igam-2tkj.csv,13055155,40213,14,gzip -9,2058703,6.3414,48.25,1101.31
data_horse_racing_rulings_beginning_1985_igam-2tkj.csv,13055155,40213,14,lz4 -9,2326934,5.6105,109.79,613.01
data_horse_racing_rulings_beginning_1985_igam-2tkj.csv,13055155,40213,14,orc+snappy,3191097,4.0911,581.61,1580.71
data_horse_racing_rulings_beginning_1985_igam-2tkj.csv,13055155,40213,14,orc+zlib,2285526,5.7121,239.3,652.98
data_horse_racing_rulings_beginning_1985_igam-2tkj.csv,13055155,40213,14,orc+zstd,2160953,6.0414,473.32,1172.46
data_horse_racing_rulings_beginning_1985_igam-2tkj.csv,13055155,40213,14,parquet+brotli,1410600,9.255,1.58,1524.59
data_horse_racing_rulings_beginning_1985_igam-2tkj.csv,13055155,40213,14,parquet+gzip,1911186,6.8309,85.45,1244.09
data_horse_racing_rulings_beginning_1985_igam-2tkj.csv,13055155,40213,14,parquet+snappy,3040055,4.2944,687.51,384.43
data_horse_racing_rulings_beginning_1985_igam-2tkj.csv,13055155,40213,14,parquet+zstd,1497212,8.7196,8.82,2640.69
data_horse_racing_rulings_beginning_1985_igam-2tkj.csv,13055155,40213,14,polypress,999977,13.0555,2.43,171.08
data_horse_racing_rulings_beginning_1985_igam-2tkj.csv,13055155,40213,14,polypress+brotli,1016935,12.8377,,
data_horse_racing_rulings_beginning_1985_igam-2tkj.csv,13055155,40213,14,polypress+zstd,1075600,12.1376,,
data_horse_racing_rulings_beginning_1985_igam-2tkj.csv,13055155,40213,14,xz -9e,1263236,10.3347,3.43,236.14
data_horse_racing_rulings_beginning_1985_igam-2tkj.csv,13055155,40213,14,zstd -19,1325765,9.8473,4.25,929.32
data_horse_racing_rulings_beginning_1985_igam-2tkj.csv,13055155,40213,14,zstd -22,1323706,9.8626,3.04,812.86
data_horse_racing_rulings_beginning_1985_igam-2tkj.csv,13055155,40213,14,zstd -3,1924536,6.7835,207.32,808.21
health_medicaid_enrolled_provider_listing_keti-qx5t.csv,13254469,50000,19,brotli -q11,633442,20.9245,0.94,706.95
health_medicaid_enrolled_provider_listing_keti-qx5t.csv,13254469,50000,19,bzip2 -9,988478,13.409,20.37,110.73
health_medicaid_enrolled_provider_listing_keti-qx5t.csv,13254469,50000,19,feather+lz4,3371802,3.931,4525.67,6272.51
health_medicaid_enrolled_provider_listing_keti-qx5t.csv,13254469,50000,19,feather+zstd,2168490,6.1123,4584.63,7293.79
health_medicaid_enrolled_provider_listing_keti-qx5t.csv,13254469,50000,19,gzip -9,1249589,10.6071,40.05,1450.95
health_medicaid_enrolled_provider_listing_keti-qx5t.csv,13254469,50000,19,lz4 -9,1484399,8.9292,130.32,778.15
health_medicaid_enrolled_provider_listing_keti-qx5t.csv,13254469,50000,19,orc+snappy,1534488,8.6377,665.99,1762.57
health_medicaid_enrolled_provider_listing_keti-qx5t.csv,13254469,50000,19,orc+zlib,1068234,12.4078,378.2,1026.2
health_medicaid_enrolled_provider_listing_keti-qx5t.csv,13254469,50000,19,orc+zstd,1031755,12.8465,598.45,1599.44
health_medicaid_enrolled_provider_listing_keti-qx5t.csv,13254469,50000,19,parquet+brotli,840051,15.7782,5.29,3527.04
health_medicaid_enrolled_provider_listing_keti-qx5t.csv,13254469,50000,19,parquet+gzip,928050,14.2821,209.54,4097.38
health_medicaid_enrolled_provider_listing_keti-qx5t.csv,13254469,50000,19,parquet+snappy,1344501,9.8583,847.96,417.4
health_medicaid_enrolled_provider_listing_keti-qx5t.csv,13254469,50000,19,parquet+zstd,868246,15.2658,59.64,7141.99
health_medicaid_enrolled_provider_listing_keti-qx5t.csv,13254469,50000,19,polypress,449600,29.4806,7.05,183.79
health_medicaid_enrolled_provider_listing_keti-qx5t.csv,13254469,50000,19,polypress+brotli,468563,28.2875,,
health_medicaid_enrolled_provider_listing_keti-qx5t.csv,13254469,50000,19,polypress+zstd,518315,25.5722,,
health_medicaid_enrolled_provider_listing_keti-qx5t.csv,13254469,50000,19,xz -9e,633348,20.9276,2.64,336.71
health_medicaid_enrolled_provider_listing_keti-qx5t.csv,13254469,50000,19,zstd -19,707997,18.7211,3.16,1215.37
health_medicaid_enrolled_provider_listing_keti-qx5t.csv,13254469,50000,19,zstd -22,698166,18.9847,2.24,1180.25
health_medicaid_enrolled_provider_listing_keti-qx5t.csv,13254469,50000,19,zstd -3,1039950,12.7453,204.24,1059.08
data_listing_of_active_businesses_6rrh-rzua.csv,13657316,50000,16,brotli -q11,2069110,6.6006,1.04,420.8
data_listing_of_active_businesses_6rrh-rzua.csv,13657316,50000,16,bzip2 -9,2347928,5.8168,22.34,71.44
data_listing_of_active_businesses_6rrh-rzua.csv,13657316,50000,16,gzip -9,3450018,3.9586,27.21,825.62
data_listing_of_active_businesses_6rrh-rzua.csv,13657316,50000,16,lz4 -9,3883615,3.5167,102.74,487.76
data_listing_of_active_businesses_6rrh-rzua.csv,13657316,50000,16,polypress,1930264,7.0754,1.9,80.17
data_listing_of_active_businesses_6rrh-rzua.csv,13657316,50000,16,polypress+brotli,1935568,7.056,,
data_listing_of_active_businesses_6rrh-rzua.csv,13657316,50000,16,polypress+zstd,2008377,6.8002,,
data_listing_of_active_businesses_6rrh-rzua.csv,13657316,50000,16,xz -9e,2073952,6.5852,3.44,167.88
data_listing_of_active_businesses_6rrh-rzua.csv,13657316,50000,16,zstd -19,2171882,6.2882,3.9,758.19
data_listing_of_active_businesses_6rrh-rzua.csv,13657316,50000,16,zstd -22,2160551,6.3212,3.34,762.93
data_listing_of_active_businesses_6rrh-rzua.csv,13657316,50000,16,zstd -3,3138173,4.352,191.55,639.92
data_traffic_incidents_35ra-9556.csv,13659859,50000,10,brotli -q11,1632124,8.3694,1.04,441.07
data_traffic_incidents_35ra-9556.csv,13659859,50000,10,bzip2 -9,2035697,6.7102,22.49,87.99
data_traffic_incidents_35ra-9556.csv,13659859,50000,10,feather+lz4,6000802,2.2763,2484.44,6937.11
data_traffic_incidents_35ra-9556.csv,13659859,50000,10,feather+zstd,3881226,3.5195,1853.98,4641.79
data_traffic_incidents_35ra-9556.csv,13659859,50000,10,gzip -9,2734906,4.9946,26.58,969.55
data_traffic_incidents_35ra-9556.csv,13659859,50000,10,lz4 -9,3458995,3.9491,86.18,508.43
data_traffic_incidents_35ra-9556.csv,13659859,50000,10,orc+snappy,4772554,2.8622,564.39,1797.56
data_traffic_incidents_35ra-9556.csv,13659859,50000,10,orc+zlib,3350649,4.0768,197.15,631.2
data_traffic_incidents_35ra-9556.csv,13659859,50000,10,orc+zstd,3080155,4.4348,462.97,1313.17
data_traffic_incidents_35ra-9556.csv,13659859,50000,10,parquet+brotli,2561229,5.3333,1.37,1380.37
data_traffic_incidents_35ra-9556.csv,13659859,50000,10,parquet+gzip,3228641,4.2308,64.77,1735.91
data_traffic_incidents_35ra-9556.csv,13659859,50000,10,parquet+snappy,4792605,2.8502,588.16,447.63
data_traffic_incidents_35ra-9556.csv,13659859,50000,10,parquet+zstd,2722899,5.0167,13.98,3604.96
data_traffic_incidents_35ra-9556.csv,13659859,50000,10,polypress,1559403,8.7597,1.19,113.24
data_traffic_incidents_35ra-9556.csv,13659859,50000,10,polypress+brotli,1630586,8.3773,,
data_traffic_incidents_35ra-9556.csv,13659859,50000,10,polypress+zstd,1732392,7.885,,
data_traffic_incidents_35ra-9556.csv,13659859,50000,10,xz -9e,1540260,8.8685,3.37,182.84
data_traffic_incidents_35ra-9556.csv,13659859,50000,10,zstd -19,1736561,7.866,4.03,857.88
data_traffic_incidents_35ra-9556.csv,13659859,50000,10,zstd -22,1735449,7.8711,3.35,859.49
data_traffic_incidents_35ra-9556.csv,13659859,50000,10,zstd -3,2778873,4.9156,192.42,679.53
opendata_fire_and_rescue_apparatus_responses_2012_xvpn-2pnt.csv,14065413,50000,13,brotli -q11,606659,23.185,0.91,774.15
opendata_fire_and_rescue_apparatus_responses_2012_xvpn-2pnt.csv,14065413,50000,13,bzip2 -9,531531,26.4621,31.35,193.3
opendata_fire_and_rescue_apparatus_responses_2012_xvpn-2pnt.csv,14065413,50000,13,feather+lz4,3170778,4.436,5374.87,7313.99
opendata_fire_and_rescue_apparatus_responses_2012_xvpn-2pnt.csv,14065413,50000,13,feather+zstd,1964178,7.161,4599.25,6794.27
opendata_fire_and_rescue_apparatus_responses_2012_xvpn-2pnt.csv,14065413,50000,13,gzip -9,877506,16.0289,51.4,1752.09
opendata_fire_and_rescue_apparatus_responses_2012_xvpn-2pnt.csv,14065413,50000,13,lz4 -9,1107714,12.6977,141.42,903.59
opendata_fire_and_rescue_apparatus_responses_2012_xvpn-2pnt.csv,14065413,50000,13,orc+snappy,1562952,8.9993,800.99,1957.94
opendata_fire_and_rescue_apparatus_responses_2012_xvpn-2pnt.csv,14065413,50000,13,orc+zlib,934933,15.0443,383.45,1067.1
opendata_fire_and_rescue_apparatus_responses_2012_xvpn-2pnt.csv,14065413,50000,13,orc+zstd,924272,15.2178,692.1,1700.97
opendata_fire_and_rescue_apparatus_responses_2012_xvpn-2pnt.csv,14065413,50000,13,parquet+brotli,863782,16.2835,3.1,3834.55
opendata_fire_and_rescue_apparatus_responses_2012_xvpn-2pnt.csv,14065413,50000,13,parquet+gzip,1037305,13.5596,182.43,5083.11
opendata_fire_and_rescue_apparatus_responses_2012_xvpn-2pnt.csv,14065413,50000,13,parquet+snappy,1393280,10.0952,956.96,448.6
opendata_fire_and_rescue_apparatus_responses_2012_xvpn-2pnt.csv,14065413,50000,13,parquet+zstd,938865,14.9813,59.46,5932.09
opendata_fire_and_rescue_apparatus_responses_2012_xvpn-2pnt.csv,14065413,50000,13,polypress,323925,43.4218,4.77,213.44
opendata_fire_and_rescue_apparatus_responses_2012_xvpn-2pnt.csv,14065413,50000,13,polypress+brotli,361009,38.9614,,
opendata_fire_and_rescue_apparatus_responses_2012_xvpn-2pnt.csv,14065413,50000,13,polypress+zstd,377969,37.2131,,
opendata_fire_and_rescue_apparatus_responses_2012_xvpn-2pnt.csv,14065413,50000,13,xz -9e,580196,24.2425,2.92,349.04
opendata_fire_and_rescue_apparatus_responses_2012_xvpn-2pnt.csv,14065413,50000,13,zstd -19,649099,21.6691,4.14,1257.88
opendata_fire_and_rescue_apparatus_responses_2012_xvpn-2pnt.csv,14065413,50000,13,zstd -22,649080,21.6698,3.42,1234.56
opendata_fire_and_rescue_apparatus_responses_2012_xvpn-2pnt.csv,14065413,50000,13,zstd -3,952456,14.7675,212.1,1103.09
data_crimes_2001_to_present_ijzp-q8t2.csv,14472116,50000,22,brotli -q11,1558992,9.283,0.94,474.75
data_crimes_2001_to_present_ijzp-q8t2.csv,14472116,50000,22,bzip2 -9,1984208,7.2936,21.61,76.33
data_crimes_2001_to_present_ijzp-q8t2.csv,14472116,50000,22,gzip -9,3063646,4.7238,11.96,923.26
data_crimes_2001_to_present_ijzp-q8t2.csv,14472116,50000,22,lz4 -9,3562431,4.0624,84.75,533.61
data_crimes_2001_to_present_ijzp-q8t2.csv,14472116,50000,22,polypress,1130993,12.7959,1.58,82.95
data_crimes_2001_to_present_ijzp-q8t2.csv,14472116,50000,22,polypress+brotli,1167807,12.3926,,
data_crimes_2001_to_present_ijzp-q8t2.csv,14472116,50000,22,polypress+zstd,1240859,11.663,,
data_crimes_2001_to_present_ijzp-q8t2.csv,14472116,50000,22,xz -9e,1530476,9.456,3.21,193.22
data_crimes_2001_to_present_ijzp-q8t2.csv,14472116,50000,22,zstd -19,1675311,8.6385,3.6,887.37
data_crimes_2001_to_present_ijzp-q8t2.csv,14472116,50000,22,zstd -22,1659004,8.7234,3.17,794.08
data_crimes_2001_to_present_ijzp-q8t2.csv,14472116,50000,22,zstd -3,2787739,5.1913,189.77,709.52
data_for_hire_vehicles_fhv_active_8wbx-tsch.csv,14487725,50000,23,brotli -q11,1246528,11.6225,0.86,582.31
data_for_hire_vehicles_fhv_active_8wbx-tsch.csv,14487725,50000,23,bzip2 -9,1430680,10.1265,14.93,71.54
data_for_hire_vehicles_fhv_active_8wbx-tsch.csv,14487725,50000,23,feather+lz4,5451578,2.6575,3362.06,4470.05
data_for_hire_vehicles_fhv_active_8wbx-tsch.csv,14487725,50000,23,feather+zstd,3315882,4.3692,3172.33,5935.33
data_for_hire_vehicles_fhv_active_8wbx-tsch.csv,14487725,50000,23,gzip -9,2275442,6.367,36.72,1133.06
data_for_hire_vehicles_fhv_active_8wbx-tsch.csv,14487725,50000,23,lz4 -9,2626795,5.5154,134.56,650.58
data_for_hire_vehicles_fhv_active_8wbx-tsch.csv,14487725,50000,23,parquet+brotli,1507783,9.6086,3.56,2605.63
data_for_hire_vehicles_fhv_active_8wbx-tsch.csv,14487725,50000,23,parquet+gzip,1781498,8.1323,109.91,2801.18
data_for_hire_vehicles_fhv_active_8wbx-tsch.csv,14487725,50000,23,parquet+snappy,2609968,5.5509,598.0,804.28
data_for_hire_vehicles_fhv_active_8wbx-tsch.csv,14487725,50000,23,parquet+zstd,1544682,9.3791,27.26,5407.66
data_for_hire_vehicles_fhv_active_8wbx-tsch.csv,14487725,50000,23,polypress,933489,15.52,3.34,116.01
data_for_hire_vehicles_fhv_active_8wbx-tsch.csv,14487725,50000,23,polypress+brotli,949348,15.2607,,
data_for_hire_vehicles_fhv_active_8wbx-tsch.csv,14487725,50000,23,polypress+zstd,1005907,14.4026,,
data_for_hire_vehicles_fhv_active_8wbx-tsch.csv,14487725,50000,23,xz -9e,1222736,11.8486,3.63,233.23
data_for_hire_vehicles_fhv_active_8wbx-tsch.csv,14487725,50000,23,zstd -19,1320039,10.9752,3.5,987.04
data_for_hire_vehicles_fhv_active_8wbx-tsch.csv,14487725,50000,23,zstd -22,1312476,11.0385,3.2,987.23
data_for_hire_vehicles_fhv_active_8wbx-tsch.csv,14487725,50000,23,zstd -3,1933882,7.4915,210.59,873.71
data_crime_data_from_2020_to_2024_2nrs-mtv8.csv,15020262,50000,28,brotli -q11,1279154,11.7423,0.99,604.32
data_crime_data_from_2020_to_2024_2nrs-mtv8.csv,15020262,50000,28,bzip2 -9,1320271,11.3767,21.35,77.59
data_crime_data_from_2020_to_2024_2nrs-mtv8.csv,15020262,50000,28,feather+lz4,5850106,2.5675,2929.12,4563.86
data_crime_data_from_2020_to_2024_2nrs-mtv8.csv,15020262,50000,28,feather+zstd,3399442,4.4184,2342.51,4459.83
data_crime_data_from_2020_to_2024_2nrs-mtv8.csv,15020262,50000,28,gzip -9,2562627,5.8613,13.81,1063.61
data_crime_data_from_2020_to_2024_2nrs-mtv8.csv,15020262,50000,28,lz4 -9,2852296,5.266,95.44,602.11
data_crime_data_from_2020_to_2024_2nrs-mtv8.csv,15020262,50000,28,orc+snappy,3240057,4.6358,405.45,1340.39
data_crime_data_from_2020_to_2024_2nrs-mtv8.csv,15020262,50000,28,orc+zlib,2271031,6.6139,207.3,694.77
data_crime_data_from_2020_to_2024_2nrs-mtv8.csv,15020262,50000,28,orc+zstd,2322665,6.4668,353.99,1073.58
data_crime_data_from_2020_to_2024_2nrs-mtv8.csv,15020262,50000,28,parquet+brotli,1461408,10.2779,3.68,3304.63
data_crime_data_from_2020_to_2024_2nrs-mtv8.csv,15020262,50000,28,parquet+gzip,1574436,9.5401,129.98,3597.92
data_crime_data_from_2020_to_2024_2nrs-mtv8.csv,15020262,50000,28,parquet+snappy,2017220,7.446,690.17,381.6
data_crime_data_from_2020_to_2024_2nrs-mtv8.csv,15020262,50000,28,parquet+zstd,1499476,10.017,38.83,4501.25
data_crime_data_from_2020_to_2024_2nrs-mtv8.csv,15020262,50000,28,polypress,925676,16.2263,7.59,105.28
data_crime_data_from_2020_to_2024_2nrs-mtv8.csv,15020262,50000,28,polypress+brotli,913874,16.4358,,
data_crime_data_from_2020_to_2024_2nrs-mtv8.csv,15020262,50000,28,polypress+zstd,990045,15.1713,,
data_crime_data_from_2020_to_2024_2nrs-mtv8.csv,15020262,50000,28,xz -9e,1256936,11.9499,3.26,257.29
data_crime_data_from_2020_to_2024_2nrs-mtv8.csv,15020262,50000,28,zstd -19,1322499,11.3575,3.55,1022.67
data_crime_data_from_2020_to_2024_2nrs-mtv8.csv,15020262,50000,28,zstd -22,1311508,11.4527,3.24,904.68
data_crime_data_from_2020_to_2024_2nrs-mtv8.csv,15020262,50000,28,zstd -3,2410522,6.2311,197.73,775.92
data_police_dispatched_incidents_98cc-bc7d.csv,15581173,50000,26,brotli -q11,1827812,8.5245,1.0,468.42
data_police_dispatched_incidents_98cc-bc7d.csv,15581173,50000,26,bzip2 -9,1997229,7.8014,21.82,80.31
data_police_dispatched_incidents_98cc-bc7d.csv,15581173,50000,26,feather+lz4,6985042,2.2306,2658.97,4756.34
data_police_dispatched_incidents_98cc-bc7d.csv,15581173,50000,26,feather+zstd,4363114,3.5711,2366.55,4810.61
data_police_dispatched_incidents_98cc-bc7d.csv,15581173,50000,26,gzip -9,3194684,4.8772,13.54,952.68
data_police_dispatched_incidents_98cc-bc7d.csv,15581173,50000,26,lz4 -9,3665791,4.2504,100.42,550.4
data_police_dispatched_incidents_98cc-bc7d.csv,15581173,50000,26,orc+snappy,3713399,4.1959,401.81,1316.66
data_police_dispatched_incidents_98cc-bc7d.csv,15581173,50000,26,orc+zlib,2719787,5.7288,201.53,647.51
data_police_dispatched_incidents_98cc-bc7d.csv,15581173,50000,26,orc+zstd,2742971,5.6804,354.51,1013.01
data_police_dispatched_incidents_98cc-bc7d.csv,15581173,50000,26,parquet+brotli,2287580,6.8112,2.39,2785.92
data_police_dispatched_incidents_98cc-bc7d.csv,15581173,50000,26,parquet+gzip,2504631,6.2209,110.66,3865.39
data_police_dispatched_incidents_98cc-bc7d.csv,15581173,50000,26,parquet+snappy,3180821,4.8985,593.38,399.24
data_police_dispatched_incidents_98cc-bc7d.csv,15581173,50000,26,parquet+zstd,2335147,6.6725,42.64,5267.36
data_police_dispatched_incidents_98cc-bc7d.csv,15581173,50000,26,polypress,1207769,12.9008,2.07,96.17
data_police_dispatched_incidents_98cc-bc7d.csv,15581173,50000,26,polypress+brotli,1242348,12.5417,,
data_police_dispatched_incidents_98cc-bc7d.csv,15581173,50000,26,polypress+zstd,1358892,11.4661,,
data_police_dispatched_incidents_98cc-bc7d.csv,15581173,50000,26,xz -9e,1802520,8.6441,3.31,193.8
data_police_dispatched_incidents_98cc-bc7d.csv,15581173,50000,26,zstd -19,1931385,8.0674,3.67,766.15
data_police_dispatched_incidents_98cc-bc7d.csv,15581173,50000,26,zstd -22,1917336,8.1265,3.15,784.4
data_police_dispatched_incidents_98cc-bc7d.csv,15581173,50000,26,zstd -3,3046487,5.1145,195.35,720.79
data_yourmoney_agency_payroll_iqwc-r2w7.csv,16335357,50000,32,brotli -q11,1029333,15.8698,0.97,718.82
data_yourmoney_agency_payroll_iqwc-r2w7.csv,16335357,50000,32,bzip2 -9,1318437,12.3899,20.43,91.83
data_yourmoney_agency_payroll_iqwc-r2w7.csv,16335357,50000,32,feather+lz4,5864298,2.7856,3537.38,4246.39
data_yourmoney_agency_payroll_iqwc-r2w7.csv,16335357,50000,32,feather+zstd,3648746,4.477,3011.54,5007.34
data_yourmoney_agency_payroll_iqwc-r2w7.csv,16335357,50000,32,gzip -9,2101037,7.7749,22.82,1284.62
data_yourmoney_agency_payroll_iqwc-r2w7.csv,16335357,50000,32,lz4 -9,2400389,6.8053,115.96,735.89
data_yourmoney_agency_payroll_iqwc-r2w7.csv,16335357,50000,32,orc+snappy,3141943,5.1991,518.86,1213.61
data_yourmoney_agency_payroll_iqwc-r2w7.csv,16335357,50000,32,orc+zlib,2111537,7.7362,266.44,675.34
data_yourmoney_agency_payroll_iqwc-r2w7.csv,16335357,50000,32,orc+zstd,2143252,7.6218,440.21,1001.67
data_yourmoney_agency_payroll_iqwc-r2w7.csv,16335357,50000,32,parquet+brotli,1299859,12.567,3.73,3370.83
data_yourmoney_agency_payroll_iqwc-r2w7.csv,16335357,50000,32,parquet+gzip,1456285,11.2171,138.51,3741.56
data_yourmoney_agency_payroll_iqwc-r2w7.csv,16335357,50000,32,parquet+snappy,2009655,8.1284,619.33,540.41
data_yourmoney_agency_payroll_iqwc-r2w7.csv,16335357,50000,32,parquet+zstd,1345567,12.1401,47.53,4244.02
data_yourmoney_agency_payroll_iqwc-r2w7.csv,16335357,50000,32,polypress,700852,23.3079,12.12,108.99
data_yourmoney_agency_payroll_iqwc-r2w7.csv,16335357,50000,32,polypress+brotli,710921,22.9777,,
data_yourmoney_agency_payroll_iqwc-r2w7.csv,16335357,50000,32,polypress+zstd,826583,19.7625,,
data_yourmoney_agency_payroll_iqwc-r2w7.csv,16335357,50000,32,xz -9e,1015364,16.0882,1.71,315.34
data_yourmoney_agency_payroll_iqwc-r2w7.csv,16335357,50000,32,zstd -19,1100346,14.8457,3.3,1159.61
data_yourmoney_agency_payroll_iqwc-r2w7.csv,16335357,50000,32,zstd -22,1084722,15.0595,1.83,1094.41
data_yourmoney_agency_payroll_iqwc-r2w7.csv,16335357,50000,32,zstd -3,1815427,8.9981,207.08,966.54
data_active_businesses_all_tckn-sxa6.csv,16890598,50000,19,brotli -q11,868449,19.4492,1.06,830.17
data_active_businesses_all_tckn-sxa6.csv,16890598,50000,19,bzip2 -9,1062230,15.9011,18.78,111.94
data_active_businesses_all_tckn-sxa6.csv,16890598,50000,19,feather+lz4,3920330,4.3085,4038.09,5078.44
data_active_businesses_all_tckn-sxa6.csv,16890598,50000,19,feather+zstd,2340178,7.2177,3993.93,6248.95
data_active_businesses_all_tckn-sxa6.csv,16890598,50000,19,gzip -9,1394634,12.1111,84.9,1631.76
data_active_businesses_all_tckn-sxa6.csv,16890598,50000,19,lz4 -9,1662659,10.1588,158.67,895.86
data_active_businesses_all_tckn-sxa6.csv,16890598,50000,19,orc+snappy,2267934,7.4476,732.56,1563.2
data_active_businesses_all_tckn-sxa6.csv,16890598,50000,19,orc+zlib,1379522,12.2438,379.84,919.91
data_active_businesses_all_tckn-sxa6.csv,16890598,50000,19,orc+zstd,1265063,13.3516,635.63,1419.98
data_active_businesses_all_tckn-sxa6.csv,16890598,50000,19,parquet+brotli,1043171,16.1916,2.43,2339.72
data_active_businesses_all_tckn-sxa6.csv,16890598,50000,19,parquet+gzip,1243533,13.5828,137.43,2996.42
data_active_businesses_all_tckn-sxa6.csv,16890598,50000,19,parquet+snappy,2030867,8.3169,702.51,547.94
data_active_businesses_all_tckn-sxa6.csv,16890598,50000,19,parquet+zstd,1079954,15.6401,16.72,4272.88
data_active_businesses_all_tckn-sxa6.csv,16890598,50000,19,polypress,621878,27.1606,5.29,174.87
data_active_businesses_all_tckn-sxa6.csv,16890598,50000,19,polypress+brotli,626767,26.9488,,
data_active_businesses_all_tckn-sxa6.csv,16890598,50000,19,polypress+zstd,671055,25.1702,,
data_active_businesses_all_tckn-sxa6.csv,16890598,50000,19,xz -9e,859788,19.6451,3.72,353.82
data_active_businesses_all_tckn-sxa6.csv,16890598,50000,19,zstd -19,922569,18.3082,3.94,1272.05
data_active_businesses_all_tckn-sxa6.csv,16890598,50000,19,zstd -22,910893,18.5429,2.74,1237.3
data_active_businesses_all_tckn-sxa6.csv,16890598,50000,19,zstd -3,1308129,12.912,215.65,1132.37
data_dashboard_expenditures_mi_fbey-tu9a.csv,17375670,50000,19,brotli -q11,286041,60.7454,0.79,1141.32
data_dashboard_expenditures_mi_fbey-tu9a.csv,17375670,50000,19,bzip2 -9,336788,51.5923,16.93,115.72
data_dashboard_expenditures_mi_fbey-tu9a.csv,17375670,50000,19,feather+lz4,3169970,5.4813,3970.52,5571.35
data_dashboard_expenditures_mi_fbey-tu9a.csv,17375670,50000,19,feather+zstd,1908146,9.106,4616.38,6069.7
data_dashboard_expenditures_mi_fbey-tu9a.csv,17375670,50000,19,gzip -9,949783,18.2944,83.41,1742.1
data_dashboard_expenditures_mi_fbey-tu9a.csv,17375670,50000,19,lz4 -9,942999,18.426,175.38,1025.0
data_dashboard_expenditures_mi_fbey-tu9a.csv,17375670,50000,19,orc+snappy,1274003,13.6386,1039.72,1857.97
data_dashboard_expenditures_mi_fbey-tu9a.csv,17375670,50000,19,orc+zlib,744599,23.3356,635.33,1343.81
data_dashboard_expenditures_mi_fbey-tu9a.csv,17375670,50000,19,orc+zstd,524239,33.1446,923.36,2001.18
data_dashboard_expenditures_mi_fbey-tu9a.csv,17375670,50000,19,parquet+brotli,182635,95.1388,12.28,7505.55
data_dashboard_expenditures_mi_fbey-tu9a.csv,17375670,50000,19,parquet+gzip,269098,64.57,602.49,7778.72
data_dashboard_expenditures_mi_fbey-tu9a.csv,17375670,50000,19,parquet+snappy,417356,41.6327,1227.19,451.81
data_dashboard_expenditures_mi_fbey-tu9a.csv,17375670,50000,19,parquet+zstd,205258,84.6528,46.01,7952.73
data_dashboard_expenditures_mi_fbey-tu9a.csv,17375670,50000,19,polypress,106579,163.0309,27.95,267.9
data_dashboard_expenditures_mi_fbey-tu9a.csv,17375670,50000,19,polypress+brotli,111068,156.4417,,
data_dashboard_expenditures_mi_fbey-tu9a.csv,17375670,50000,19,polypress+zstd,127971,135.7782,,
data_dashboard_expenditures_mi_fbey-tu9a.csv,17375670,50000,19,xz -9e,289732,59.9715,4.11,544.07
data_dashboard_expenditures_mi_fbey-tu9a.csv,17375670,50000,19,zstd -19,348457,49.8646,3.84,1524.41
data_dashboard_expenditures_mi_fbey-tu9a.csv,17375670,50000,19,zstd -22,346881,50.0912,2.46,1361.08
data_dashboard_expenditures_mi_fbey-tu9a.csv,17375670,50000,19,zstd -3,590297,29.4355,223.7,1409.35
opendata_fire_rescue_incidents_2012_present_f362-6fup.csv,19458461,50000,23,brotli -q11,563570,34.5271,0.81,943.42
opendata_fire_rescue_incidents_2012_present_f362-6fup.csv,19458461,50000,23,bzip2 -9,490799,39.6465,23.13,145.24
opendata_fire_rescue_incidents_2012_present_f362-6fup.csv,19458461,50000,23,feather+lz4,3545098,5.4888,4962.59,6007.26
opendata_fire_rescue_incidents_2012_present_f362-6fup.csv,19458461,50000,23,feather+zstd,1807850,10.7633,4859.46,6545.41
opendata_fire_rescue_incidents_2012_present_f362-6fup.csv,19458461,50000,23,gzip -9,1152905,16.8778,34.18,1761.1
opendata_fire_rescue_incidents_2012_present_f362-6fup.csv,19458461,50000,23,lz4 -9,1233456,15.7756,157.92,1071.8
opendata_fire_rescue_incidents_2012_present_f362-6fup.csv,19458461,50000,23,orc+snappy,1914976,10.1612,900.44,2575.25
opendata_fire_rescue_incidents_2012_present_f362-6fup.csv,19458461,50000,23,orc+zlib,1131030,17.2042,470.36,1383.96
opendata_fire_rescue_incidents_2012_present_f362-6fup.csv,19458461,50000,23,orc+zstd,1079713,18.0219,797.77,2263.18
opendata_fire_rescue_incidents_2012_present_f362-6fup.csv,19458461,50000,23,parquet+brotli,728178,26.7221,6.16,6892.55
opendata_fire_rescue_incidents_2012_present_f362-6fup.csv,19458461,50000,23,parquet+gzip,873097,22.2867,211.17,7556.92
opendata_fire_rescue_incidents_2012_present_f362-6fup.csv,19458461,50000,23,parquet+snappy,1244615,15.6341,1277.21,618.73
opendata_fire_rescue_incidents_2012_present_f362-6fup.csv,19458461,50000,23,parquet+zstd,792907,24.5407,75.4,8909.9
opendata_fire_rescue_incidents_2012_present_f362-6fup.csv,19458461,50000,23,polypress,291690,66.7094,7.43,267.54
opendata_fire_rescue_incidents_2012_present_f362-6fup.csv,19458461,50000,23,polypress+brotli,300063,64.8479,,
opendata_fire_rescue_incidents_2012_present_f362-6fup.csv,19458461,50000,23,polypress+zstd,333269,58.3867,,
opendata_fire_rescue_incidents_2012_present_f362-6fup.csv,19458461,50000,23,xz -9e,484804,40.1368,2.32,474.92
opendata_fire_rescue_incidents_2012_present_f362-6fup.csv,19458461,50000,23,zstd -19,566696,34.3367,4.31,1522.58
opendata_fire_rescue_incidents_2012_present_f362-6fup.csv,19458461,50000,23,zstd -22,546686,35.5935,1.71,1308.49
opendata_fire_rescue_incidents_2012_present_f362-6fup.csv,19458461,50000,23,zstd -3,1058064,18.3906,229.73,1312.28
health_food_service_establishment_last_inspecti_cnih-y5dw.csv,19742877,21599,26,brotli -q11,1872685,10.5426,1.12,598.7
health_food_service_establishment_last_inspecti_cnih-y5dw.csv,19742877,21599,26,bzip2 -9,2586623,7.6327,18.85,75.95
health_food_service_establishment_last_inspecti_cnih-y5dw.csv,19742877,21599,26,feather+lz4,7059314,2.7967,1765.24,3633.03
health_food_service_establishment_last_inspecti_cnih-y5dw.csv,19742877,21599,26,feather+zstd,4495634,4.3916,1527.37,3396.4
health_food_service_establishment_last_inspecti_cnih-y5dw.csv,19742877,21599,26,gzip -9,4411889,4.4749,43.64,826.13
health_food_service_establishment_last_inspecti_cnih-y5dw.csv,19742877,21599,26,lz4 -9,4584367,4.3066,155.51,606.18
health_food_service_establishment_last_inspecti_cnih-y5dw.csv,19742877,21599,26,orc+snappy,5920209,3.3348,608.63,1661.74
health_food_service_establishment_last_inspecti_cnih-y5dw.csv,19742877,21599,26,orc+zlib,4287113,4.6052,211.3,603.28
health_food_service_establishment_last_inspecti_cnih-y5dw.csv,19742877,21599,26,orc+zstd,4127518,4.7832,478.62,1268.81
health_food_service_establishment_last_inspecti_cnih-y5dw.csv,19742877,21599,26,parquet+brotli,2438032,8.0979,1.65,2098.1
health_food_service_establishment_last_inspecti_cnih-y5dw.csv,19742877,21599,26,parquet+gzip,3432489,5.7518,74.78,1538.8
health_food_service_establishment_last_inspecti_cnih-y5dw.csv,19742877,21599,26,parquet+snappy,5717807,3.4529,661.18,487.48
health_food_service_establishment_last_inspecti_cnih-y5dw.csv,19742877,21599,26,parquet+zstd,2554635,7.7283,4.62,3537.58
health_food_service_establishment_last_inspecti_cnih-y5dw.csv,19742877,21599,26,polypress,1443654,13.6756,1.61,188.31
health_food_service_establishment_last_inspecti_cnih-y5dw.csv,19742877,21599,26,polypress+brotli,1448126,13.6334,,
health_food_service_establishment_last_inspecti_cnih-y5dw.csv,19742877,21599,26,polypress+zstd,1504302,13.1243,,
health_food_service_establishment_last_inspecti_cnih-y5dw.csv,19742877,21599,26,xz -9e,1865676,10.5822,4.3,257.43
health_food_service_establishment_last_inspecti_cnih-y5dw.csv,19742877,21599,26,zstd -19,1974750,9.9977,4.78,1034.19
health_food_service_establishment_last_inspecti_cnih-y5dw.csv,19742877,21599,26,zstd -22,1906670,10.3546,2.31,1036.31
health_food_service_establishment_last_inspecti_cnih-y5dw.csv,19742877,21599,26,zstd -3,3177699,6.2129,219.54,831.59
datacatalog_medical_examiner_case_archive_cjeq-bs86.csv,20312864,50000,33,brotli -q11,2125610,9.5563,0.93,504.95
datacatalog_medical_examiner_case_archive_cjeq-bs86.csv,20312864,50000,33,bzip2 -9,2319901,8.7559,18.34,84.55
datacatalog_medical_examiner_case_archive_cjeq-bs86.csv,20312864,50000,33,feather+lz4,8471634,2.3978,2798.71,3826.04
datacatalog_medical_examiner_case_archive_cjeq-bs86.csv,20312864,50000,33,feather+zstd,5379634,3.7759,2578.8,4318.21
datacatalog_medical_examiner_case_archive_cjeq-bs86.csv,20312864,50000,33,gzip -9,3876400,5.2401,16.75,1037.01
datacatalog_medical_examiner_case_archive_cjeq-bs86.csv,20312864,50000,33,lz4 -9,4384090,4.6333,116.82,604.57
datacatalog_medical_examiner_case_archive_cjeq-bs86.csv,20312864,50000,33,orc+snappy,5253930,3.8662,465.5,1291.92
datacatalog_medical_examiner_case_archive_cjeq-bs86.csv,20312864,50000,33,orc+zlib,3739443,5.4321,203.51,617.6
datacatalog_medical_examiner_case_archive_cjeq-bs86.csv,20312864,50000,33,orc+zstd,3640246,5.5801,394.5,1001.32
datacatalog_medical_examiner_case_archive_cjeq-bs86.csv,20312864,50000,33,parquet+brotli,2945241,6.8968,1.59,2435.28
datacatalog_medical_examiner_case_archive_cjeq-bs86.csv,20312864,50000,33,parquet+gzip,3622869,5.6068,77.84,2658.13
datacatalog_medical_examiner_case_archive_cjeq-bs86.csv,20312864,50000,33,parquet+snappy,5123863,3.9644,523.11,606.41
datacatalog_medical_examiner_case_archive_cjeq-bs86.csv,20312864,50000,33,parquet+zstd,3122795,6.5047,19.79,4630.09
datacatalog_medical_examiner_case_archive_cjeq-bs86.csv,20312864,50000,33,polypress,1458458,13.9276,2.69,94.69
datacatalog_medical_examiner_case_archive_cjeq-bs86.csv,20312864,50000,33,polypress+brotli,1507732,13.4725,,
datacatalog_medical_examiner_case_archive_cjeq-bs86.csv,20312864,50000,33,polypress+zstd,1616054,12.5694,,
datacatalog_medical_examiner_case_archive_cjeq-bs86.csv,20312864,50000,33,xz -9e,2101244,9.6671,2.89,216.59
datacatalog_medical_examiner_case_archive_cjeq-bs86.csv,20312864,50000,33,zstd -19,2267867,8.9568,3.47,984.2
datacatalog_medical_examiner_case_archive_cjeq-bs86.csv,20312864,50000,33,zstd -22,2233538,9.0945,2.75,980.78
datacatalog_medical_examiner_case_archive_cjeq-bs86.csv,20312864,50000,33,zstd -3,3730180,5.4455,210.84,770.01
data_permit_applications_ryhf-m453.csv,22684739,50000,40,brotli -q11,2170266,10.4525,1.01,596.97
data_permit_applications_ryhf-m453.csv,22684739,50000,40,bzip2 -9,3450193,6.5749,21.38,69.75
data_permit_applications_ryhf-m453.csv,22684739,50000,40,feather+lz4,10320346,2.1981,2829.22,3355.2
data_permit_applications_ryhf-m453.csv,22684739,50000,40,feather+zstd,6534578,3.4715,2174.78,4103.45
data_permit_applications_ryhf-m453.csv,22684739,50000,40,gzip -9,5737218,3.954,24.47,810.57
data_permit_applications_ryhf-m453.csv,22684739,50000,40,lz4 -9,6306078,3.5973,108.28,549.72
data_permit_applications_ryhf-m453.csv,22684739,50000,40,orc+snappy,6869628,3.3022,380.62,996.44
data_permit_applications_ryhf-m453.csv,22684739,50000,40,orc+zlib,4905310,4.6245,175.72,501.45
data_permit_applications_ryhf-m453.csv,22684739,50000,40,orc+zstd,4643406,4.8854,326.58,830.88
data_permit_applications_ryhf-m453.csv,22684739,50000,40,parquet+brotli,2889975,7.8495,2.72,2880.96
data_permit_applications_ryhf-m453.csv,22684739,50000,40,parquet+gzip,3260770,6.9569,98.01,3430.81
data_permit_applications_ryhf-m453.csv,22684739,50000,40,parquet+snappy,4559105,4.9757,537.08,726.42
data_permit_applications_ryhf-m453.csv,22684739,50000,40,parquet+zstd,2963891,7.6537,27.86,4794.73
data_permit_applications_ryhf-m453.csv,22684739,50000,40,polypress,1726269,13.1409,2.32,93.94
data_permit_applications_ryhf-m453.csv,22684739,50000,40,polypress+brotli,1748617,12.973,,
data_permit_applications_ryhf-m453.csv,22684739,50000,40,polypress+zstd,1875940,12.0925,,
data_permit_applications_ryhf-m453.csv,22684739,50000,40,xz -9e,2170364,10.452,3.46,244.19
data_permit_applications_ryhf-m453.csv,22684739,50000,40,zstd -19,2299155,9.8666,3.59,1032.25
data_permit_applications_ryhf-m453.csv,22684739,50000,40,zstd -22,2255885,10.0558,2.85,1002.5
data_permit_applications_ryhf-m453.csv,22684739,50000,40,zstd -3,4099361,5.5337,206.08,780.77
datos_código_único_de_medicamentos_vencidos_vwwf-4ftk.csv,24069025,50000,29,brotli -q11,672312,35.8004,1.7,1052.42
datos_código_único_de_medicamentos_vencidos_vwwf-4ftk.csv,24069025,50000,29,bzip2 -9,1008995,23.8545,18.77,134.15
datos_código_único_de_medicamentos_vencidos_vwwf-4ftk.csv,24069025,50000,29,feather+lz4,5723962,4.205,3688.18,4328.09
datos_código_único_de_medicamentos_vencidos_vwwf-4ftk.csv,24069025,50000,29,feather+zstd,3488610,6.8993,4101.27,6567.32
datos_código_único_de_medicamentos_vencidos_vwwf-4ftk.csv,24069025,50000,29,gzip -9,1269338,18.9619,65.37,2017.89
datos_código_único_de_medicamentos_vencidos_vwwf-4ftk.csv,24069025,50000,29,lz4 -9,1499897,16.0471,193.76,1126.83
datos_código_único_de_medicamentos_vencidos_vwwf-4ftk.csv,24069025,50000,29,orc+snappy,2176783,11.0572,781.99,1721.95
datos_código_único_de_medicamentos_vencidos_vwwf-4ftk.csv,24069025,50000,29,orc+zlib,1366880,17.6087,459.64,1075.34
datos_código_único_de_medicamentos_vencidos_vwwf-4ftk.csv,24069025,50000,29,orc+zstd,1252110,19.2228,696.42,1566.67
datos_código_único_de_medicamentos_vencidos_vwwf-4ftk.csv,24069025,50000,29,parquet+brotli,858287,28.0431,8.82,5333.24
datos_código_único_de_medicamentos_vencidos_vwwf-4ftk.csv,24069025,50000,29,parquet+gzip,944481,25.4839,309.39,7060.13
datos_código_único_de_medicamentos_vencidos_vwwf-4ftk.csv,24069025,50000,29,parquet+snappy,1356072,17.7491,1014.42,739.49
datos_código_único_de_medicamentos_vencidos_vwwf-4ftk.csv,24069025,50000,29,parquet+zstd,863412,27.8766,69.21,7206.28
datos_código_único_de_medicamentos_vencidos_vwwf-4ftk.csv,24069025,50000,29,polypress,441865,54.4714,13.1,206.18
datos_código_único_de_medicamentos_vencidos_vwwf-4ftk.csv,24069025,50000,29,polypress+brotli,450362,53.4437,,
datos_código_único_de_medicamentos_vencidos_vwwf-4ftk.csv,24069025,50000,29,polypress+zstd,503468,47.8065,,
datos_código_único_de_medicamentos_vencidos_vwwf-4ftk.csv,24069025,50000,29,xz -9e,649220,37.0738,4.74,483.99
datos_código_único_de_medicamentos_vencidos_vwwf-4ftk.csv,24069025,50000,29,zstd -19,741083,32.4782,6.12,1625.52
datos_código_único_de_medicamentos_vencidos_vwwf-4ftk.csv,24069025,50000,29,zstd -22,696965,34.5341,1.41,1540.21
datos_código_único_de_medicamentos_vencidos_vwwf-4ftk.csv,24069025,50000,29,zstd -3,1118990,21.5096,224.05,1482.72
datos_código_único_de_medicamentos_otros_estad_spzp-dfuc.csv,24253871,50000,29,brotli -q11,1197295,20.2572,1.11,898.56
datos_código_único_de_medicamentos_otros_estad_spzp-dfuc.csv,24253871,50000,29,bzip2 -9,3112103,7.7934,20.66,73.41
datos_código_único_de_medicamentos_otros_estad_spzp-dfuc.csv,24253871,50000,29,feather+lz4,12234346,1.9824,2267.93,3512.95
datos_código_único_de_medicamentos_otros_estad_spzp-dfuc.csv,24253871,50000,29,feather+zstd,7453962,3.2538,1955.63,3945.86
datos_código_único_de_medicamentos_otros_estad_spzp-dfuc.csv,24253871,50000,29,gzip -9,5721839,4.2388,18.55,922.1
datos_código_único_de_medicamentos_otros_estad_spzp-dfuc.csv,24253871,50000,29,lz4 -9,6137909,3.9515,115.82,580.11
datos_código_único_de_medicamentos_otros_estad_spzp-dfuc.csv,24253871,50000,29,orc+snappy,7337023,3.3057,434.86,1129.41
datos_código_único_de_medicamentos_otros_estad_spzp-dfuc.csv,24253871,50000,29,orc+zlib,5316221,4.5622,177.74,508.65
datos_código_único_de_medicamentos_otros_estad_spzp-dfuc.csv,24253871,50000,29,orc+zstd,5091076,4.764,343.37,855.2
datos_código_único_de_medicamentos_otros_estad_spzp-dfuc.csv,24253871,50000,29,parquet+brotli,2127628,11.3995,2.9,2916.18
datos_código_único_de_medicamentos_otros_estad_spzp-dfuc.csv,24253871,50000,29,parquet+gzip,2619442,9.2592,124.04,2394.28
datos_código_único_de_medicamentos_otros_estad_spzp-dfuc.csv,24253871,50000,29,parquet+snappy,3762453,6.4463,714.57,738.55
datos_código_único_de_medicamentos_otros_estad_spzp-dfuc.csv,24253871,50000,29,parquet+zstd,2178362,11.134,23.17,5683.77
datos_código_único_de_medicamentos_otros_estad_spzp-dfuc.csv,24253871,50000,29,polypress,1061468,22.8494,3.2,138.46
datos_código_único_de_medicamentos_otros_estad_spzp-dfuc.csv,24253871,50000,29,polypress+brotli,1109105,21.868,,
datos_código_único_de_medicamentos_otros_estad_spzp-dfuc.csv,24253871,50000,29,polypress+zstd,1187161,20.4301,,
datos_código_único_de_medicamentos_otros_estad_spzp-dfuc.csv,24253871,50000,29,xz -9e,1131588,21.4335,3.74,395.12
datos_código_único_de_medicamentos_otros_estad_spzp-dfuc.csv,24253871,50000,29,zstd -19,1360094,17.8325,3.63,1363.12
datos_código_único_de_medicamentos_otros_estad_spzp-dfuc.csv,24253871,50000,29,zstd -22,1174236,20.655,2.12,1326.5
datos_código_único_de_medicamentos_otros_estad_spzp-dfuc.csv,24253871,50000,29,zstd -3,3762059,6.447,209.63,879.16
datos_código_único_de_medicamentos_vigentes_i7cb-raxc.csv,24314858,50000,29,brotli -q11,1248641,19.4731,1.09,779.69
datos_código_único_de_medicamentos_vigentes_i7cb-raxc.csv,24314858,50000,29,bzip2 -9,3120611,7.7917,20.67,71.27
datos_código_único_de_medicamentos_vigentes_i7cb-raxc.csv,24314858,50000,29,feather+lz4,12092410,2.0108,1853.68,3781.52
datos_código_único_de_medicamentos_vigentes_i7cb-raxc.csv,24314858,50000,29,feather+zstd,7394218,3.2884,1669.38,3810.49
datos_código_único_de_medicamentos_vigentes_i7cb-raxc.csv,24314858,50000,29,gzip -9,5796196,4.195,21.09,889.97
datos_código_único_de_medicamentos_vigentes_i7cb-raxc.csv,24314858,50000,29,lz4 -9,6218332,3.9102,115.62,563.24
datos_código_único_de_medicamentos_vigentes_i7cb-raxc.csv,24314858,50000,29,orc+snappy,7448539,3.2644,434.64,1127.5
datos_código_único_de_medicamentos_vigentes_i7cb-raxc.csv,24314858,50000,29,orc+zlib,5379856,4.5196,177.56,506.12
datos_código_único_de_medicamentos_vigentes_i7cb-raxc.csv,24314858,50000,29,orc+zstd,5171284,4.7019,338.61,858.85
datos_código_único_de_medicamentos_vigentes_i7cb-raxc.csv,24314858,50000,29,parquet+brotli,2189144,11.107,2.64,2898.09
datos_código_único_de_medicamentos_vigentes_i7cb-raxc.csv,24314858,50000,29,parquet+gzip,2797960,8.6902,103.97,2058.16
datos_código_único_de_medicamentos_vigentes_i7cb-raxc.csv,24314858,50000,29,parquet+snappy,4148927,5.8605,649.62,707.16
datos_código_único_de_medicamentos_vigentes_i7cb-raxc.csv,24314858,50000,29,parquet+zstd,2238127,10.8639,18.84,4438.71
datos_código_único_de_medicamentos_vigentes_i7cb-raxc.csv,24314858,50000,29,polypress,1040545,23.3674,2.97,143.26
datos_código_único_de_medicamentos_vigentes_i7cb-raxc.csv,24314858,50000,29,polypress+brotli,1036405,23.4608,,
datos_código_único_de_medicamentos_vigentes_i7cb-raxc.csv,24314858,50000,29,polypress+zstd,1124776,21.6175,,
datos_código_único_de_medicamentos_vigentes_i7cb-raxc.csv,24314858,50000,29,xz -9e,1206216,20.158,3.7,380.56
datos_código_único_de_medicamentos_vigentes_i7cb-raxc.csv,24314858,50000,29,zstd -19,1434395,16.9513,3.64,1319.45
datos_código_único_de_medicamentos_vigentes_i7cb-raxc.csv,24314858,50000,29,zstd -22,1254250,19.386,2.3,1353.68
datos_código_único_de_medicamentos_vigentes_i7cb-raxc.csv,24314858,50000,29,zstd -3,3866189,6.2891,204.49,856.07
data_dob_permit_issuance_ipu4-2q9a.csv,25439515,50000,60,brotli -q11,3464832,7.3422,0.93,445.36
data_dob_permit_issuance_ipu4-2q9a.csv,25439515,50000,60,bzip2 -9,4628577,5.4962,21.58,67.78
data_dob_permit_issuance_ipu4-2q9a.csv,25439515,50000,60,feather+lz4,16352194,1.5557,1988.84,2451.55
data_dob_permit_issuance_ipu4-2q9a.csv,25439515,50000,60,feather+zstd,9856130,2.5811,1771.8,3122.93
data_dob_permit_issuance_ipu4-2q9a.csv,25439515,50000,60,gzip -9,7003402,3.6325,8.86,829.95
data_dob_permit_issuance_ipu4-2q9a.csv,25439515,50000,60,lz4 -9,7850061,3.2407,91.01,513.88
data_dob_permit_issuance_ipu4-2q9a.csv,25439515,50000,60,orc+snappy,8524032,2.9844,312.73,848.4
data_dob_permit_issuance_ipu4-2q9a.csv,25439515,50000,60,orc+zlib,6175887,4.1192,141.55,441.05
data_dob_permit_issuance_ipu4-2q9a.csv,25439515,50000,60,orc+zstd,5997188,4.2419,270.49,712.29
data_dob_permit_issuance_ipu4-2q9a.csv,25439515,50000,60,parquet+brotli,4597000,5.5339,1.66,2357.72
data_dob_permit_issuance_ipu4-2q9a.csv,25439515,50000,60,parquet+gzip,5223501,4.8702,72.29,2930.7
data_dob_permit_issuance_ipu4-2q9a.csv,25439515,50000,60,parquet+snappy,6798764,3.7418,376.93,770.38
data_dob_permit_issuance_ipu4-2q9a.csv,25439515,50000,60,parquet+zstd,4813416,5.2851,24.21,3831.83
data_dob_permit_issuance_ipu4-2q9a.csv,25439515,50000,60,polypress,2750073,9.2505,2.07,69.62
data_dob_permit_issuance_ipu4-2q9a.csv,25439515,50000,60,polypress+brotli,2795065,9.1016,,
data_dob_permit_issuance_ipu4-2q9a.csv,25439515,50000,60,polypress+zstd,2991988,8.5025,,
data_dob_permit_issuance_ipu4-2q9a.csv,25439515,50000,60,xz -9e,3478304,7.3138,2.86,177.23
data_dob_permit_issuance_ipu4-2q9a.csv,25439515,50000,60,zstd -19,3809319,6.6782,3.36,896.62
data_dob_permit_issuance_ipu4-2q9a.csv,25439515,50000,60,zstd -22,3627101,7.0137,2.85,886.58
data_dob_permit_issuance_ipu4-2q9a.csv,25439515,50000,60,zstd -3,6381145,3.9867,196.16,650.83
data_covid_19_vaccinations_in_the_united_stat_8xkx-amqh.csv,26249178,50000,80,brotli -q11,2327493,11.2779,0.84,562.82
data_covid_19_vaccinations_in_the_united_stat_8xkx-amqh.csv,26249178,50000,80,bzip2 -9,5502168,4.7707,20.77,65.55
data_covid_19_vaccinations_in_the_united_stat_8xkx-amqh.csv,26249178,50000,80,feather+lz4,15064234,1.7425,1982.09,2179.62
data_covid_19_vaccinations_in_the_united_stat_8xkx-amqh.csv,26249178,50000,80,feather+zstd,8474858,3.0973,1667.78,2642.37
data_covid_19_vaccinations_in_the_united_stat_8xkx-amqh.csv,26249178,50000,80,gzip -9,7508904,3.4957,3.2,792.16
data_covid_19_vaccinations_in_the_united_stat_8xkx-amqh.csv,26249178,50000,80,lz4 -9,9235400,2.8422,68.02,463.62
data_covid_19_vaccinations_in_the_united_stat_8xkx-amqh.csv,26249178,50000,80,orc+snappy,8374509,3.1344,287.04,997.61
data_covid_19_vaccinations_in_the_united_stat_8xkx-amqh.csv,26249178,50000,80,orc+zlib,6879835,3.8154,130.19,523.91
data_covid_19_vaccinations_in_the_united_stat_8xkx-amqh.csv,26249178,50000,80,orc+zstd,6731796,3.8993,250.02,746.84
data_covid_19_vaccinations_in_the_united_stat_8xkx-amqh.csv,26249178,50000,80,parquet+brotli,6189558,4.2409,1.5,2508.59
data_covid_19_vaccinations_in_the_united_stat_8xkx-amqh.csv,26249178,50000,80,parquet+gzip,6326490,4.1491,75.04,4442.8
data_covid_19_vaccinations_in_the_united_stat_8xkx-amqh.csv,26249178,50000,80,parquet+snappy,7264366,3.6134,451.85,840.24
data_covid_19_vaccinations_in_the_united_stat_8xkx-amqh.csv,26249178,50000,80,parquet+zstd,6145737,4.2711,30.4,5531.96
data_covid_19_vaccinations_in_the_united_stat_8xkx-amqh.csv,26249178,50000,80,polypress,2830752,9.2729,1.5,47.92
data_covid_19_vaccinations_in_the_united_stat_8xkx-amqh.csv,26249178,50000,80,polypress+brotli,2989678,8.7799,,
data_covid_19_vaccinations_in_the_united_stat_8xkx-amqh.csv,26249178,50000,80,polypress+zstd,3220211,8.1514,,
data_covid_19_vaccinations_in_the_united_stat_8xkx-amqh.csv,26249178,50000,80,xz -9e,2266644,11.5806,2.46,208.46
data_covid_19_vaccinations_in_the_united_stat_8xkx-amqh.csv,26249178,50000,80,zstd -19,2679580,9.796,2.82,1055.37
data_covid_19_vaccinations_in_the_united_stat_8xkx-amqh.csv,26249178,50000,80,zstd -22,2684052,9.7797,2.19,1062.21
data_covid_19_vaccinations_in_the_united_stat_8xkx-amqh.csv,26249178,50000,80,zstd -3,6915387,3.7958,199.39,630.69
data_vaccines_gov_covid_19_vaccinating_provid_5jp2-pgaw.csv,28608784,50000,34,brotli -q11,1776370,16.1052,1.56,756.71
data_vaccines_gov_covid_19_vaccinating_provid_5jp2-pgaw.csv,28608784,50000,34,bzip2 -9,2774825,10.3101,15.13,78.34
data_vaccines_gov_covid_19_vaccinating_provid_5jp2-pgaw.csv,28608784,50000,34,feather+lz4,9944002,2.877,3617.65,3485.97
data_vaccines_gov_covid_19_vaccinating_provid_5jp2-pgaw.csv,28608784,50000,34,feather+zstd,5963954,4.7969,3184.81,5084.27
data_vaccines_gov_covid_19_vaccinating_provid_5jp2-pgaw.csv,28608784,50000,34,gzip -9,4392806,6.5126,40.59,1292.41
data_vaccines_gov_covid_19_vaccinating_provid_5jp2-pgaw.csv,28608784,50000,34,lz4 -9,5042041,5.674,181.09,793.33
data_vaccines_gov_covid_19_vaccinating_provid_5jp2-pgaw.csv,28608784,50000,34,orc+snappy,6212903,4.6047,662.88,1518.68
data_vaccines_gov_covid_19_vaccinating_provid_5jp2-pgaw.csv,28608784,50000,34,orc+zlib,3926218,7.2866,289.66,752.86
data_vaccines_gov_covid_19_vaccinating_provid_5jp2-pgaw.csv,28608784,50000,34,orc+zstd,3673394,7.7881,532.31,1212.23
data_vaccines_gov_covid_19_vaccinating_provid_5jp2-pgaw.csv,28608784,50000,34,parquet+brotli,2397613,11.9322,4.17,4325.51
data_vaccines_gov_covid_19_vaccinating_provid_5jp2-pgaw.csv,28608784,50000,34,parquet+gzip,2715761,10.5344,162.89,5833.44
data_vaccines_gov_covid_19_vaccinating_provid_5jp2-pgaw.csv,28608784,50000,34,parquet+snappy,3702015,7.7279,784.36,2197.41
data_vaccines_gov_covid_19_vaccinating_provid_5jp2-pgaw.csv,28608784,50000,34,parquet+zstd,2483994,11.5173,46.55,7580.64
data_vaccines_gov_covid_19_vaccinating_provid_5jp2-pgaw.csv,28608784,50000,34,polypress,1736331,16.4766,13.11,139.67
data_vaccines_gov_covid_19_vaccinating_provid_5jp2-pgaw.csv,28608784,50000,34,polypress+brotli,1711901,16.7117,,
data_vaccines_gov_covid_19_vaccinating_provid_5jp2-pgaw.csv,28608784,50000,34,polypress+zstd,1842391,15.5281,,
data_vaccines_gov_covid_19_vaccinating_provid_5jp2-pgaw.csv,28608784,50000,34,xz -9e,1757508,16.278,5.7,301.04
data_vaccines_gov_covid_19_vaccinating_provid_5jp2-pgaw.csv,28608784,50000,34,zstd -19,1952888,14.6495,6.09,1335.61
data_vaccines_gov_covid_19_vaccinating_provid_5jp2-pgaw.csv,28608784,50000,34,zstd -22,1848332,15.4782,2.27,1306.03
data_vaccines_gov_covid_19_vaccinating_provid_5jp2-pgaw.csv,28608784,50000,34,zstd -3,2902672,9.856,227.22,1134.95
data_solar_electric_programs_reported_by_nyse_3x8r-34rs.csv,29921714,50000,50,brotli -q11,1584403,18.8852,0.95,825.58
data_solar_electric_programs_reported_by_nyse_3x8r-34rs.csv,29921714,50000,50,bzip2 -9,2048035,14.61,16.1,87.92
data_solar_electric_programs_reported_by_nyse_3x8r-34rs.csv,29921714,50000,50,feather+lz4,9949354,3.0074,2314.15,3672.3
data_solar_electric_programs_reported_by_nyse_3x8r-34rs.csv,29921714,50000,50,feather+zstd,5968306,5.0134,2793.0,4477.21
data_solar_electric_programs_reported_by_nyse_3x8r-34rs.csv,29921714,50000,50,gzip -9,4065977,7.359,25.66,1417.42
data_solar_electric_programs_reported_by_nyse_3x8r-34rs.csv,29921714,50000,50,lz4 -9,4385346,6.8231,159.08,838.71
data_solar_electric_programs_reported_by_nyse_3x8r-34rs.csv,29921714,50000,50,orc+snappy,4864751,6.1507,522.69,1340.22
data_solar_electric_programs_reported_by_nyse_3x8r-34rs.csv,29921714,50000,50,orc+zlib,3205015,9.3359,285.32,818.69
data_solar_electric_programs_reported_by_nyse_3x8r-34rs.csv,29921714,50000,50,orc+zstd,3099268,9.6544,457.37,1128.83
data_solar_electric_programs_reported_by_nyse_3x8r-34rs.csv,29921714,50000,50,parquet+brotli,1899789,15.75,7.41,5229.42
data_solar_electric_programs_reported_by_nyse_3x8r-34rs.csv,29921714,50000,50,parquet+gzip,2054848,14.5615,241.18,6019.22
data_solar_electric_programs_reported_by_nyse_3x8r-34rs.csv,29921714,50000,50,parquet+snappy,2544184,11.7608,778.56,972.63
data_solar_electric_programs_reported_by_nyse_3x8r-34rs.csv,29921714,50000,50,parquet+zstd,1951652,15.3315,80.99,7223.9
data_solar_electric_programs_reported_by_nyse_3x8r-34rs.csv,29921714,50000,50,polypress,1076630,27.792,3.53,139.32
data_solar_electric_programs_reported_by_nyse_3x8r-34rs.csv,29921714,50000,50,polypress+brotli,1080772,27.6855,,
data_solar_electric_programs_reported_by_nyse_3x8r-34rs.csv,29921714,50000,50,polypress+zstd,1185862,25.232,,
data_solar_electric_programs_reported_by_nyse_3x8r-34rs.csv,29921714,50000,50,xz -9e,1534212,19.503,3.47,343.9
data_solar_electric_programs_reported_by_nyse_3x8r-34rs.csv,29921714,50000,50,zstd -19,1649328,18.1418,3.46,1451.6
data_solar_electric_programs_reported_by_nyse_3x8r-34rs.csv,29921714,50000,50,zstd -22,1618472,18.4876,3.07,1416.49
data_solar_electric_programs_reported_by_nyse_3x8r-34rs.csv,29921714,50000,50,zstd -3,3042934,9.8332,233.89,1131.12
data_food_inspections_4ijn-s7e5.csv,29997871,29057,17,brotli -q11,2570374,11.6706,0.99,683.46
data_food_inspections_4ijn-s7e5.csv,29997871,29057,17,bzip2 -9,3925394,7.642,21.43,73.55
data_food_inspections_4ijn-s7e5.csv,29997871,29057,17,gzip -9,6587269,4.5539,47.62,1015.6
data_food_inspections_4ijn-s7e5.csv,29997871,29057,17,lz4 -9,7120591,4.2128,144.51,632.69
data_food_inspections_4ijn-s7e5.csv,29997871,29057,17,polypress,2169624,13.8263,2.05,264.91
data_food_inspections_4ijn-s7e5.csv,29997871,29057,17,polypress+brotli,2197089,13.6535,,
data_food_inspections_4ijn-s7e5.csv,29997871,29057,17,polypress+zstd,2247449,13.3475,,
data_food_inspections_4ijn-s7e5.csv,29997871,29057,17,xz -9e,2452464,12.2317,3.23,293.46
data_food_inspections_4ijn-s7e5.csv,29997871,29057,17,zstd -19,2795681,10.7301,3.61,1181.54
data_food_inspections_4ijn-s7e5.csv,29997871,29057,17,zstd -22,2524192,11.8841,2.62,1194.23
data_food_inspections_4ijn-s7e5.csv,29997871,29057,17,zstd -3,5114305,5.8655,224.07,852.57
datos_secop_ii_contratos_electrónicos_jbjy-vk9h.csv,29998806,16754,85,brotli -q11,2660816,11.2743,0.98,652.83
datos_secop_ii_contratos_electrónicos_jbjy-vk9h.csv,29998806,16754,85,bzip2 -9,3773062,7.9508,18.69,76.42
datos_secop_ii_contratos_electrónicos_jbjy-vk9h.csv,29998806,16754,85,gzip -9,5789466,5.1816,37.09,1120.87
datos_secop_ii_contratos_electrónicos_jbjy-vk9h.csv,29998806,16754,85,lz4 -9,6344268,4.7285,155.5,698.59
datos_secop_ii_contratos_electrónicos_jbjy-vk9h.csv,29998806,16754,85,polypress,2067045,14.5129,0.89,151.49
datos_secop_ii_contratos_electrónicos_jbjy-vk9h.csv,29998806,16754,85,polypress+brotli,2092343,14.3374,,
datos_secop_ii_contratos_electrónicos_jbjy-vk9h.csv,29998806,16754,85,polypress+zstd,2218775,13.5204,,
datos_secop_ii_contratos_electrónicos_jbjy-vk9h.csv,29998806,16754,85,xz -9e,2601016,11.5335,3.52,260.23
datos_secop_ii_contratos_electrónicos_jbjy-vk9h.csv,29998806,16754,85,zstd -19,2862314,10.4806,3.75,1168.49
datos_secop_ii_contratos_electrónicos_jbjy-vk9h.csv,29998806,16754,85,zstd -22,2704665,11.0915,2.79,1162.47
datos_secop_ii_contratos_electrónicos_jbjy-vk9h.csv,29998806,16754,85,zstd -3,4865899,6.1651,223.73,888.78
datos_secop_ii_procesos_de_contratación_p6dx-8zbt.csv,29999328,26207,59,brotli -q11,2527986,11.8669,1.08,655.82
datos_secop_ii_procesos_de_contratación_p6dx-8zbt.csv,29999328,26207,59,bzip2 -9,3621679,8.2833,17.89,77.59
datos_secop_ii_procesos_de_contratación_p6dx-8zbt.csv,29999328,26207,59,gzip -9,5786178,5.1847,35.9,1126.45
datos_secop_ii_procesos_de_contratación_p6dx-8zbt.csv,29999328,26207,59,lz4 -9,6298086,4.7632,154.63,697.09
datos_secop_ii_procesos_de_contratación_p6dx-8zbt.csv,29999328,26207,59,polypress,2000981,14.9923,1.14,176.68
datos_secop_ii_procesos_de_contratación_p6dx-8zbt.csv,29999328,26207,59,polypress+brotli,2013337,14.9003,,
datos_secop_ii_procesos_de_contratación_p6dx-8zbt.csv,29999328,26207,59,polypress+zstd,2105652,14.247,,
datos_secop_ii_procesos_de_contratación_p6dx-8zbt.csv,29999328,26207,59,xz -9e,2500548,11.9971,3.88,268.19
datos_secop_ii_procesos_de_contratación_p6dx-8zbt.csv,29999328,26207,59,zstd -19,2747485,10.9188,4.22,1178.25
datos_secop_ii_procesos_de_contratación_p6dx-8zbt.csv,29999328,26207,59,zstd -22,2588412,11.5899,2.72,1167.2
datos_secop_ii_procesos_de_contratación_p6dx-8zbt.csv,29999328,26207,59,zstd -3,4921629,6.0954,221.07,871.29
data_traffic_crashes_crashes_85ca-t3if.csv,29999370,47753,49,brotli -q11,5266628,5.6961,0.88,355.74
data_traffic_crashes_crashes_85ca-t3if.csv,29999370,47753,49,bzip2 -9,5540091,5.415,17.94,70.87
data_traffic_crashes_crashes_85ca-t3if.csv,29999370,47753,49,feather+lz4,15878906,1.8893,2026.71,3115.83
data_traffic_crashes_crashes_85ca-t3if.csv,29999370,47753,49,feather+zstd,8857482,3.3869,2315.5,3871.35
data_traffic_crashes_crashes_85ca-t3if.csv,29999370,47753,49,gzip -9,7561493,3.9674,27.74,903.92
data_traffic_crashes_crashes_85ca-t3if.csv,29999370,47753,49,lz4 -9,9518544,3.1517,130.95,540.4
data_traffic_crashes_crashes_85ca-t3if.csv,29999370,47753,49,orc+snappy,10850364,2.7648,541.89,1363.6
data_traffic_crashes_crashes_85ca-t3if.csv,29999370,47753,49,orc+zlib,6871587,4.3657,196.21,602.75
data_traffic_crashes_crashes_85ca-t3if.csv,29999370,47753,49,orc+zstd,6200281,4.8384,463.89,1153.65
data_traffic_crashes_crashes_85ca-t3if.csv,29999370,47753,49,parquet+brotli,5586241,5.3702,2.09,1720.63
data_traffic_crashes_crashes_85ca-t3if.csv,29999370,47753,49,parquet+gzip,6540638,4.5866,82.36,1524.28
data_traffic_crashes_crashes_85ca-t3if.csv,29999370,47753,49,parquet+snappy,9826986,3.0528,602.07,920.31
data_traffic_crashes_crashes_85ca-t3if.csv,29999370,47753,49,parquet+zstd,5781362,5.189,29.85,5374.67
data_traffic_crashes_crashes_85ca-t3if.csv,29999370,47753,49,polypress,4743221,6.3247,1.07,88.99
data_traffic_crashes_crashes_85ca-t3if.csv,29999370,47753,49,polypress+brotli,4690257,6.3961,,
data_traffic_crashes_crashes_85ca-t3if.csv,29999370,47753,49,polypress+zstd,5101461,5.8805,,
data_traffic_crashes_crashes_85ca-t3if.csv,29999370,47753,49,xz -9e,5360292,5.5966,2.75,119.86
data_traffic_crashes_crashes_85ca-t3if.csv,29999370,47753,49,zstd -19,5489455,5.4649,3.21,816.42
data_traffic_crashes_crashes_85ca-t3if.csv,29999370,47753,49,zstd -22,5406741,5.5485,2.59,828.32
data_traffic_crashes_crashes_85ca-t3if.csv,29999370,47753,49,zstd -3,7424757,4.0405,223.07,682.92
data_building_permits_ydr8-5enu.csv,29999546,30334,116,brotli -q11,3132815,9.5759,0.98,537.51
data_building_permits_ydr8-5enu.csv,29999546,30334,116,bzip2 -9,4339148,6.9137,21.22,76.0
data_building_permits_ydr8-5enu.csv,29999546,30334,116,feather+lz4,13272354,2.2603,1177.65,2026.17
data_building_permits_ydr8-5enu.csv,29999546,30334,116,feather+zstd,8386594,3.5771,1360.78,1939.35
data_building_permits_ydr8-5enu.csv,29999546,30334,116,gzip -9,6419156,4.6734,20.02,1021.71
data_building_permits_ydr8-5enu.csv,29999546,30334,116,lz4 -9,7201801,4.1656,139.43,629.65
data_building_permits_ydr8-5enu.csv,29999546,30334,116,orc+snappy,8462572,3.545,360.1,940.51
data_building_permits_ydr8-5enu.csv,29999546,30334,116,orc+zlib,6075752,4.9376,173.17,493.71
data_building_permits_ydr8-5enu.csv,29999546,30334,116,orc+zstd,5769416,5.1998,296.35,779.73
data_building_permits_ydr8-5enu.csv,29999546,30334,116,parquet+brotli,4219755,7.1093,1.94,2401.1
data_building_permits_ydr8-5enu.csv,29999546,30334,116,parquet+gzip,4931952,6.0827,79.45,2620.04
data_building_permits_ydr8-5enu.csv,29999546,30334,116,parquet+snappy,7033385,4.2653,450.2,1752.59
data_building_permits_ydr8-5enu.csv,29999546,30334,116,parquet+zstd,4358812,6.8825,16.78,3855.35
data_building_permits_ydr8-5enu.csv,29999546,30334,116,polypress,2706672,11.0836,1.17,90.38
data_building_permits_ydr8-5enu.csv,29999546,30334,116,polypress+brotli,2751770,10.9019,,
data_building_permits_ydr8-5enu.csv,29999546,30334,116,polypress+zstd,2886574,10.3928,,
data_building_permits_ydr8-5enu.csv,29999546,30334,116,xz -9e,3081524,9.7353,3.44,218.72
data_building_permits_ydr8-5enu.csv,29999546,30334,116,zstd -19,3386190,8.8594,3.92,1069.65
data_building_permits_ydr8-5enu.csv,29999546,30334,116,zstd -22,3209213,9.3479,2.73,1095.0
data_building_permits_ydr8-5enu.csv,29999546,30334,116,zstd -3,5433976,5.5207,221.27,830.35
data_building_permits_c2es-76ed.csv,29999579,42028,30,brotli -q11,3365877,8.9129,0.9,471.53
data_building_permits_c2es-76ed.csv,29999579,42028,30,bzip2 -9,4374519,6.8578,19.69,77.98
data_building_permits_c2es-76ed.csv,29999579,42028,30,feather+lz4,13450954,2.2303,2325.7,3698.09
data_building_permits_c2es-76ed.csv,29999579,42028,30,feather+zstd,8319338,3.606,1949.18,4229.49
data_building_permits_c2es-76ed.csv,29999579,42028,30,gzip -9,5709511,5.2543,32.48,1019.04
data_building_permits_c2es-76ed.csv,29999579,42028,30,lz4 -9,6934876,4.3259,142.11,657.34
data_building_permits_c2es-76ed.csv,29999579,42028,30,orc+snappy,9572446,3.134,517.77,1446.24
data_building_permits_c2es-76ed.csv,29999579,42028,30,orc+zlib,6582379,4.5576,208.25,611.7
data_building_permits_c2es-76ed.csv,29999579,42028,30,orc+zstd,6101044,4.9171,443.0,1147.43
data_building_permits_c2es-76ed.csv,29999579,42028,30,parquet+brotli,4634992,6.4724,1.53,1884.04
data_building_permits_c2es-76ed.csv,29999579,42028,30,parquet+gzip,5786897,5.1841,68.24,2499.1
data_building_permits_c2es-76ed.csv,29999579,42028,30,parquet+snappy,8857888,3.3868,593.21,845.94
data_building_permits_c2es-76ed.csv,29999579,42028,30,parquet+zstd,4958481,6.0502,13.48,4870.23
data_building_permits_c2es-76ed.csv,29999579,42028,30,polypress,2841615,10.5572,0.86,121.55
data_building_permits_c2es-76ed.csv,29999579,42028,30,polypress+brotli,2858567,10.4946,,
data_building_permits_c2es-76ed.csv,29999579,42028,30,polypress+zstd,3025780,9.9147,,
data_building_permits_c2es-76ed.csv,29999579,42028,30,xz -9e,3290956,9.1158,3.24,190.41
data_building_permits_c2es-76ed.csv,29999579,42028,30,zstd -19,3596277,8.3418,3.3,1024.5
data_building_permits_c2es-76ed.csv,29999579,42028,30,zstd -22,3504185,8.5611,2.85,1007.41
data_building_permits_c2es-76ed.csv,29999579,42028,30,zstd -3,5435751,5.5189,218.53,825.98
data_dob_job_application_filings_ic3t-wcy2.csv,29999705,43927,95,brotli -q11,3774784,7.9474,0.91,485.49
data_dob_job_application_filings_ic3t-wcy2.csv,29999705,43927,95,bzip2 -9,4552121,6.5903,21.3,71.95
data_dob_job_application_filings_ic3t-wcy2.csv,29999705,43927,95,feather+lz4,16617818,1.8053,1130.62,2234.64
data_dob_job_application_filings_ic3t-wcy2.csv,29999705,43927,95,feather+zstd,9804882,3.0597,1158.59,2160.58
data_dob_job_application_filings_ic3t-wcy2.csv,29999705,43927,95,gzip -9,7273563,4.1245,10.3,935.29
data_dob_job_application_filings_ic3t-wcy2.csv,29999705,43927,95,lz4 -9,8026131,3.7378,103.75,570.4
data_dob_job_application_filings_ic3t-wcy2.csv,29999705,43927,95,orc+snappy,8377986,3.5808,297.73,828.26
data_dob_job_application_filings_ic3t-wcy2.csv,29999705,43927,95,orc+zlib,6181820,4.8529,147.38,459.98
data_dob_job_application_filings_ic3t-wcy2.csv,29999705,43927,95,orc+zstd,6090878,4.9253,258.3,707.61
data_dob_job_application_filings_ic3t-wcy2.csv,29999705,43927,95,parquet+brotli,4540491,6.6071,1.69,1893.09
data_dob_job_application_filings_ic3t-wcy2.csv,29999705,43927,95,parquet+gzip,5327986,5.6306,75.41,1780.95
data_dob_job_application_filings_ic3t-wcy2.csv,29999705,43927,95,parquet+snappy,7370098,4.0705,385.17,819.91
data_dob_job_application_filings_ic3t-wcy2.csv,29999705,43927,95,parquet+zstd,4792973,6.2591,19.59,2864.41
data_dob_job_application_filings_ic3t-wcy2.csv,29999705,43927,95,polypress,2894728,10.3636,1.06,82.95
data_dob_job_application_filings_ic3t-wcy2.csv,29999705,43927,95,polypress+brotli,2918837,10.278,,
data_dob_job_application_filings_ic3t-wcy2.csv,29999705,43927,95,polypress+zstd,3124415,9.6017,,
data_dob_job_application_filings_ic3t-wcy2.csv,29999705,43927,95,xz -9e,3741340,8.0184,2.83,196.46
data_dob_job_application_filings_ic3t-wcy2.csv,29999705,43927,95,zstd -19,4068327,7.374,3.38,959.62
data_dob_job_application_filings_ic3t-wcy2.csv,29999705,43927,95,zstd -22,3913275,7.6661,2.73,947.34
data_dob_job_application_filings_ic3t-wcy2.csv,29999705,43927,95,zstd -3,6591505,4.5513,217.62,719.94
datos_secop_integrado_rpmr-utcd.csv,29999786,30356,22,brotli -q11,1662751,18.0423,1.34,811.97
datos_secop_integrado_rpmr-utcd.csv,29999786,30356,22,bzip2 -9,2148168,13.9653,18.71,99.76
datos_secop_integrado_rpmr-utcd.csv,29999786,30356,22,gzip -9,2839818,10.564,77.91,1703.56
datos_secop_integrado_rpmr-utcd.csv,29999786,30356,22,lz4 -9,3244769,9.2456,179.28,929.94
datos_secop_integrado_rpmr-utcd.csv,29999786,30356,22,polypress,1408860,21.2937,2.27,250.83
datos_secop_integrado_rpmr-utcd.csv,29999786,30356,22,polypress+brotli,1436588,20.8827,,
datos_secop_integrado_rpmr-utcd.csv,29999786,30356,22,polypress+zstd,1507414,19.9015,,
datos_secop_integrado_rpmr-utcd.csv,29999786,30356,22,xz -9e,1639988,18.2927,4.27,338.99
datos_secop_integrado_rpmr-utcd.csv,29999786,30356,22,zstd -19,1793890,16.7233,4.99,1370.1
datos_secop_integrado_rpmr-utcd.csv,29999786,30356,22,zstd -22,1735499,17.286,2.23,1329.12
datos_secop_integrado_rpmr-utcd.csv,29999786,30356,22,zstd -3,2647590,11.331,225.27,1164.95
dallasopendata_police_incidents_qv6i-rri7.csv,29999830,28785,86,brotli -q11,2515286,11.927,1.03,598.58
dallasopendata_police_incidents_qv6i-rri7.csv,29999830,28785,86,bzip2 -9,3878934,7.734,21.03,73.47
dallasopendata_police_incidents_qv6i-rri7.csv,29999830,28785,86,gzip -9,6504625,4.6121,19.42,988.69
dallasopendata_police_incidents_qv6i-rri7.csv,29999830,28785,86,lz4 -9,7266313,4.1286,125.63,613.39
dallasopendata_police_incidents_qv6i-rri7.csv,29999830,28785,86,polypress,1883069,15.9313,2.37,105.51
dallasopendata_police_incidents_qv6i-rri7.csv,29999830,28785,86,polypress+brotli,1940014,15.4637,,
dallasopendata_police_incidents_qv6i-rri7.csv,29999830,28785,86,polypress+zstd,2110044,14.2176,,
dallasopendata_police_incidents_qv6i-rri7.csv,29999830,28785,86,xz -9e,2448712,12.2513,3.11,237.47
dallasopendata_police_incidents_qv6i-rri7.csv,29999830,28785,86,zstd -19,2751117,10.9046,3.32,1147.0
dallasopendata_police_incidents_qv6i-rri7.csv,29999830,28785,86,zstd -22,2616687,11.4648,2.41,1109.62
dallasopendata_police_incidents_qv6i-rri7.csv,29999830,28785,86,zstd -3,5109362,5.8715,221.7,849.59
data_311_service_requests_from_2020_to_presen_erm2-nwe9.csv,29999955,34056,44,brotli -q11,1588758,18.8826,1.71,784.97
data_311_service_requests_from_2020_to_presen_erm2-nwe9.csv,29999955,34056,44,bzip2 -9,2428262,12.3545,17.8,82.91
data_311_service_requests_from_2020_to_presen_erm2-nwe9.csv,29999955,34056,44,feather+lz4,8557194,3.5058,2474.03,3401.7
data_311_service_requests_from_2020_to_presen_erm2-nwe9.csv,29999955,34056,44,feather+zstd,5367834,5.5888,2467.72,4264.52
data_311_service_requests_from_2020_to_presen_erm2-nwe9.csv,29999955,34056,44,gzip -9,4033478,7.4377,52.03,1369.98
data_311_service_requests_from_2020_to_presen_erm2-nwe9.csv,29999955,34056,44,lz4 -9,4343704,6.9065,174.72,829.13
data_311_service_requests_from_2020_to_presen_erm2-nwe9.csv,29999955,34056,44,orc+snappy,5615685,5.3422,626.2,1556.9
data_311_service_requests_from_2020_to_presen_erm2-nwe9.csv,29999955,34056,44,orc+zlib,3848716,7.7948,278.08,758.57
data_311_service_requests_from_2020_to_presen_erm2-nwe9.csv,29999955,34056,44,orc+zstd,3576359,8.3884,517.99,1302.7
data_311_service_requests_from_2020_to_presen_erm2-nwe9.csv,29999955,34056,44,parquet+brotli,2445521,12.2673,3.67,3738.01
data_311_service_requests_from_2020_to_presen_erm2-nwe9.csv,29999955,34056,44,parquet+gzip,2728353,10.9956,164.18,4677.31
data_311_service_requests_from_2020_to_presen_erm2-nwe9.csv,29999955,34056,44,parquet+snappy,3526486,8.507,841.68,917.49
data_311_service_requests_from_2020_to_presen_erm2-nwe9.csv,29999955,34056,44,parquet+zstd,2533083,11.8433,57.92,7149.37
data_311_service_requests_from_2020_to_presen_erm2-nwe9.csv,29999955,34056,44,polypress,1118208,26.8286,2.68,185.86
data_311_service_requests_from_2020_to_presen_erm2-nwe9.csv,29999955,34056,44,polypress+brotli,1166230,25.7239,,
data_311_service_requests_from_2020_to_presen_erm2-nwe9.csv,29999955,34056,44,polypress+zstd,1238159,24.2295,,
data_311_service_requests_from_2020_to_presen_erm2-nwe9.csv,29999955,34056,44,xz -9e,1579732,18.9905,4.95,322.91
data_311_service_requests_from_2020_to_presen_erm2-nwe9.csv,29999955,34056,44,zstd -19,1733468,17.3063,5.69,1404.48
data_311_service_requests_from_2020_to_presen_erm2-nwe9.csv,29999955,34056,44,zstd -22,1629330,18.4124,2.0,1333.99
data_311_service_requests_from_2020_to_presen_erm2-nwe9.csv,29999955,34056,44,zstd -3,2984025,10.0535,223.37,1132.17
