dataset,csv_bytes,rows,cols,codec,bytes,ratio_vs_csv,enc_mbs,dec_mbs
data_missouri_zip_codes_by_county_city_im7g-fucq.csv,57860,1909,3,brotli -q11,12259,4.7198,1.28,22.3
data_missouri_zip_codes_by_county_city_im7g-fucq.csv,57860,1909,3,bzip2 -9,12136,4.7676,14.5,25.23
data_missouri_zip_codes_by_county_city_im7g-fucq.csv,57860,1909,3,feather+lz4,36906,1.5678,44.03,84.59
data_missouri_zip_codes_by_county_city_im7g-fucq.csv,57860,1909,3,feather+zstd,21770,2.6578,490.27,635.29
data_missouri_zip_codes_by_county_city_im7g-fucq.csv,57860,1909,3,gzip -9,14718,3.9312,9.04,30.94
data_missouri_zip_codes_by_county_city_im7g-fucq.csv,57860,1909,3,lz4 -9,19386,2.9846,13.59,27.11
data_missouri_zip_codes_by_county_city_im7g-fucq.csv,57860,1909,3,orc+snappy,20986,2.7571,23.21,79.57
data_missouri_zip_codes_by_county_city_im7g-fucq.csv,57860,1909,3,orc+zlib,14668,3.9446,96.11,321.86
data_missouri_zip_codes_by_county_city_im7g-fucq.csv,57860,1909,3,orc+zstd,14712,3.9328,161.68,556.61
data_missouri_zip_codes_by_county_city_im7g-fucq.csv,57860,1909,3,parquet+brotli,18193,3.1803,1.9,56.6
data_missouri_zip_codes_by_county_city_im7g-fucq.csv,57860,1909,3,parquet+gzip,19115,3.0269,26.65,190.34
data_missouri_zip_codes_by_county_city_im7g-fucq.csv,57860,1909,3,parquet+snappy,27271,2.1217,79.26,2.26
data_missouri_zip_codes_by_county_city_im7g-fucq.csv,57860,1909,3,parquet+zstd,17950,3.2234,12.52,274.22
data_missouri_zip_codes_by_county_city_im7g-fucq.csv,57860,1909,3,polypress,9680,5.9773,2.85,81.03
data_missouri_zip_codes_by_county_city_im7g-fucq.csv,57860,1909,3,polypress+brotli,9157,6.3187,,
data_missouri_zip_codes_by_county_city_im7g-fucq.csv,57860,1909,3,polypress+zstd,9997,5.7877,,
data_missouri_zip_codes_by_county_city_im7g-fucq.csv,57860,1909,3,xz -9e,12460,4.6437,2.98,18.61
data_missouri_zip_codes_by_county_city_im7g-fucq.csv,57860,1909,3,zstd -19,13700,4.2234,4.13,24.11
data_missouri_zip_codes_by_county_city_im7g-fucq.csv,57860,1909,3,zstd -22,13700,4.2234,1.14,19.05
data_missouri_zip_codes_by_county_city_im7g-fucq.csv,57860,1909,3,zstd -3,15821,3.6572,7.2,23.47
data_daily_arrests_xhwt-7h2h.csv,60389,432,9,brotli -q11,13706,4.406,1.41,21.12
data_daily_arrests_xhwt-7h2h.csv,60389,432,9,bzip2 -9,13090,4.6134,14.38,21.51
data_daily_arrests_xhwt-7h2h.csv,60389,432,9,feather+lz4,36370,1.6604,341.36,355.25
data_daily_arrests_xhwt-7h2h.csv,60389,432,9,feather+zstd,24042,2.5118,355.25,422.15
data_daily_arrests_xhwt-7h2h.csv,60389,432,9,gzip -9,15904,3.7971,15.52,33.87
data_daily_arrests_xhwt-7h2h.csv,60389,432,9,lz4 -9,19371,3.1175,22.2,30.44
data_daily_arrests_xhwt-7h2h.csv,60389,432,9,orc+snappy,23366,2.5845,104.49,309.27
data_daily_arrests_xhwt-7h2h.csv,60389,432,9,orc+zlib,16222,3.7227,73.82,280.81
data_daily_arrests_xhwt-7h2h.csv,60389,432,9,orc+zstd,16510,3.6577,117.26,407.87
data_daily_arrests_xhwt-7h2h.csv,60389,432,9,parquet+brotli,19060,3.1684,2.33,166.75
data_daily_arrests_xhwt-7h2h.csv,60389,432,9,parquet+gzip,20741,2.9116,51.14,188.04
data_daily_arrests_xhwt-7h2h.csv,60389,432,9,parquet+snappy,27462,2.199,42.23,2.35
data_daily_arrests_xhwt-7h2h.csv,60389,432,9,parquet+zstd,20105,3.0037,22.23,205.59
data_daily_arrests_xhwt-7h2h.csv,60389,432,9,polypress,12224,4.9402,1.92,76.85
data_daily_arrests_xhwt-7h2h.csv,60389,432,9,polypress+brotli,11754,5.1377,,
data_daily_arrests_xhwt-7h2h.csv,60389,432,9,polypress+zstd,13163,4.5878,,
data_daily_arrests_xhwt-7h2h.csv,60389,432,9,xz -9e,14332,4.2136,5.64,21.02
data_daily_arrests_xhwt-7h2h.csv,60389,432,9,zstd -19,15086,4.003,3.49,23.29
data_daily_arrests_xhwt-7h2h.csv,60389,432,9,zstd -22,15086,4.003,1.12,20.49
data_daily_arrests_xhwt-7h2h.csv,60389,432,9,zstd -3,16966,3.5594,20.57,26.17
data_missouri_law_enforcement_agencies_cgbu-k38b.csv,86096,591,11,brotli -q11,21130,4.0746,1.37,32.59
data_missouri_law_enforcement_agencies_cgbu-k38b.csv,86096,591,11,bzip2 -9,20682,4.1628,16.67,31.12
data_missouri_law_enforcement_agencies_cgbu-k38b.csv,86096,591,11,feather+lz4,55050,1.564,515.88,480.2
data_missouri_law_enforcement_agencies_cgbu-k38b.csv,86096,591,11,feather+zstd,36714,2.345,534.98,528.72
data_missouri_law_enforcement_agencies_cgbu-k38b.csv,86096,591,11,gzip -9,25885,3.3261,10.67,46.73
data_missouri_law_enforcement_agencies_cgbu-k38b.csv,86096,591,11,lz4 -9,31085,2.7697,23.95,44.24
data_missouri_law_enforcement_agencies_cgbu-k38b.csv,86096,591,11,orc+snappy,39182,2.1973,125.52,259.42
data_missouri_law_enforcement_agencies_cgbu-k38b.csv,86096,591,11,orc+zlib,28576,3.0129,68.61,270.7
data_missouri_law_enforcement_agencies_cgbu-k38b.csv,86096,591,11,orc+zstd,28871,2.9821,119.1,455.38
data_missouri_law_enforcement_agencies_cgbu-k38b.csv,86096,591,11,parquet+brotli,31442,2.7382,1.74,194.88
data_missouri_law_enforcement_agencies_cgbu-k38b.csv,86096,591,11,parquet+gzip,34095,2.5252,39.7,233.28
data_missouri_law_enforcement_agencies_cgbu-k38b.csv,86096,591,11,parquet+snappy,45437,1.8948,128.28,3.28
data_missouri_law_enforcement_agencies_cgbu-k38b.csv,86096,591,11,parquet+zstd,32735,2.6301,13.53,252.17
data_missouri_law_enforcement_agencies_cgbu-k38b.csv,86096,591,11,polypress,20458,4.2084,1.26,70.7
data_missouri_law_enforcement_agencies_cgbu-k38b.csv,86096,591,11,polypress+brotli,20209,4.2603,,
data_missouri_law_enforcement_agencies_cgbu-k38b.csv,86096,591,11,polypress+zstd,22610,3.8079,,
data_missouri_law_enforcement_agencies_cgbu-k38b.csv,86096,591,11,xz -9e,21916,3.9285,6.15,27.25
data_missouri_law_enforcement_agencies_cgbu-k38b.csv,86096,591,11,zstd -19,23689,3.6344,4.02,27.89
data_missouri_law_enforcement_agencies_cgbu-k38b.csv,86096,591,11,zstd -22,23689,3.6344,1.49,28.59
data_missouri_law_enforcement_agencies_cgbu-k38b.csv,86096,591,11,zstd -3,27622,3.1169,29.12,33.89
data_open_meetings_au6r-w9n3.csv,86404,147,31,brotli -q11,13473,6.4131,1.5,30.36
data_open_meetings_au6r-w9n3.csv,86404,147,31,bzip2 -9,16772,5.1517,16.12,29.03
data_open_meetings_au6r-w9n3.csv,86404,147,31,feather+lz4,39418,2.192,234.87,235.94
data_open_meetings_au6r-w9n3.csv,86404,147,31,feather+zstd,29250,2.954,273.51,269.05
data_open_meetings_au6r-w9n3.csv,86404,147,31,gzip -9,18400,4.6959,27.91,43.86
data_open_meetings_au6r-w9n3.csv,86404,147,31,lz4 -9,20004,4.3193,30.94,43.93
data_open_meetings_au6r-w9n3.csv,86404,147,31,orc+snappy,31961,2.7034,65.55,276.22
data_open_meetings_au6r-w9n3.csv,86404,147,31,orc+zlib,23858,3.6216,43.77,245.53
data_open_meetings_au6r-w9n3.csv,86404,147,31,orc+zstd,24216,3.5681,64.87,285.36
data_open_meetings_au6r-w9n3.csv,86404,147,31,parquet+brotli,25583,3.3774,2.07,132.51
data_open_meetings_au6r-w9n3.csv,86404,147,31,parquet+gzip,29045,2.9748,53.93,131.12
data_open_meetings_au6r-w9n3.csv,86404,147,31,parquet+snappy,35612,2.4263,118.05,9.85
data_open_meetings_au6r-w9n3.csv,86404,147,31,parquet+zstd,28016,3.0841,12.84,166.09
data_open_meetings_au6r-w9n3.csv,86404,147,31,polypress,14570,5.9303,1.78,81.83
data_open_meetings_au6r-w9n3.csv,86404,147,31,polypress+brotli,13364,6.4654,,
data_open_meetings_au6r-w9n3.csv,86404,147,31,polypress+zstd,15305,5.6455,,
data_open_meetings_au6r-w9n3.csv,86404,147,31,xz -9e,14800,5.8381,6.3,30.66
data_open_meetings_au6r-w9n3.csv,86404,147,31,zstd -19,15511,5.5705,3.8,33.09
data_open_meetings_au6r-w9n3.csv,86404,147,31,zstd -22,15490,5.5781,1.07,29.56
data_open_meetings_au6r-w9n3.csv,86404,147,31,zstd -3,17569,4.918,30.24,35.61
data_covid_19_vaccine_distribution_allocation_b7pe-5nws.csv,91137,1701,4,brotli -q11,5121,17.7967,1.2,35.1
data_covid_19_vaccine_distribution_allocation_b7pe-5nws.csv,91137,1701,4,bzip2 -9,7458,12.22,17.37,35.52
data_covid_19_vaccine_distribution_allocation_b7pe-5nws.csv,91137,1701,4,feather+lz4,15666,5.8175,651.2,903.68
data_covid_19_vaccine_distribution_allocation_b7pe-5nws.csv,91137,1701,4,feather+zstd,9906,9.2002,960.44,1082.88
data_covid_19_vaccine_distribution_allocation_b7pe-5nws.csv,91137,1701,4,gzip -9,9923,9.1844,13.88,43.59
data_covid_19_vaccine_distribution_allocation_b7pe-5nws.csv,91137,1701,4,lz4 -9,14562,6.2585,28.22,47.12
data_covid_19_vaccine_distribution_allocation_b7pe-5nws.csv,91137,1701,4,orc+snappy,8492,10.7321,198.06,592.65
data_covid_19_vaccine_distribution_allocation_b7pe-5nws.csv,91137,1701,4,orc+zlib,7051,12.9254,193.84,851.35
data_covid_19_vaccine_distribution_allocation_b7pe-5nws.csv,91137,1701,4,orc+zstd,6990,13.0382,254.5,1085.96
data_covid_19_vaccine_distribution_allocation_b7pe-5nws.csv,91137,1701,4,parquet+brotli,9509,9.5843,8.43,374.76
data_covid_19_vaccine_distribution_allocation_b7pe-5nws.csv,91137,1701,4,parquet+gzip,10017,9.0982,108.87,440.39
data_covid_19_vaccine_distribution_allocation_b7pe-5nws.csv,91137,1701,4,parquet+snappy,12040,7.5695,226.72,3.47
data_covid_19_vaccine_distribution_allocation_b7pe-5nws.csv,91137,1701,4,parquet+zstd,9376,9.7202,53.67,465.03
data_covid_19_vaccine_distribution_allocation_b7pe-5nws.csv,91137,1701,4,polypress,2877,31.6778,3.92,204.85
data_covid_19_vaccine_distribution_allocation_b7pe-5nws.csv,91137,1701,4,polypress+brotli,2537,35.9231,,
data_covid_19_vaccine_distribution_allocation_b7pe-5nws.csv,91137,1701,4,polypress+zstd,3113,29.2763,,
data_covid_19_vaccine_distribution_allocation_b7pe-5nws.csv,91137,1701,4,xz -9e,5340,17.0669,6.0,33.23
data_covid_19_vaccine_distribution_allocation_b7pe-5nws.csv,91137,1701,4,zstd -19,6059,15.0416,3.04,33.23
data_covid_19_vaccine_distribution_allocation_b7pe-5nws.csv,91137,1701,4,zstd -22,6059,15.0416,1.4,31.95
data_covid_19_vaccine_distribution_allocation_b7pe-5nws.csv,91137,1701,4,zstd -3,9138,9.9734,29.9,39.18
data_covid_19_vaccine_distribution_allocation_saz5-9hgg.csv,94695,1764,4,brotli -q11,5362,17.6604,1.22,35.39
data_covid_19_vaccine_distribution_allocation_saz5-9hgg.csv,94695,1764,4,bzip2 -9,7194,13.1631,18.51,38.33
data_covid_19_vaccine_distribution_allocation_saz5-9hgg.csv,94695,1764,4,feather+lz4,15618,6.0632,734.16,1085.19
data_covid_19_vaccine_distribution_allocation_saz5-9hgg.csv,94695,1764,4,feather+zstd,10322,9.1741,957.06,1128.35
data_covid_19_vaccine_distribution_allocation_saz5-9hgg.csv,94695,1764,4,gzip -9,9704,9.7583,21.17,53.14
data_covid_19_vaccine_distribution_allocation_saz5-9hgg.csv,94695,1764,4,lz4 -9,14374,6.5879,30.37,48.88
data_covid_19_vaccine_distribution_allocation_saz5-9hgg.csv,94695,1764,4,orc+snappy,8926,10.6089,206.33,603.62
data_covid_19_vaccine_distribution_allocation_saz5-9hgg.csv,94695,1764,4,orc+zlib,7218,13.1193,201.92,863.43
data_covid_19_vaccine_distribution_allocation_saz5-9hgg.csv,94695,1764,4,orc+zstd,7227,13.1029,257.91,1185.61
data_covid_19_vaccine_distribution_allocation_saz5-9hgg.csv,94695,1764,4,parquet+brotli,8280,11.4366,9.91,432.19
data_covid_19_vaccine_distribution_allocation_saz5-9hgg.csv,94695,1764,4,parquet+gzip,8767,10.8013,154.66,415.03
data_covid_19_vaccine_distribution_allocation_saz5-9hgg.csv,94695,1764,4,parquet+snappy,9850,9.6137,241.01,3.59
data_covid_19_vaccine_distribution_allocation_saz5-9hgg.csv,94695,1764,4,parquet+zstd,8235,11.4991,78.12,401.19
data_covid_19_vaccine_distribution_allocation_saz5-9hgg.csv,94695,1764,4,polypress,2657,35.6398,4.06,213.88
data_covid_19_vaccine_distribution_allocation_saz5-9hgg.csv,94695,1764,4,polypress+brotli,2417,39.1787,,
data_covid_19_vaccine_distribution_allocation_saz5-9hgg.csv,94695,1764,4,polypress+zstd,2841,33.3316,,
data_covid_19_vaccine_distribution_allocation_saz5-9hgg.csv,94695,1764,4,xz -9e,5516,17.1673,6.13,38.29
data_covid_19_vaccine_distribution_allocation_saz5-9hgg.csv,94695,1764,4,zstd -19,5997,15.7904,3.05,34.2
data_covid_19_vaccine_distribution_allocation_saz5-9hgg.csv,94695,1764,4,zstd -22,5997,15.7904,1.41,30.7
data_covid_19_vaccine_distribution_allocation_saz5-9hgg.csv,94695,1764,4,zstd -3,8798,10.7632,33.33,41.32
data_lottery_powerball_winning_numbers_beginn_d6yy-54nr.csv,100562,1973,4,brotli -q11,17396,5.7808,1.15,34.89
data_lottery_powerball_winning_numbers_beginn_d6yy-54nr.csv,100562,1973,4,bzip2 -9,13798,7.2882,19.19,37.61
data_lottery_powerball_winning_numbers_beginn_d6yy-54nr.csv,100562,1973,4,feather+lz4,50834,1.9782,569.21,809.57
data_lottery_powerball_winning_numbers_beginn_d6yy-54nr.csv,100562,1973,4,feather+zstd,32642,3.0808,661.11,1036.33
data_lottery_powerball_winning_numbers_beginn_d6yy-54nr.csv,100562,1973,4,gzip -9,20904,4.8107,13.81,55.87
data_lottery_powerball_winning_numbers_beginn_d6yy-54nr.csv,100562,1973,4,lz4 -9,28334,3.5492,22.23,48.37
data_lottery_powerball_winning_numbers_beginn_d6yy-54nr.csv,100562,1973,4,orc+snappy,22349,4.4996,196.82,565.4
data_lottery_powerball_winning_numbers_beginn_d6yy-54nr.csv,100562,1973,4,orc+zlib,15563,6.4616,152.32,632.37
data_lottery_powerball_winning_numbers_beginn_d6yy-54nr.csv,100562,1973,4,orc+zstd,14285,7.0397,248.84,1016.36
data_lottery_powerball_winning_numbers_beginn_d6yy-54nr.csv,100562,1973,4,parquet+brotli,30066,3.3447,1.54,233.81
data_lottery_powerball_winning_numbers_beginn_d6yy-54nr.csv,100562,1973,4,parquet+gzip,32010,3.1416,35.72,312.44
data_lottery_powerball_winning_numbers_beginn_d6yy-54nr.csv,100562,1973,4,parquet+snappy,44688,2.2503,196.73,3.83
data_lottery_powerball_winning_numbers_beginn_d6yy-54nr.csv,100562,1973,4,parquet+zstd,29693,3.3867,11.4,402.47
data_lottery_powerball_winning_numbers_beginn_d6yy-54nr.csv,100562,1973,4,polypress,12948,7.7666,1.41,87.31
data_lottery_powerball_winning_numbers_beginn_d6yy-54nr.csv,100562,1973,4,polypress+brotli,12406,8.1059,,
data_lottery_powerball_winning_numbers_beginn_d6yy-54nr.csv,100562,1973,4,polypress+zstd,13383,7.5142,,
data_lottery_powerball_winning_numbers_beginn_d6yy-54nr.csv,100562,1973,4,xz -9e,16300,6.1694,5.32,30.72
data_lottery_powerball_winning_numbers_beginn_d6yy-54nr.csv,100562,1973,4,zstd -19,18741,5.3659,3.35,40.96
data_lottery_powerball_winning_numbers_beginn_d6yy-54nr.csv,100562,1973,4,zstd -22,18741,5.3659,1.51,33.95
data_lottery_powerball_winning_numbers_beginn_d6yy-54nr.csv,100562,1973,4,zstd -3,23006,4.3711,32.42,41.66
data_missouri_beer_wine_and_liquor_solicitor_mmn5-wy78.csv,109355,1284,5,brotli -q11,24700,4.4273,1.34,40.89
data_missouri_beer_wine_and_liquor_solicitor_mmn5-wy78.csv,109355,1284,5,bzip2 -9,22670,4.8238,17.37,34.11
data_missouri_beer_wine_and_liquor_solicitor_mmn5-wy78.csv,109355,1284,5,feather+lz4,63762,1.715,597.22,862.16
data_missouri_beer_wine_and_liquor_solicitor_mmn5-wy78.csv,109355,1284,5,feather+zstd,39586,2.7625,808.94,1105.22
data_missouri_beer_wine_and_liquor_solicitor_mmn5-wy78.csv,109355,1284,5,gzip -9,29931,3.6536,18.96,59.92
data_missouri_beer_wine_and_liquor_solicitor_mmn5-wy78.csv,109355,1284,5,lz4 -9,35872,3.0485,26.98,54.82
data_missouri_beer_wine_and_liquor_solicitor_mmn5-wy78.csv,109355,1284,5,orc+snappy,43701,2.5023,197.79,350.4
data_missouri_beer_wine_and_liquor_solicitor_mmn5-wy78.csv,109355,1284,5,orc+zlib,29951,3.6511,109.26,356.39
data_missouri_beer_wine_and_liquor_solicitor_mmn5-wy78.csv,109355,1284,5,orc+zstd,29097,3.7583,178.75,604.31
data_missouri_beer_wine_and_liquor_solicitor_mmn5-wy78.csv,109355,1284,5,parquet+brotli,31374,3.4855,2.17,234.13
data_missouri_beer_wine_and_liquor_solicitor_mmn5-wy78.csv,109355,1284,5,parquet+gzip,34351,3.1835,44.57,321.65
data_missouri_beer_wine_and_liquor_solicitor_mmn5-wy78.csv,109355,1284,5,parquet+snappy,48731,2.2441,180.79,4.18
data_missouri_beer_wine_and_liquor_solicitor_mmn5-wy78.csv,109355,1284,5,parquet+zstd,31972,3.4203,13.65,387.72
data_missouri_beer_wine_and_liquor_solicitor_mmn5-wy78.csv,109355,1284,5,polypress,22665,4.8248,1.61,50.65
data_missouri_beer_wine_and_liquor_solicitor_mmn5-wy78.csv,109355,1284,5,polypress+brotli,24460,4.4708,,
data_missouri_beer_wine_and_liquor_solicitor_mmn5-wy78.csv,109355,1284,5,polypress+zstd,27391,3.9924,,
data_missouri_beer_wine_and_liquor_solicitor_mmn5-wy78.csv,109355,1284,5,xz -9e,25664,4.261,6.08,33.02
data_missouri_beer_wine_and_liquor_solicitor_mmn5-wy78.csv,109355,1284,5,zstd -19,27496,3.9771,3.66,37.69
data_missouri_beer_wine_and_liquor_solicitor_mmn5-wy78.csv,109355,1284,5,zstd -22,27496,3.9771,1.65,35.24
data_missouri_beer_wine_and_liquor_solicitor_mmn5-wy78.csv,109355,1284,5,zstd -3,31991,3.4183,34.51,43.92
data_lottery_mega_millions_winning_numbers_be_5xaw-6ayf.csv,128013,2523,4,brotli -q11,22498,5.69,1.14,44.6
data_lottery_mega_millions_winning_numbers_be_5xaw-6ayf.csv,128013,2523,4,bzip2 -9,17100,7.4861,19.81,42.49
data_lottery_mega_millions_winning_numbers_be_5xaw-6ayf.csv,128013,2523,4,feather+lz4,65178,1.9641,714.95,1104.78
data_lottery_mega_millions_winning_numbers_be_5xaw-6ayf.csv,128013,2523,4,feather+zstd,39890,3.2092,743.66,1195.83
data_lottery_mega_millions_winning_numbers_be_5xaw-6ayf.csv,128013,2523,4,gzip -9,26294,4.8685,10.61,70.72
data_lottery_mega_millions_winning_numbers_be_5xaw-6ayf.csv,128013,2523,4,lz4 -9,35504,3.6056,22.81,60.55
data_lottery_mega_millions_winning_numbers_be_5xaw-6ayf.csv,128013,2523,4,orc+snappy,24827,5.1562,230.24,633.91
data_lottery_mega_millions_winning_numbers_be_5xaw-6ayf.csv,128013,2523,4,orc+zlib,17388,7.3621,173.76,695.5
data_lottery_mega_millions_winning_numbers_be_5xaw-6ayf.csv,128013,2523,4,orc+zstd,15988,8.0068,287.74,1130.37
data_lottery_mega_millions_winning_numbers_be_5xaw-6ayf.csv,128013,2523,4,parquet+brotli,36753,3.4831,1.45,271.31
data_lottery_mega_millions_winning_numbers_be_5xaw-6ayf.csv,128013,2523,4,parquet+gzip,39505,3.2404,36.12,377.32
data_lottery_mega_millions_winning_numbers_be_5xaw-6ayf.csv,128013,2523,4,parquet+snappy,53458,2.3946,219.51,4.84
data_lottery_mega_millions_winning_numbers_be_5xaw-6ayf.csv,128013,2523,4,parquet+zstd,36180,3.5382,12.11,447.44
data_lottery_mega_millions_winning_numbers_be_5xaw-6ayf.csv,128013,2523,4,polypress,14910,8.5857,1.43,105.61
data_lottery_mega_millions_winning_numbers_be_5xaw-6ayf.csv,128013,2523,4,polypress+brotli,14356,8.917,,
data_lottery_mega_millions_winning_numbers_be_5xaw-6ayf.csv,128013,2523,4,polypress+zstd,15178,8.4341,,
data_lottery_mega_millions_winning_numbers_be_5xaw-6ayf.csv,128013,2523,4,xz -9e,21340,5.9987,5.52,38.86
data_lottery_mega_millions_winning_numbers_be_5xaw-6ayf.csv,128013,2523,4,zstd -19,23654,5.4119,3.44,45.22
data_lottery_mega_millions_winning_numbers_be_5xaw-6ayf.csv,128013,2523,4,zstd -22,23654,5.4119,1.74,41.31
data_lottery_mega_millions_winning_numbers_be_5xaw-6ayf.csv,128013,2523,4,zstd -3,29600,4.3248,40.55,52.04
data_affordable_rental_housing_developments_s6ha-ppgi.csv,137515,598,14,brotli -q11,32315,4.2555,1.23,46.39
data_affordable_rental_housing_developments_s6ha-ppgi.csv,137515,598,14,bzip2 -9,34255,4.0145,18.71,35.75
data_affordable_rental_housing_developments_s6ha-ppgi.csv,137515,598,14,feather+lz4,83210,1.6526,558.9,823.97
data_affordable_rental_housing_developments_s6ha-ppgi.csv,137515,598,14,feather+zstd,55330,2.4854,730.1,969.38
data_affordable_rental_housing_developments_s6ha-ppgi.csv,137515,598,14,gzip -9,43402,3.1684,14.47,73.58
data_affordable_rental_housing_developments_s6ha-ppgi.csv,137515,598,14,lz4 -9,51538,2.6682,26.48,60.06
data_affordable_rental_housing_developments_s6ha-ppgi.csv,137515,598,14,orc+snappy,65905,2.0866,177.42,373.8
data_affordable_rental_housing_developments_s6ha-ppgi.csv,137515,598,14,orc+zlib,48402,2.8411,80.99,289.4
data_affordable_rental_housing_developments_s6ha-ppgi.csv,137515,598,14,orc+zstd,46740,2.9421,143.37,498.51
data_affordable_rental_housing_developments_s6ha-ppgi.csv,137515,598,14,parquet+brotli,47937,2.8687,1.77,271.17
data_affordable_rental_housing_developments_s6ha-ppgi.csv,137515,598,14,parquet+gzip,53334,2.5784,50.97,322.04
data_affordable_rental_housing_developments_s6ha-ppgi.csv,137515,598,14,parquet+snappy,70868,1.9404,80.14,5.09
data_affordable_rental_housing_developments_s6ha-ppgi.csv,137515,598,14,parquet+zstd,49482,2.7791,14.91,369.73
data_affordable_rental_housing_developments_s6ha-ppgi.csv,137515,598,14,polypress,31218,4.405,1.05,66.4
data_affordable_rental_housing_developments_s6ha-ppgi.csv,137515,598,14,polypress+brotli,30998,4.4363,,
data_affordable_rental_housing_developments_s6ha-ppgi.csv,137515,598,14,polypress+zstd,34762,3.9559,,
data_affordable_rental_housing_developments_s6ha-ppgi.csv,137515,598,14,xz -9e,33024,4.1641,6.23,33.61
data_affordable_rental_housing_developments_s6ha-ppgi.csv,137515,598,14,zstd -19,35745,3.8471,4.01,45.43
data_affordable_rental_housing_developments_s6ha-ppgi.csv,137515,598,14,zstd -22,35745,3.8471,1.9,39.96
data_affordable_rental_housing_developments_s6ha-ppgi.csv,137515,598,14,zstd -3,42720,3.219,42.75,54.68
data_lottery_cash_4_life_winning_numbers_2014_kwxv-fwze.csv,140618,2949,3,brotli -q11,21417,6.5657,1.14,48.38
data_lottery_cash_4_life_winning_numbers_2014_kwxv-fwze.csv,140618,2949,3,bzip2 -9,16769,8.3856,20.02,46.58
data_lottery_cash_4_life_winning_numbers_2014_kwxv-fwze.csv,140618,2949,3,feather+lz4,68250,2.0603,790.61,1265.65
data_lottery_cash_4_life_winning_numbers_2014_kwxv-fwze.csv,140618,2949,3,feather+zstd,43514,3.2316,830.7,1394.31
data_lottery_cash_4_life_winning_numbers_2014_kwxv-fwze.csv,140618,2949,3,gzip -9,26240,5.3589,12.15,76.39
data_lottery_cash_4_life_winning_numbers_2014_kwxv-fwze.csv,140618,2949,3,lz4 -9,35777,3.9304,21.88,63.91
data_lottery_cash_4_life_winning_numbers_2014_kwxv-fwze.csv,140618,2949,3,orc+snappy,25578,5.4976,262.36,813.51
data_lottery_cash_4_life_winning_numbers_2014_kwxv-fwze.csv,140618,2949,3,orc+zlib,18186,7.7322,205.0,782.22
data_lottery_cash_4_life_winning_numbers_2014_kwxv-fwze.csv,140618,2949,3,orc+zstd,16514,8.5151,344.91,1276.61
data_lottery_cash_4_life_winning_numbers_2014_kwxv-fwze.csv,140618,2949,3,parquet+brotli,39530,3.5572,1.27,245.75
data_lottery_cash_4_life_winning_numbers_2014_kwxv-fwze.csv,140618,2949,3,parquet+gzip,41373,3.3988,33.46,413.31
data_lottery_cash_4_life_winning_numbers_2014_kwxv-fwze.csv,140618,2949,3,parquet+snappy,57242,2.4566,243.31,5.49
data_lottery_cash_4_life_winning_numbers_2014_kwxv-fwze.csv,140618,2949,3,parquet+zstd,38445,3.6576,11.43,442.12
data_lottery_cash_4_life_winning_numbers_2014_kwxv-fwze.csv,140618,2949,3,polypress,15074,9.3285,1.36,108.0
data_lottery_cash_4_life_winning_numbers_2014_kwxv-fwze.csv,140618,2949,3,polypress+brotli,14366,9.7883,,
data_lottery_cash_4_life_winning_numbers_2014_kwxv-fwze.csv,140618,2949,3,polypress+zstd,15200,9.2512,,
data_lottery_cash_4_life_winning_numbers_2014_kwxv-fwze.csv,140618,2949,3,xz -9e,19112,7.3576,5.07,40.77
data_lottery_cash_4_life_winning_numbers_2014_kwxv-fwze.csv,140618,2949,3,zstd -19,22973,6.121,3.41,46.58
data_lottery_cash_4_life_winning_numbers_2014_kwxv-fwze.csv,140618,2949,3,zstd -22,22973,6.121,1.79,44.64
data_lottery_cash_4_life_winning_numbers_2014_kwxv-fwze.csv,140618,2949,3,zstd -3,29803,4.7182,41.07,55.92
data_new_liquor_licenses_dymb-xy5c.csv,169552,859,13,brotli -q11,22410,7.5659,1.2,55.85
data_new_liquor_licenses_dymb-xy5c.csv,169552,859,13,bzip2 -9,23993,7.0667,18.88,47.07
data_new_liquor_licenses_dymb-xy5c.csv,169552,859,13,feather+lz4,93954,1.8046,774.68,839.61
data_new_liquor_licenses_dymb-xy5c.csv,169552,859,13,feather+zstd,57066,2.9712,980.9,1121.69
data_new_liquor_licenses_dymb-xy5c.csv,169552,859,13,gzip -9,30535,5.5527,23.33,90.67
data_new_liquor_licenses_dymb-xy5c.csv,169552,859,13,lz4 -9,34836,4.8671,33.95,77.21
data_new_liquor_licenses_dymb-xy5c.csv,169552,859,13,orc+snappy,53754,3.1542,169.24,373.5
data_new_liquor_licenses_dymb-xy5c.csv,169552,859,13,orc+zlib,36280,4.6734,96.72,333.72
data_new_liquor_licenses_dymb-xy5c.csv,169552,859,13,orc+zstd,35147,4.8241,153.9,489.77
data_new_liquor_licenses_dymb-xy5c.csv,169552,859,13,parquet+brotli,32373,5.2375,3.66,380.3
data_new_liquor_licenses_dymb-xy5c.csv,169552,859,13,parquet+gzip,34867,4.8628,72.03,368.66
data_new_liquor_licenses_dymb-xy5c.csv,169552,859,13,parquet+snappy,47056,3.6032,218.55,6.26
data_new_liquor_licenses_dymb-xy5c.csv,169552,859,13,parquet+zstd,33606,5.0453,30.31,464.5
data_new_liquor_licenses_dymb-xy5c.csv,169552,859,13,polypress,20846,8.1336,1.58,99.32
data_new_liquor_licenses_dymb-xy5c.csv,169552,859,13,polypress+brotli,20147,8.4157,,
data_new_liquor_licenses_dymb-xy5c.csv,169552,859,13,polypress+zstd,22952,7.3872,,
data_new_liquor_licenses_dymb-xy5c.csv,169552,859,13,xz -9e,23336,7.2657,5.78,53.15
data_new_liquor_licenses_dymb-xy5c.csv,169552,859,13,zstd -19,24743,6.8525,3.4,63.08
data_new_liquor_licenses_dymb-xy5c.csv,169552,859,13,zstd -22,24743,6.8525,1.9,46.56
data_new_liquor_licenses_dymb-xy5c.csv,169552,859,13,zstd -3,30062,5.6401,48.64,64.99
datahub_smart_city_challenge_finalists_project_p_4zfz-amsd.csv,188801,743,16,brotli -q11,20525,9.1986,1.28,66.26
datahub_smart_city_challenge_finalists_project_p_4zfz-amsd.csv,188801,743,16,bzip2 -9,20857,9.0522,18.44,52.2
datahub_smart_city_challenge_finalists_project_p_4zfz-amsd.csv,188801,743,16,feather+lz4,79338,2.3797,803.13,988.63
datahub_smart_city_challenge_finalists_project_p_4zfz-amsd.csv,188801,743,16,feather+zstd,51074,3.6966,671.66,712.77
datahub_smart_city_challenge_finalists_project_p_4zfz-amsd.csv,188801,743,16,gzip -9,28659,6.5878,41.41,104.84
datahub_smart_city_challenge_finalists_project_p_4zfz-amsd.csv,188801,743,16,lz4 -9,31079,6.0749,40.8,87.2
datahub_smart_city_challenge_finalists_project_p_4zfz-amsd.csv,188801,743,16,orc+snappy,52449,3.5997,190.13,460.4
datahub_smart_city_challenge_finalists_project_p_4zfz-amsd.csv,188801,743,16,orc+zlib,37456,5.0406,109.76,383.11
datahub_smart_city_challenge_finalists_project_p_4zfz-amsd.csv,188801,743,16,orc+zstd,37502,5.0344,161.25,586.15
datahub_smart_city_challenge_finalists_project_p_4zfz-amsd.csv,188801,743,16,parquet+brotli,26825,7.0382,3.86,299.73
datahub_smart_city_challenge_finalists_project_p_4zfz-amsd.csv,188801,743,16,parquet+gzip,30859,6.1182,92.09,361.76
datahub_smart_city_challenge_finalists_project_p_4zfz-amsd.csv,188801,743,16,parquet+snappy,41218,4.5805,262.65,20.88
datahub_smart_city_challenge_finalists_project_p_4zfz-amsd.csv,188801,743,16,parquet+zstd,29805,6.3345,27.21,448.66
datahub_smart_city_challenge_finalists_project_p_4zfz-amsd.csv,188801,743,16,polypress,20134,9.3772,2.58,134.67
datahub_smart_city_challenge_finalists_project_p_4zfz-amsd.csv,188801,743,16,polypress+brotli,18061,10.4535,,
datahub_smart_city_challenge_finalists_project_p_4zfz-amsd.csv,188801,743,16,polypress+zstd,20674,9.1323,,
datahub_smart_city_challenge_finalists_project_p_4zfz-amsd.csv,188801,743,16,xz -9e,22484,8.3971,5.34,59.21
datahub_smart_city_challenge_finalists_project_p_4zfz-amsd.csv,188801,743,16,zstd -19,23023,8.2005,3.03,61.58
datahub_smart_city_challenge_finalists_project_p_4zfz-amsd.csv,188801,743,16,zstd -22,23011,8.2048,1.8,61.08
datahub_smart_city_challenge_finalists_project_p_4zfz-amsd.csv,188801,743,16,zstd -3,30619,6.1661,54.22,75.22
data_transportation_services_index_and_season_bw6n-ddqk.csv,197206,317,66,brotli -q11,56980,3.461,1.03,57.3
data_transportation_services_index_and_season_bw6n-ddqk.csv,197206,317,66,bzip2 -9,61654,3.1986,20.55,42.47
data_transportation_services_index_and_season_bw6n-ddqk.csv,197206,317,66,feather+lz4,123626,1.5952,503.13,374.1
data_transportation_services_index_and_season_bw6n-ddqk.csv,197206,317,66,feather+zstd,87610,2.251,356.68,407.66
data_transportation_services_index_and_season_bw6n-ddqk.csv,197206,317,66,gzip -9,73892,2.6688,4.14,91.98
data_transportation_services_index_and_season_bw6n-ddqk.csv,197206,317,66,lz4 -9,95046,2.0748,19.89,83.98
data_transportation_services_index_and_season_bw6n-ddqk.csv,197206,317,66,orc+snappy,93301,2.1137,82.86,423.31
data_transportation_services_index_and_season_bw6n-ddqk.csv,197206,317,66,orc+zlib,79115,2.4926,39.58,230.92
data_transportation_services_index_and_season_bw6n-ddqk.csv,197206,317,66,orc+zstd,80588,2.4471,69.75,324.88
data_transportation_services_index_and_season_bw6n-ddqk.csv,197206,317,66,parquet+brotli,111603,1.767,1.42,172.86
data_transportation_services_index_and_season_bw6n-ddqk.csv,197206,317,66,parquet+gzip,116185,1.6973,26.57,189.75
data_transportation_services_index_and_season_bw6n-ddqk.csv,197206,317,66,parquet+snappy,143711,1.3722,138.39,7.31
data_transportation_services_index_and_season_bw6n-ddqk.csv,197206,317,66,parquet+zstd,105978,1.8608,16.28,210.2
data_transportation_services_index_and_season_bw6n-ddqk.csv,197206,317,66,polypress,49392,3.9927,0.66,57.35
data_transportation_services_index_and_season_bw6n-ddqk.csv,197206,317,66,polypress+brotli,47157,4.1819,,
data_transportation_services_index_and_season_bw6n-ddqk.csv,197206,317,66,polypress+zstd,53068,3.7161,,
data_transportation_services_index_and_season_bw6n-ddqk.csv,197206,317,66,xz -9e,59572,3.3104,6.36,39.75
data_transportation_services_index_and_season_bw6n-ddqk.csv,197206,317,66,zstd -19,62041,3.1786,4.92,63.31
data_transportation_services_index_and_season_bw6n-ddqk.csv,197206,317,66,zstd -22,62041,3.1786,2.45,58.52
data_transportation_services_index_and_season_bw6n-ddqk.csv,197206,317,66,zstd -3,75777,2.6025,51.0,63.45
datos_lista_oficial_de_precios_unitarios_fijos_ae7u-y7m2.csv,199122,1255,9,brotli -q11,27043,7.3632,1.29,65.91
datos_lista_oficial_de_precios_unitarios_fijos_ae7u-y7m2.csv,199122,1255,9,bzip2 -9,28505,6.9855,19.93,56.03
datos_lista_oficial_de_precios_unitarios_fijos_ae7u-y7m2.csv,199122,1255,9,feather+lz4,72306,2.7539,884.72,1259.7
datos_lista_oficial_de_precios_unitarios_fijos_ae7u-y7m2.csv,199122,1255,9,feather+zstd,47034,4.2336,799.21,1179.63
datos_lista_oficial_de_precios_unitarios_fijos_ae7u-y7m2.csv,199122,1255,9,gzip -9,34256,5.8128,23.54,99.7
datos_lista_oficial_de_precios_unitarios_fijos_ae7u-y7m2.csv,199122,1255,9,lz4 -9,43033,4.6272,39.96,87.6
datos_lista_oficial_de_precios_unitarios_fijos_ae7u-y7m2.csv,199122,1255,9,orc+snappy,49788,3.9994,282.82,504.03
datos_lista_oficial_de_precios_unitarios_fijos_ae7u-y7m2.csv,199122,1255,9,orc+zlib,35757,5.5688,149.59,505.25
datos_lista_oficial_de_precios_unitarios_fijos_ae7u-y7m2.csv,199122,1255,9,orc+zstd,32848,6.0619,256.27,840.22
datos_lista_oficial_de_precios_unitarios_fijos_ae7u-y7m2.csv,199122,1255,9,parquet+brotli,34878,5.7091,2.37,314.21
datos_lista_oficial_de_precios_unitarios_fijos_ae7u-y7m2.csv,199122,1255,9,parquet+gzip,39995,4.9787,77.48,414.69
datos_lista_oficial_de_precios_unitarios_fijos_ae7u-y7m2.csv,199122,1255,9,parquet+snappy,54233,3.6716,273.47,7.64
datos_lista_oficial_de_precios_unitarios_fijos_ae7u-y7m2.csv,199122,1255,9,parquet+zstd,36050,5.5235,13.51,444.48
datos_lista_oficial_de_precios_unitarios_fijos_ae7u-y7m2.csv,199122,1255,9,polypress,23946,8.3155,1.36,108.8
datos_lista_oficial_de_precios_unitarios_fijos_ae7u-y7m2.csv,199122,1255,9,polypress+brotli,23729,8.3915,,
datos_lista_oficial_de_precios_unitarios_fijos_ae7u-y7m2.csv,199122,1255,9,polypress+zstd,25301,7.8701,,
datos_lista_oficial_de_precios_unitarios_fijos_ae7u-y7m2.csv,199122,1255,9,xz -9e,27556,7.2261,6.64,54.49
datos_lista_oficial_de_precios_unitarios_fijos_ae7u-y7m2.csv,199122,1255,9,zstd -19,29690,6.7067,4.49,68.36
datos_lista_oficial_de_precios_unitarios_fijos_ae7u-y7m2.csv,199122,1255,9,zstd -22,29689,6.7069,2.36,60.78
datos_lista_oficial_de_precios_unitarios_fijos_ae7u-y7m2.csv,199122,1255,9,zstd -3,34799,5.7221,56.06,76.76
data_rates_of_covid_19_cases_or_deaths_by_age_3rge-nu2a.csv,239530,1591,16,brotli -q11,51683,4.6346,1.12,67.99
data_rates_of_covid_19_cases_or_deaths_by_age_3rge-nu2a.csv,239530,1591,16,bzip2 -9,58787,4.0745,20.81,49.18
data_rates_of_covid_19_cases_or_deaths_by_age_3rge-nu2a.csv,239530,1591,16,feather+lz4,109114,2.1952,1286.38,1293.0
data_rates_of_covid_19_cases_or_deaths_by_age_3rge-nu2a.csv,239530,1591,16,feather+zstd,79450,3.0149,1316.73,1330.68
data_rates_of_covid_19_cases_or_deaths_by_age_3rge-nu2a.csv,239530,1591,16,gzip -9,69125,3.4652,9.33,110.58
data_rates_of_covid_19_cases_or_deaths_by_age_3rge-nu2a.csv,239530,1591,16,lz4 -9,90285,2.653,24.94,101.06
data_rates_of_covid_19_cases_or_deaths_by_age_3rge-nu2a.csv,239530,1591,16,orc+snappy,74443,3.2176,258.4,627.13
data_rates_of_covid_19_cases_or_deaths_by_age_3rge-nu2a.csv,239530,1591,16,orc+zlib,63975,3.7441,138.21,509.98
data_rates_of_covid_19_cases_or_deaths_by_age_3rge-nu2a.csv,239530,1591,16,orc+zstd,61866,3.8718,232.56,924.25
data_rates_of_covid_19_cases_or_deaths_by_age_3rge-nu2a.csv,239530,1591,16,parquet+brotli,78653,3.0454,2.39,376.56
data_rates_of_covid_19_cases_or_deaths_by_age_3rge-nu2a.csv,239530,1591,16,parquet+gzip,83237,2.8777,72.56,527.38
data_rates_of_covid_19_cases_or_deaths_by_age_3rge-nu2a.csv,239530,1591,16,parquet+snappy,93090,2.5731,263.48,9.07
data_rates_of_covid_19_cases_or_deaths_by_age_3rge-nu2a.csv,239530,1591,16,parquet+zstd,78921,3.0351,39.22,476.14
data_rates_of_covid_19_cases_or_deaths_by_age_3rge-nu2a.csv,239530,1591,16,polypress,47159,5.0792,2.05,70.26
data_rates_of_covid_19_cases_or_deaths_by_age_3rge-nu2a.csv,239530,1591,16,polypress+brotli,46553,5.1453,,
data_rates_of_covid_19_cases_or_deaths_by_age_3rge-nu2a.csv,239530,1591,16,polypress+zstd,48126,4.9771,,
data_rates_of_covid_19_cases_or_deaths_by_age_3rge-nu2a.csv,239530,1591,16,xz -9e,53780,4.4539,5.76,49.51
data_rates_of_covid_19_cases_or_deaths_by_age_3rge-nu2a.csv,239530,1591,16,zstd -19,54075,4.4296,4.87,77.27
data_rates_of_covid_19_cases_or_deaths_by_age_3rge-nu2a.csv,239530,1591,16,zstd -22,54081,4.4291,2.64,73.14
data_rates_of_covid_19_cases_or_deaths_by_age_3rge-nu2a.csv,239530,1591,16,zstd -3,70870,3.3799,61.85,86.23
data_missouri_alcohol_licenses_not_renewed_fo_mtgj-bnbx.csv,250730,1366,14,brotli -q11,60184,4.1661,1.24,73.13
data_missouri_alcohol_licenses_not_renewed_fo_mtgj-bnbx.csv,250730,1366,14,bzip2 -9,57371,4.3703,20.01,48.75
data_missouri_alcohol_licenses_not_renewed_fo_mtgj-bnbx.csv,250730,1366,14,feather+lz4,165410,1.5158,1100.04,1095.46
data_missouri_alcohol_licenses_not_renewed_fo_mtgj-bnbx.csv,250730,1366,14,feather+zstd,105170,2.384,1259.45,1409.7
data_missouri_alcohol_licenses_not_renewed_fo_mtgj-bnbx.csv,250730,1366,14,gzip -9,76167,3.2918,13.59,118.15
data_missouri_alcohol_licenses_not_renewed_fo_mtgj-bnbx.csv,250730,1366,14,lz4 -9,87089,2.879,30.03,104.26
data_missouri_alcohol_licenses_not_renewed_fo_mtgj-bnbx.csv,250730,1366,14,orc+snappy,112411,2.2305,174.84,426.45
data_missouri_alcohol_licenses_not_renewed_fo_mtgj-bnbx.csv,250730,1366,14,orc+zlib,77462,3.2368,94.59,309.58
data_missouri_alcohol_licenses_not_renewed_fo_mtgj-bnbx.csv,250730,1366,14,orc+zstd,75260,3.3315,155.27,507.3
data_missouri_alcohol_licenses_not_renewed_fo_mtgj-bnbx.csv,250730,1366,14,parquet+brotli,81327,3.083,1.99,387.06
data_missouri_alcohol_licenses_not_renewed_fo_mtgj-bnbx.csv,250730,1366,14,parquet+gzip,88098,2.846,43.04,491.65
data_missouri_alcohol_licenses_not_renewed_fo_mtgj-bnbx.csv,250730,1366,14,parquet+snappy,123046,2.0377,209.61,27.41
data_missouri_alcohol_licenses_not_renewed_fo_mtgj-bnbx.csv,250730,1366,14,parquet+zstd,84149,2.9796,14.81,584.57
data_missouri_alcohol_licenses_not_renewed_fo_mtgj-bnbx.csv,250730,1366,14,polypress,53924,4.6497,1.27,71.78
data_missouri_alcohol_licenses_not_renewed_fo_mtgj-bnbx.csv,250730,1366,14,polypress+brotli,53253,4.7083,,
data_missouri_alcohol_licenses_not_renewed_fo_mtgj-bnbx.csv,250730,1366,14,polypress+zstd,57647,4.3494,,
data_missouri_alcohol_licenses_not_renewed_fo_mtgj-bnbx.csv,250730,1366,14,xz -9e,61620,4.069,6.33,50.47
data_missouri_alcohol_licenses_not_renewed_fo_mtgj-bnbx.csv,250730,1366,14,zstd -19,65342,3.8372,5.09,75.48
data_missouri_alcohol_licenses_not_renewed_fo_mtgj-bnbx.csv,250730,1366,14,zstd -22,65342,3.8372,2.82,73.72
data_missouri_alcohol_licenses_not_renewed_fo_mtgj-bnbx.csv,250730,1366,14,zstd -3,76753,3.2667,62.76,85.25
data_providence_police_department_arrests_and_vank-fyx9.csv,485254,1916,19,brotli -q11,44881,10.812,1.2,140.52
data_providence_police_department_arrests_and_vank-fyx9.csv,485254,1916,19,bzip2 -9,43491,11.1576,18.59,76.74
data_providence_police_department_arrests_and_vank-fyx9.csv,485254,1916,19,feather+lz4,193498,2.5078,1895.07,1985.66
data_providence_police_department_arrests_and_vank-fyx9.csv,485254,1916,19,feather+zstd,118594,4.0917,1997.35,1879.32
data_providence_police_department_arrests_and_vank-fyx9.csv,485254,1916,19,gzip -9,66493,7.2978,29.98,220.96
data_providence_police_department_arrests_and_vank-fyx9.csv,485254,1916,19,lz4 -9,71579,6.7793,48.82,197.03
data_providence_police_department_arrests_and_vank-fyx9.csv,485254,1916,19,orc+snappy,95262,5.0939,274.74,804.79
data_providence_police_department_arrests_and_vank-fyx9.csv,485254,1916,19,orc+zlib,66140,7.3368,169.09,540.44
data_providence_police_department_arrests_and_vank-fyx9.csv,485254,1916,19,orc+zstd,63668,7.6216,256.46,736.36
data_providence_police_department_arrests_and_vank-fyx9.csv,485254,1916,19,parquet+brotli,57469,8.4438,5.69,753.82
data_providence_police_department_arrests_and_vank-fyx9.csv,485254,1916,19,parquet+gzip,63062,7.6949,135.65,792.56
data_providence_police_department_arrests_and_vank-fyx9.csv,485254,1916,19,parquet+snappy,83059,5.8423,375.59,18.26
data_providence_police_department_arrests_and_vank-fyx9.csv,485254,1916,19,parquet+zstd,59599,8.142,43.93,992.83
data_providence_police_department_arrests_and_vank-fyx9.csv,485254,1916,19,polypress,35018,13.8573,2.76,145.76
data_providence_police_department_arrests_and_vank-fyx9.csv,485254,1916,19,polypress+brotli,35051,13.8442,,
data_providence_police_department_arrests_and_vank-fyx9.csv,485254,1916,19,polypress+zstd,41482,11.6979,,
data_providence_police_department_arrests_and_vank-fyx9.csv,485254,1916,19,xz -9e,44476,10.9105,5.18,104.98
data_providence_police_department_arrests_and_vank-fyx9.csv,485254,1916,19,zstd -19,49248,9.8533,3.93,146.04
data_providence_police_department_arrests_and_vank-fyx9.csv,485254,1916,19,zstd -22,49237,9.8555,2.84,142.01
data_providence_police_department_arrests_and_vank-fyx9.csv,485254,1916,19,zstd -3,62032,7.8226,96.99,166.98
data_police_active_warrants_cab7-wvn5.csv,495025,3877,11,brotli -q11,59931,8.2599,1.15,135.89
data_police_active_warrants_cab7-wvn5.csv,495025,3877,11,bzip2 -9,49427,10.0153,20.6,78.12
data_police_active_warrants_cab7-wvn5.csv,495025,3877,11,feather+lz4,222978,2.2201,2097.26,2550.72
data_police_active_warrants_cab7-wvn5.csv,495025,3877,11,feather+zstd,135858,3.6437,1887.53,3057.86
data_police_active_warrants_cab7-wvn5.csv,495025,3877,11,gzip -9,78068,6.3409,19.0,227.81
data_police_active_warrants_cab7-wvn5.csv,495025,3877,11,lz4 -9,90624,5.4624,35.52,165.56
data_police_active_warrants_cab7-wvn5.csv,495025,3877,11,orc+snappy,104439,4.7398,292.35,831.51
data_police_active_warrants_cab7-wvn5.csv,495025,3877,11,orc+zlib,74287,6.6637,165.72,555.75
data_police_active_warrants_cab7-wvn5.csv,495025,3877,11,orc+zstd,71889,6.886,261.37,799.8
data_police_active_warrants_cab7-wvn5.csv,495025,3877,11,parquet+brotli,72258,6.8508,5.52,728.01
data_police_active_warrants_cab7-wvn5.csv,495025,3877,11,parquet+gzip,77138,6.4174,123.41,1071.35
data_police_active_warrants_cab7-wvn5.csv,495025,3877,11,parquet+snappy,99278,4.9863,371.36,18.52
data_police_active_warrants_cab7-wvn5.csv,495025,3877,11,parquet+zstd,74934,6.6061,61.76,1273.01
data_police_active_warrants_cab7-wvn5.csv,495025,3877,11,polypress,46050,10.7497,2.32,101.15
data_police_active_warrants_cab7-wvn5.csv,495025,3877,11,polypress+brotli,45649,10.8442,,
data_police_active_warrants_cab7-wvn5.csv,495025,3877,11,polypress+zstd,51211,9.6664,,
data_police_active_warrants_cab7-wvn5.csv,495025,3877,11,xz -9e,60248,8.2165,5.07,97.18
data_police_active_warrants_cab7-wvn5.csv,495025,3877,11,zstd -19,62515,7.9185,4.57,141.73
data_police_active_warrants_cab7-wvn5.csv,495025,3877,11,zstd -22,62495,7.921,3.24,138.82
data_police_active_warrants_cab7-wvn5.csv,495025,3877,11,zstd -3,80735,6.1315,93.89,166.06
data_lottery_take_5_winning_numbers_beginning_dg63-4siq.csv,521332,10688,5,brotli -q11,72149,7.2258,1.03,134.48
data_lottery_take_5_winning_numbers_beginning_dg63-4siq.csv,521332,10688,5,bzip2 -9,59811,8.7163,23.53,68.71
data_lottery_take_5_winning_numbers_beginning_dg63-4siq.csv,521332,10688,5,feather+lz4,232866,2.2388,1485.48,3470.83
data_lottery_take_5_winning_numbers_beginning_dg63-4siq.csv,521332,10688,5,feather+zstd,163002,3.1983,1476.45,2686.27
data_lottery_take_5_winning_numbers_beginning_dg63-4siq.csv,521332,10688,5,gzip -9,89168,5.8466,13.16,226.34
data_lottery_take_5_winning_numbers_beginning_dg63-4siq.csv,521332,10688,5,lz4 -9,120724,4.3184,21.72,189.71
data_lottery_take_5_winning_numbers_beginning_dg63-4siq.csv,521332,10688,5,orc+snappy,89832,5.8034,455.83,1094.95
data_lottery_take_5_winning_numbers_beginning_dg63-4siq.csv,521332,10688,5,orc+zlib,65748,7.9292,224.98,771.02
data_lottery_take_5_winning_numbers_beginning_dg63-4siq.csv,521332,10688,5,orc+zstd,58161,8.9636,433.0,1163.72
data_lottery_take_5_winning_numbers_beginning_dg63-4siq.csv,521332,10688,5,parquet+brotli,140396,3.7133,0.87,476.18
data_lottery_take_5_winning_numbers_beginning_dg63-4siq.csv,521332,10688,5,parquet+gzip,152021,3.4293,28.89,719.28
data_lottery_take_5_winning_numbers_beginning_dg63-4siq.csv,521332,10688,5,parquet+snappy,214754,2.4276,332.87,56.87
data_lottery_take_5_winning_numbers_beginning_dg63-4siq.csv,521332,10688,5,parquet+zstd,143639,3.6295,8.72,790.82
data_lottery_take_5_winning_numbers_beginning_dg63-4siq.csv,521332,10688,5,polypress,48681,10.7091,1.22,94.31
data_lottery_take_5_winning_numbers_beginning_dg63-4siq.csv,521332,10688,5,polypress+brotli,48616,10.7235,,
data_lottery_take_5_winning_numbers_beginning_dg63-4siq.csv,521332,10688,5,polypress+zstd,51837,10.0571,,
data_lottery_take_5_winning_numbers_beginning_dg63-4siq.csv,521332,10688,5,xz -9e,62912,8.2867,4.88,91.24
data_lottery_take_5_winning_numbers_beginning_dg63-4siq.csv,521332,10688,5,zstd -19,75044,6.947,5.09,141.79
data_lottery_take_5_winning_numbers_beginning_dg63-4siq.csv,521332,10688,5,zstd -22,75044,6.947,3.64,136.01
data_lottery_take_5_winning_numbers_beginning_dg63-4siq.csv,521332,10688,5,zstd -3,100953,5.1641,95.68,167.1
datos_tasa_de_cambio_representativa_del_mercad_32sa-8pi3.csv,563692,8317,4,brotli -q11,41991,13.4241,1.33,153.18
datos_tasa_de_cambio_representativa_del_mercad_32sa-8pi3.csv,563692,8317,4,bzip2 -9,54609,10.3223,26.39,100.09
datos_tasa_de_cambio_representativa_del_mercad_32sa-8pi3.csv,563692,8317,4,feather+lz4,205226,2.7467,2683.65,4206.93
datos_tasa_de_cambio_representativa_del_mercad_32sa-8pi3.csv,563692,8317,4,feather+zstd,158458,3.5574,2736.45,4538.0
datos_tasa_de_cambio_representativa_del_mercad_32sa-8pi3.csv,563692,8317,4,gzip -9,76375,7.3806,15.63,218.63
datos_tasa_de_cambio_representativa_del_mercad_32sa-8pi3.csv,563692,8317,4,lz4 -9,120266,4.687,29.78,201.25
datos_tasa_de_cambio_representativa_del_mercad_32sa-8pi3.csv,563692,8317,4,orc+snappy,46575,12.1029,584.07,2118.54
datos_tasa_de_cambio_representativa_del_mercad_32sa-8pi3.csv,563692,8317,4,orc+zlib,33172,16.993,435.98,1672.06
datos_tasa_de_cambio_representativa_del_mercad_32sa-8pi3.csv,563692,8317,4,orc+zstd,30977,18.1971,626.14,2504.55
datos_tasa_de_cambio_representativa_del_mercad_32sa-8pi3.csv,563692,8317,4,parquet+brotli,149588,3.7683,0.94,608.1
datos_tasa_de_cambio_representativa_del_mercad_32sa-8pi3.csv,563692,8317,4,parquet+gzip,156537,3.601,72.73,1272.49
datos_tasa_de_cambio_representativa_del_mercad_32sa-8pi3.csv,563692,8317,4,parquet+snappy,205030,2.7493,436.3,21.55
datos_tasa_de_cambio_representativa_del_mercad_32sa-8pi3.csv,563692,8317,4,parquet+zstd,144286,3.9068,41.97,1723.25
datos_tasa_de_cambio_representativa_del_mercad_32sa-8pi3.csv,563692,8317,4,polypress,25385,22.2057,0.71,189.72
datos_tasa_de_cambio_representativa_del_mercad_32sa-8pi3.csv,563692,8317,4,polypress+brotli,32276,17.4647,,
datos_tasa_de_cambio_representativa_del_mercad_32sa-8pi3.csv,563692,8317,4,polypress+zstd,31614,17.8305,,
datos_tasa_de_cambio_representativa_del_mercad_32sa-8pi3.csv,563692,8317,4,xz -9e,38172,14.7672,5.25,112.0
datos_tasa_de_cambio_representativa_del_mercad_32sa-8pi3.csv,563692,8317,4,zstd -19,41792,13.488,5.83,171.08
datos_tasa_de_cambio_representativa_del_mercad_32sa-8pi3.csv,563692,8317,4,zstd -22,41792,13.488,3.56,163.16
datos_tasa_de_cambio_representativa_del_mercad_32sa-8pi3.csv,563692,8317,4,zstd -3,78946,7.1402,102.04,184.47
data_county_clerk_license_information_hbmv-rqk9.csv,600564,1448,24,brotli -q11,48174,12.4666,2.07,161.39
data_county_clerk_license_information_hbmv-rqk9.csv,600564,1448,24,bzip2 -9,62624,9.59,20.11,73.93
data_county_clerk_license_information_hbmv-rqk9.csv,600564,1448,24,feather+lz4,256538,2.341,1755.36,1881.22
data_county_clerk_license_information_hbmv-rqk9.csv,600564,1448,24,feather+zstd,160434,3.7434,1544.42,2078.34
data_county_clerk_license_information_hbmv-rqk9.csv,600564,1448,24,gzip -9,74022,8.1133,40.34,279.08
data_county_clerk_license_information_hbmv-rqk9.csv,600564,1448,24,lz4 -9,83715,7.1739,61.63,180.95
data_county_clerk_license_information_hbmv-rqk9.csv,600564,1448,24,orc+snappy,150253,3.997,269.81,684.87
data_county_clerk_license_information_hbmv-rqk9.csv,600564,1448,24,orc+zlib,104359,5.7548,148.54,449.57
data_county_clerk_license_information_hbmv-rqk9.csv,600564,1448,24,orc+zstd,98665,6.0869,233.13,684.68
data_county_clerk_license_information_hbmv-rqk9.csv,600564,1448,24,parquet+brotli,91045,6.5963,4.25,781.07
data_county_clerk_license_information_hbmv-rqk9.csv,600564,1448,24,parquet+gzip,96972,6.1932,104.72,910.02
data_county_clerk_license_information_hbmv-rqk9.csv,600564,1448,24,parquet+snappy,131607,4.5633,387.95,22.3
data_county_clerk_license_information_hbmv-rqk9.csv,600564,1448,24,parquet+zstd,93566,6.4186,32.12,1037.03
data_county_clerk_license_information_hbmv-rqk9.csv,600564,1448,24,polypress,48654,12.3436,2.31,165.86
data_county_clerk_license_information_hbmv-rqk9.csv,600564,1448,24,polypress+brotli,48291,12.4364,,
data_county_clerk_license_information_hbmv-rqk9.csv,600564,1448,24,polypress+zstd,54671,10.9851,,
data_county_clerk_license_information_hbmv-rqk9.csv,600564,1448,24,xz -9e,50396,11.9169,8.75,119.23
data_county_clerk_license_information_hbmv-rqk9.csv,600564,1448,24,zstd -19,52563,11.4256,7.69,180.34
data_county_clerk_license_information_hbmv-rqk9.csv,600564,1448,24,zstd -22,52529,11.433,3.57,169.22
data_county_clerk_license_information_hbmv-rqk9.csv,600564,1448,24,zstd -3,65011,9.2379,108.98,196.78
data_provisional_covid_19_deaths_by_week_sex_vsak-wrfu.csv,704273,6552,8,brotli -q11,31359,22.4584,0.92,204.31
data_provisional_covid_19_deaths_by_week_sex_vsak-wrfu.csv,704273,6552,8,bzip2 -9,34767,20.2569,17.78,95.33
data_provisional_covid_19_deaths_by_week_sex_vsak-wrfu.csv,704273,6552,8,feather+lz4,129322,5.4459,4160.47,4350.42
data_provisional_covid_19_deaths_by_week_sex_vsak-wrfu.csv,704273,6552,8,feather+zstd,80378,8.762,3260.41,4537.53
data_provisional_covid_19_deaths_by_week_sex_vsak-wrfu.csv,704273,6552,8,gzip -9,52586,13.3928,32.97,338.75
data_provisional_covid_19_deaths_by_week_sex_vsak-wrfu.csv,704273,6552,8,lz4 -9,73423,9.592,50.61,268.49
data_provisional_covid_19_deaths_by_week_sex_vsak-wrfu.csv,704273,6552,8,orc+snappy,35893,19.6215,564.81,1692.8
data_provisional_covid_19_deaths_by_week_sex_vsak-wrfu.csv,704273,6552,8,orc+zlib,24830,28.3638,433.13,1537.71
data_provisional_covid_19_deaths_by_week_sex_vsak-wrfu.csv,704273,6552,8,orc+zstd,23255,30.2848,566.97,2028.8
data_provisional_covid_19_deaths_by_week_sex_vsak-wrfu.csv,704273,6552,8,parquet+brotli,35836,19.6527,11.87,1241.67
data_provisional_covid_19_deaths_by_week_sex_vsak-wrfu.csv,704273,6552,8,parquet+gzip,37486,18.7876,210.78,1738.63
data_provisional_covid_19_deaths_by_week_sex_vsak-wrfu.csv,704273,6552,8,parquet+snappy,47899,14.7033,705.0,26.96
data_provisional_covid_19_deaths_by_week_sex_vsak-wrfu.csv,704273,6552,8,parquet+zstd,34135,20.632,87.47,1657.65
data_provisional_covid_19_deaths_by_week_sex_vsak-wrfu.csv,704273,6552,8,polypress,20398,34.5266,4.05,130.2
data_provisional_covid_19_deaths_by_week_sex_vsak-wrfu.csv,704273,6552,8,polypress+brotli,21315,33.0412,,
data_provisional_covid_19_deaths_by_week_sex_vsak-wrfu.csv,704273,6552,8,polypress+zstd,23474,30.0023,,
data_provisional_covid_19_deaths_by_week_sex_vsak-wrfu.csv,704273,6552,8,xz -9e,31160,22.6018,4.79,137.48
data_provisional_covid_19_deaths_by_week_sex_vsak-wrfu.csv,704273,6552,8,zstd -19,36395,19.3508,4.51,206.45
data_provisional_covid_19_deaths_by_week_sex_vsak-wrfu.csv,704273,6552,8,zstd -22,36379,19.3593,3.31,187.16
data_provisional_covid_19_deaths_by_week_sex_vsak-wrfu.csv,704273,6552,8,zstd -3,70078,10.0498,119.94,233.68
data_tlc_new_driver_application_status_dpec-ucu7.csv,781228,4237,12,brotli -q11,25986,30.0634,0.94,232.79
data_tlc_new_driver_application_status_dpec-ucu7.csv,781228,4237,12,bzip2 -9,18669,41.8463,10.85,80.95
data_tlc_new_driver_application_status_dpec-ucu7.csv,781228,4237,12,feather+lz4,234610,3.3299,4070.44,4513.37
data_tlc_new_driver_application_status_dpec-ucu7.csv,781228,4237,12,feather+zstd,131042,5.9617,3762.01,3616.68
data_tlc_new_driver_application_status_dpec-ucu7.csv,781228,4237,12,gzip -9,34326,22.7591,45.33,373.24
data_tlc_new_driver_application_status_dpec-ucu7.csv,781228,4237,12,lz4 -9,45311,17.2415,56.41,289.67
data_tlc_new_driver_application_status_dpec-ucu7.csv,781228,4237,12,orc+snappy,81574,9.5769,381.86,1083.57
data_tlc_new_driver_application_status_dpec-ucu7.csv,781228,4237,12,orc+zlib,46616,16.7588,273.86,866.17
data_tlc_new_driver_application_status_dpec-ucu7.csv,781228,4237,12,orc+zstd,49034,15.9324,366.07,1015.72
data_tlc_new_driver_application_status_dpec-ucu7.csv,781228,4237,12,parquet+brotli,29148,26.8021,16.41,1198.5
data_tlc_new_driver_application_status_dpec-ucu7.csv,781228,4237,12,parquet+gzip,32395,24.1157,264.93,1633.45
data_tlc_new_driver_application_status_dpec-ucu7.csv,781228,4237,12,parquet+snappy,42080,18.5653,616.15,29.13
data_tlc_new_driver_application_status_dpec-ucu7.csv,781228,4237,12,parquet+zstd,28860,27.0696,125.8,1825.46
data_tlc_new_driver_application_status_dpec-ucu7.csv,781228,4237,12,polypress,17122,45.6271,3.08,318.5
data_tlc_new_driver_application_status_dpec-ucu7.csv,781228,4237,12,polypress+brotli,16898,46.232,,
data_tlc_new_driver_application_status_dpec-ucu7.csv,781228,4237,12,polypress+zstd,19423,40.2218,,
data_tlc_new_driver_application_status_dpec-ucu7.csv,781228,4237,12,xz -9e,25140,31.0751,4.35,162.56
data_tlc_new_driver_application_status_dpec-ucu7.csv,781228,4237,12,zstd -19,27193,28.729,3.17,224.54
data_tlc_new_driver_application_status_dpec-ucu7.csv,781228,4237,12,zstd -22,27193,28.729,2.7,207.94
data_tlc_new_driver_application_status_dpec-ucu7.csv,781228,4237,12,zstd -3,55658,14.0362,123.17,248.65
datos_código_único_de_medicamentos_en_trámite_vgr4-gemg.csv,788499,1607,29,brotli -q11,33800,23.3284,1.28,224.72
datos_código_único_de_medicamentos_en_trámite_vgr4-gemg.csv,788499,1607,29,bzip2 -9,33762,23.3546,18.59,84.0
datos_código_único_de_medicamentos_en_trámite_vgr4-gemg.csv,788499,1607,29,feather+lz4,296970,2.6551,2299.86,2325.74
datos_código_único_de_medicamentos_en_trámite_vgr4-gemg.csv,788499,1607,29,feather+zstd,174810,4.5106,2426.42,3488.61
datos_código_único_de_medicamentos_en_trámite_vgr4-gemg.csv,788499,1607,29,gzip -9,104908,7.5161,31.33,321.46
datos_código_único_de_medicamentos_en_trámite_vgr4-gemg.csv,788499,1607,29,lz4 -9,93282,8.4529,56.27,233.36
datos_código_único_de_medicamentos_en_trámite_vgr4-gemg.csv,788499,1607,29,orc+snappy,159942,4.9299,290.95,897.96
datos_código_único_de_medicamentos_en_trámite_vgr4-gemg.csv,788499,1607,29,orc+zlib,111323,7.083,165.82,566.88
datos_código_único_de_medicamentos_en_trámite_vgr4-gemg.csv,788499,1607,29,orc+zstd,111557,7.0681,246.09,641.55
datos_código_único_de_medicamentos_en_trámite_vgr4-gemg.csv,788499,1607,29,parquet+brotli,59102,13.3413,6.98,883.81
datos_código_único_de_medicamentos_en_trámite_vgr4-gemg.csv,788499,1607,29,parquet+gzip,63202,12.4759,201.73,1205.69
datos_código_único_de_medicamentos_en_trámite_vgr4-gemg.csv,788499,1607,29,parquet+snappy,82862,9.5158,503.46,29.46
datos_código_único_de_medicamentos_en_trámite_vgr4-gemg.csv,788499,1607,29,parquet+zstd,60291,13.0782,34.02,1090.77
datos_código_único_de_medicamentos_en_trámite_vgr4-gemg.csv,788499,1607,29,polypress,30471,25.877,3.38,235.3
datos_código_único_de_medicamentos_en_trámite_vgr4-gemg.csv,788499,1607,29,polypress+brotli,30254,26.0626,,
datos_código_único_de_medicamentos_en_trámite_vgr4-gemg.csv,788499,1607,29,polypress+zstd,33652,23.431,,
datos_código_único_de_medicamentos_en_trámite_vgr4-gemg.csv,788499,1607,29,xz -9e,32328,24.3906,6.02,165.69
datos_código_único_de_medicamentos_en_trámite_vgr4-gemg.csv,788499,1607,29,zstd -19,34487,22.8637,4.88,229.68
datos_código_único_de_medicamentos_en_trámite_vgr4-gemg.csv,788499,1607,29,zstd -22,34148,23.0906,2.05,204.49
datos_código_único_de_medicamentos_en_trámite_vgr4-gemg.csv,788499,1607,29,zstd -3,52918,14.9004,124.39,249.36
data_lottery_daily_numbers_win_4_winning_numb_hsys-3def.csv,970818,16664,13,brotli -q11,141282,6.8715,1.17,195.18
data_lottery_daily_numbers_win_4_winning_numb_hsys-3def.csv,970818,16664,13,bzip2 -9,140848,6.8927,25.92,76.44
data_lottery_daily_numbers_win_4_winning_numb_hsys-3def.csv,970818,16664,13,feather+lz4,368378,2.6354,2847.49,4734.77
data_lottery_daily_numbers_win_4_winning_numb_hsys-3def.csv,970818,16664,13,feather+zstd,218058,4.4521,2603.52,3705.1
data_lottery_daily_numbers_win_4_winning_numb_hsys-3def.csv,970818,16664,13,gzip -9,186931,5.1935,6.3,341.0
data_lottery_daily_numbers_win_4_winning_numb_hsys-3def.csv,970818,16664,13,lz4 -9,250372,3.8775,19.13,226.09
data_lottery_daily_numbers_win_4_winning_numb_hsys-3def.csv,970818,16664,13,orc+snappy,122536,7.9227,403.0,1432.26
data_lottery_daily_numbers_win_4_winning_numb_hsys-3def.csv,970818,16664,13,orc+zlib,98350,9.8711,248.35,878.51
data_lottery_daily_numbers_win_4_winning_numb_hsys-3def.csv,970818,16664,13,orc+zstd,96446,10.0659,410.64,1431.75
data_lottery_daily_numbers_win_4_winning_numb_hsys-3def.csv,970818,16664,13,parquet+brotli,241288,4.0235,1.28,627.99
data_lottery_daily_numbers_win_4_winning_numb_hsys-3def.csv,970818,16664,13,parquet+gzip,245254,3.9584,69.27,1304.68
data_lottery_daily_numbers_win_4_winning_numb_hsys-3def.csv,970818,16664,13,parquet+snappy,306049,3.1721,407.19,35.89
data_lottery_daily_numbers_win_4_winning_numb_hsys-3def.csv,970818,16664,13,parquet+zstd,228482,4.249,33.75,1965.21
data_lottery_daily_numbers_win_4_winning_numb_hsys-3def.csv,970818,16664,13,polypress,94363,10.2881,1.45,71.02
data_lottery_daily_numbers_win_4_winning_numb_hsys-3def.csv,970818,16664,13,polypress+brotli,91142,10.6517,,
data_lottery_daily_numbers_win_4_winning_numb_hsys-3def.csv,970818,16664,13,polypress+zstd,101952,9.5223,,
data_lottery_daily_numbers_win_4_winning_numb_hsys-3def.csv,970818,16664,13,xz -9e,138524,7.0083,4.79,99.44
data_lottery_daily_numbers_win_4_winning_numb_hsys-3def.csv,970818,16664,13,zstd -19,146807,6.6129,5.75,218.06
data_lottery_daily_numbers_win_4_winning_numb_hsys-3def.csv,970818,16664,13,zstd -22,146807,6.6129,3.92,221.11
data_lottery_daily_numbers_win_4_winning_numb_hsys-3def.csv,970818,16664,13,zstd -3,211947,4.5805,115.51,261.83
data_active_trademark_registrations_ny3n-dx3v.csv,1197066,3537,10,brotli -q11,174296,6.868,1.17,224.22
data_active_trademark_registrations_ny3n-dx3v.csv,1197066,3537,10,bzip2 -9,179401,6.6726,22.24,74.1
data_active_trademark_registrations_ny3n-dx3v.csv,1197066,3537,10,feather+lz4,440402,2.7181,1513.22,3789.33
data_active_trademark_registrations_ny3n-dx3v.csv,1197066,3537,10,feather+zstd,280506,4.2675,1366.59,3288.05
data_active_trademark_registrations_ny3n-dx3v.csv,1197066,3537,10,gzip -9,241354,4.9598,44.18,399.53
data_active_trademark_registrations_ny3n-dx3v.csv,1197066,3537,10,lz4 -9,277629,4.3117,60.77,297.13
data_active_trademark_registrations_ny3n-dx3v.csv,1197066,3537,10,orc+snappy,346369,3.456,471.27,1383.92
data_active_trademark_registrations_ny3n-dx3v.csv,1197066,3537,10,orc+zlib,240207,4.9835,198.38,594.11
data_active_trademark_registrations_ny3n-dx3v.csv,1197066,3537,10,orc+zstd,226644,5.2817,388.79,1212.47
data_active_trademark_registrations_ny3n-dx3v.csv,1197066,3537,10,parquet+brotli,212104,5.6438,1.11,839.47
data_active_trademark_registrations_ny3n-dx3v.csv,1197066,3537,10,parquet+gzip,244133,4.9033,61.77,943.42
data_active_trademark_registrations_ny3n-dx3v.csv,1197066,3537,10,parquet+snappy,381992,3.1337,440.74,43.52
data_active_trademark_registrations_ny3n-dx3v.csv,1197066,3537,10,parquet+zstd,216890,5.5192,6.37,1393.14
data_active_trademark_registrations_ny3n-dx3v.csv,1197066,3537,10,polypress,159936,7.4847,1.38,112.65
data_active_trademark_registrations_ny3n-dx3v.csv,1197066,3537,10,polypress+brotli,161534,7.4106,,
data_active_trademark_registrations_ny3n-dx3v.csv,1197066,3537,10,polypress+zstd,169329,7.0695,,
data_active_trademark_registrations_ny3n-dx3v.csv,1197066,3537,10,xz -9e,175648,6.8151,5.54,127.39
data_active_trademark_registrations_ny3n-dx3v.csv,1197066,3537,10,zstd -19,186898,6.4049,5.67,257.55
data_active_trademark_registrations_ny3n-dx3v.csv,1197066,3537,10,zstd -22,186864,6.4061,3.96,270.4
data_active_trademark_registrations_ny3n-dx3v.csv,1197066,3537,10,zstd -3,225170,5.3163,125.26,298.83
data_contracts_vmu2-pnrc.csv,1327439,2355,29,brotli -q11,170185,7.8,1.02,255.99
data_contracts_vmu2-pnrc.csv,1327439,2355,29,bzip2 -9,179729,7.3858,18.08,73.49
data_contracts_vmu2-pnrc.csv,1327439,2355,29,feather+lz4,619770,2.1418,1909.36,2277.17
data_contracts_vmu2-pnrc.csv,1327439,2355,29,feather+zstd,393826,3.3706,1901.53,3136.72
data_contracts_vmu2-pnrc.csv,1327439,2355,29,gzip -9,275155,4.8243,35.62,395.54
data_contracts_vmu2-pnrc.csv,1327439,2355,29,lz4 -9,297119,4.4677,55.12,309.8
data_contracts_vmu2-pnrc.csv,1327439,2355,29,orc+snappy,388983,3.4126,319.94,949.63
data_contracts_vmu2-pnrc.csv,1327439,2355,29,orc+zlib,273099,4.8607,154.49,479.02
data_contracts_vmu2-pnrc.csv,1327439,2355,29,orc+zstd,266008,4.9902,265.44,778.59
data_contracts_vmu2-pnrc.csv,1327439,2355,29,parquet+brotli,221925,5.9815,3.2,1174.86
data_contracts_vmu2-pnrc.csv,1327439,2355,29,parquet+gzip,251967,5.2683,84.53,1150.35
data_contracts_vmu2-pnrc.csv,1327439,2355,29,parquet+snappy,355406,3.735,430.44,49.11
data_contracts_vmu2-pnrc.csv,1327439,2355,29,parquet+zstd,235079,5.6468,19.97,1556.09
data_contracts_vmu2-pnrc.csv,1327439,2355,29,polypress,153822,8.6297,1.22,131.26
data_contracts_vmu2-pnrc.csv,1327439,2355,29,polypress+brotli,150958,8.7934,,
data_contracts_vmu2-pnrc.csv,1327439,2355,29,polypress+zstd,162636,8.162,,
data_contracts_vmu2-pnrc.csv,1327439,2355,29,xz -9e,174000,7.629,4.92,136.47
data_contracts_vmu2-pnrc.csv,1327439,2355,29,zstd -19,184533,7.1935,4.41,292.21
data_contracts_vmu2-pnrc.csv,1327439,2355,29,zstd -22,184511,7.1944,3.63,292.33
data_contracts_vmu2-pnrc.csv,1327439,2355,29,zstd -3,234866,5.6519,134.41,329.8
data_state_of_vermont_employee_salaries_jgqy-2smf.csv,1341657,10770,7,brotli -q11,141213,9.5009,1.23,277.3
data_state_of_vermont_employee_salaries_jgqy-2smf.csv,1341657,10770,7,bzip2 -9,127804,10.4978,20.2,88.93
data_state_of_vermont_employee_salaries_jgqy-2smf.csv,1341657,10770,7,feather+lz4,524434,2.5583,2480.09,4842.79
data_state_of_vermont_employee_salaries_jgqy-2smf.csv,1341657,10770,7,feather+zstd,339970,3.9464,2089.61,4593.73
data_state_of_vermont_employee_salaries_jgqy-2smf.csv,1341657,10770,7,gzip -9,215743,6.2188,40.69,451.74
data_state_of_vermont_employee_salaries_jgqy-2smf.csv,1341657,10770,7,lz4 -9,237460,5.65,60.38,313.74
data_state_of_vermont_employee_salaries_jgqy-2smf.csv,1341657,10770,7,orc+snappy,329155,4.0761,421.62,1170.65
data_state_of_vermont_employee_salaries_jgqy-2smf.csv,1341657,10770,7,orc+zlib,226822,5.915,206.47,592.6
data_state_of_vermont_employee_salaries_jgqy-2smf.csv,1341657,10770,7,orc+zstd,225617,5.9466,363.71,1008.12
data_state_of_vermont_employee_salaries_jgqy-2smf.csv,1341657,10770,7,parquet+brotli,147578,9.0912,3.78,995.1
data_state_of_vermont_employee_salaries_jgqy-2smf.csv,1341657,10770,7,parquet+gzip,165568,8.1034,107.32,1195.78
data_state_of_vermont_employee_salaries_jgqy-2smf.csv,1341657,10770,7,parquet+snappy,231550,5.7942,547.62,49.22
data_state_of_vermont_employee_salaries_jgqy-2smf.csv,1341657,10770,7,parquet+zstd,157570,8.5147,37.43,1507.05
data_state_of_vermont_employee_salaries_jgqy-2smf.csv,1341657,10770,7,polypress,117222,11.4454,2.9,145.82
data_state_of_vermont_employee_salaries_jgqy-2smf.csv,1341657,10770,7,polypress+brotli,116620,11.5045,,
data_state_of_vermont_employee_salaries_jgqy-2smf.csv,1341657,10770,7,polypress+zstd,125365,10.702,,
data_state_of_vermont_employee_salaries_jgqy-2smf.csv,1341657,10770,7,xz -9e,141156,9.5048,4.61,163.49
data_state_of_vermont_employee_salaries_jgqy-2smf.csv,1341657,10770,7,zstd -19,148246,9.0502,5.15,294.75
data_state_of_vermont_employee_salaries_jgqy-2smf.csv,1341657,10770,7,zstd -22,148149,9.0561,3.73,269.47
data_state_of_vermont_employee_salaries_jgqy-2smf.csv,1341657,10770,7,zstd -3,199358,6.7299,136.14,346.79
data_equine_death_and_breakdown_q6ts-kwhk.csv,1645780,5450,13,brotli -q11,267160,6.1603,1.16,262.96
data_equine_death_and_breakdown_q6ts-kwhk.csv,1645780,5450,13,bzip2 -9,249122,6.6063,19.38,71.72
data_equine_death_and_breakdown_q6ts-kwhk.csv,1645780,5450,13,feather+lz4,783930,2.0994,1236.64,3435.99
data_equine_death_and_breakdown_q6ts-kwhk.csv,1645780,5450,13,feather+zstd,504274,3.2637,1106.77,2472.39
data_equine_death_and_breakdown_q6ts-kwhk.csv,1645780,5450,13,gzip -9,382416,4.3036,39.91,439.7
data_equine_death_and_breakdown_q6ts-kwhk.csv,1645780,5450,13,lz4 -9,418642,3.9312,49.16,308.3
data_equine_death_and_breakdown_q6ts-kwhk.csv,1645780,5450,13,orc+snappy,578868,2.8431,395.63,1113.55
data_equine_death_and_breakdown_q6ts-kwhk.csv,1645780,5450,13,orc+zlib,409470,4.0193,163.17,478.57
data_equine_death_and_breakdown_q6ts-kwhk.csv,1645780,5450,13,orc+zstd,404055,4.0732,327.12,872.24
data_equine_death_and_breakdown_q6ts-kwhk.csv,1645780,5450,13,parquet+brotli,307668,5.3492,2.0,824.52
data_equine_death_and_breakdown_q6ts-kwhk.csv,1645780,5450,13,parquet+gzip,363958,4.5219,65.62,830.87
data_equine_death_and_breakdown_q6ts-kwhk.csv,1645780,5450,13,parquet+snappy,552043,2.9813,450.17,59.8
data_equine_death_and_breakdown_q6ts-kwhk.csv,1645780,5450,13,parquet+zstd,322762,5.0991,15.1,1384.46
data_equine_death_and_breakdown_q6ts-kwhk.csv,1645780,5450,13,polypress,236444,6.9605,1.74,123.12
data_equine_death_and_breakdown_q6ts-kwhk.csv,1645780,5450,13,polypress+brotli,236078,6.9713,,
data_equine_death_and_breakdown_q6ts-kwhk.csv,1645780,5450,13,polypress+zstd,248233,6.63,,
data_equine_death_and_breakdown_q6ts-kwhk.csv,1645780,5450,13,xz -9e,271024,6.0725,5.45,134.64
data_equine_death_and_breakdown_q6ts-kwhk.csv,1645780,5450,13,zstd -19,278889,5.9012,5.65,320.07
data_equine_death_and_breakdown_q6ts-kwhk.csv,1645780,5450,13,zstd -22,278899,5.901,4.68,319.87
data_equine_death_and_breakdown_q6ts-kwhk.csv,1645780,5450,13,zstd -3,362466,4.5405,127.23,328.65
data_weekly_provisional_counts_of_deaths_by_s_muzy-jte6.csv,2331846,10476,35,brotli -q11,223357,10.44,0.93,349.71
data_weekly_provisional_counts_of_deaths_by_s_muzy-jte6.csv,2331846,10476,35,bzip2 -9,201736,11.5589,15.92,95.17
data_weekly_provisional_counts_of_deaths_by_s_muzy-jte6.csv,2331846,10476,35,feather+lz4,603426,3.8643,2526.6,2890.21
data_weekly_provisional_counts_of_deaths_by_s_muzy-jte6.csv,2331846,10476,35,feather+zstd,301786,7.7268,2705.52,3181.68
data_weekly_provisional_counts_of_deaths_by_s_muzy-jte6.csv,2331846,10476,35,gzip -9,291882,7.989,6.39,632.26
data_weekly_provisional_counts_of_deaths_by_s_muzy-jte6.csv,2331846,10476,35,lz4 -9,346243,6.7347,30.86,423.82
data_weekly_provisional_counts_of_deaths_by_s_muzy-jte6.csv,2331846,10476,35,orc+snappy,267157,8.7284,361.25,1042.36
data_weekly_provisional_counts_of_deaths_by_s_muzy-jte6.csv,2331846,10476,35,orc+zlib,173404,13.4475,235.35,760.06
data_weekly_provisional_counts_of_deaths_by_s_muzy-jte6.csv,2331846,10476,35,orc+zstd,173434,13.4451,331.47,993.14
data_weekly_provisional_counts_of_deaths_by_s_muzy-jte6.csv,2331846,10476,35,parquet+brotli,193840,12.0297,6.65,1832.92
data_weekly_provisional_counts_of_deaths_by_s_muzy-jte6.csv,2331846,10476,35,parquet+gzip,201578,11.568,187.49,2242.2
data_weekly_provisional_counts_of_deaths_by_s_muzy-jte6.csv,2331846,10476,35,parquet+snappy,242062,9.6333,404.62,238.56
data_weekly_provisional_counts_of_deaths_by_s_muzy-jte6.csv,2331846,10476,35,parquet+zstd,195257,11.9424,73.2,2698.81
data_weekly_provisional_counts_of_deaths_by_s_muzy-jte6.csv,2331846,10476,35,polypress,120710,19.3178,2.2,132.63
data_weekly_provisional_counts_of_deaths_by_s_muzy-jte6.csv,2331846,10476,35,polypress+brotli,119164,19.5684,,
data_weekly_provisional_counts_of_deaths_by_s_muzy-jte6.csv,2331846,10476,35,polypress+zstd,133697,17.4413,,
data_weekly_provisional_counts_of_deaths_by_s_muzy-jte6.csv,2331846,10476,35,xz -9e,218752,10.6598,3.91,168.48
data_weekly_provisional_counts_of_deaths_by_s_muzy-jte6.csv,2331846,10476,35,zstd -19,240763,9.6852,4.24,427.94
data_weekly_provisional_counts_of_deaths_by_s_muzy-jte6.csv,2331846,10476,35,zstd -22,239987,9.7166,3.09,428.48
data_weekly_provisional_counts_of_deaths_by_s_muzy-jte6.csv,2331846,10476,35,zstd -3,352737,6.6107,154.6,415.94
data_hhs_provider_relief_fund_kh8y-3es6.csv,2757399,50000,4,brotli -q11,609803,4.5218,1.16,276.8
data_hhs_provider_relief_fund_kh8y-3es6.csv,2757399,50000,4,bzip2 -9,546473,5.0458,22.12,76.14
data_hhs_provider_relief_fund_kh8y-3es6.csv,2757399,50000,4,feather+lz4,1829858,1.5069,1270.22,5528.38
data_hhs_provider_relief_fund_kh8y-3es6.csv,2757399,50000,4,feather+zstd,1170178,2.3564,1095.52,2961.68
data_hhs_provider_relief_fund_kh8y-3es6.csv,2757399,50000,4,gzip -9,752149,3.666,23.16,547.01
data_hhs_provider_relief_fund_kh8y-3es6.csv,2757399,50000,4,lz4 -9,898929,3.0674,37.18,331.46
data_hhs_provider_relief_fund_kh8y-3es6.csv,2757399,50000,4,orc+snappy,1097351,2.5128,352.48,899.05
data_hhs_provider_relief_fund_kh8y-3es6.csv,2757399,50000,4,orc+zlib,752536,3.6641,152.29,442.52
data_hhs_provider_relief_fund_kh8y-3es6.csv,2757399,50000,4,orc+zstd,702201,3.9268,306.75,796.9
data_hhs_provider_relief_fund_kh8y-3es6.csv,2757399,50000,4,parquet+brotli,670577,4.112,0.94,542.82
data_hhs_provider_relief_fund_kh8y-3es6.csv,2757399,50000,4,parquet+gzip,821846,3.3551,41.36,540.77
data_hhs_provider_relief_fund_kh8y-3es6.csv,2757399,50000,4,parquet+snappy,1249403,2.207,277.73,94.31
data_hhs_provider_relief_fund_kh8y-3es6.csv,2757399,50000,4,parquet+zstd,746912,3.6917,10.27,939.74
data_hhs_provider_relief_fund_kh8y-3es6.csv,2757399,50000,4,polypress,518466,5.3184,1.89,94.14
data_hhs_provider_relief_fund_kh8y-3es6.csv,2757399,50000,4,polypress+brotli,517257,5.3308,,
data_hhs_provider_relief_fund_kh8y-3es6.csv,2757399,50000,4,polypress+zstd,521751,5.2849,,
data_hhs_provider_relief_fund_kh8y-3es6.csv,2757399,50000,4,xz -9e,611940,4.506,5.52,112.15
data_hhs_provider_relief_fund_kh8y-3es6.csv,2757399,50000,4,zstd -19,632298,4.3609,6.37,400.27
data_hhs_provider_relief_fund_kh8y-3es6.csv,2757399,50000,4,zstd -22,632077,4.3624,5.09,391.94
data_hhs_provider_relief_fund_kh8y-3es6.csv,2757399,50000,4,zstd -3,764570,3.6065,130.28,381.75
data_current_employee_names_salaries_and_posi_xzkq-xp2w.csv,3077443,31775,8,brotli -q11,280538,10.9698,1.11,448.09
data_current_employee_names_salaries_and_posi_xzkq-xp2w.csv,3077443,31775,8,bzip2 -9,263463,11.6807,17.13,94.04
data_current_employee_names_salaries_and_posi_xzkq-xp2w.csv,3077443,31775,8,feather+lz4,1447010,2.1268,2701.49,5360.35
data_current_employee_names_salaries_and_posi_xzkq-xp2w.csv,3077443,31775,8,feather+zstd,897442,3.4291,2165.73,4565.88
data_current_employee_names_salaries_and_posi_xzkq-xp2w.csv,3077443,31775,8,gzip -9,429379,7.1672,37.91,741.53
data_current_employee_names_salaries_and_posi_xzkq-xp2w.csv,3077443,31775,8,lz4 -9,481460,6.3919,60.12,502.38
data_current_employee_names_salaries_and_posi_xzkq-xp2w.csv,3077443,31775,8,orc+snappy,784601,3.9223,400.5,990.62
data_current_employee_names_salaries_and_posi_xzkq-xp2w.csv,3077443,31775,8,orc+zlib,533507,5.7683,207.48,548.38
data_current_employee_names_salaries_and_posi_xzkq-xp2w.csv,3077443,31775,8,orc+zstd,519443,5.9245,336.28,804.97
data_current_employee_names_salaries_and_posi_xzkq-xp2w.csv,3077443,31775,8,parquet+brotli,351391,8.7579,3.79,1196.93
data_current_employee_names_salaries_and_posi_xzkq-xp2w.csv,3077443,31775,8,parquet+gzip,384958,7.9942,98.85,1172.79
data_current_employee_names_salaries_and_posi_xzkq-xp2w.csv,3077443,31775,8,parquet+snappy,545696,5.6395,514.72,109.94
data_current_employee_names_salaries_and_posi_xzkq-xp2w.csv,3077443,31775,8,parquet+zstd,358196,8.5915,38.1,1752.58
data_current_employee_names_salaries_and_posi_xzkq-xp2w.csv,3077443,31775,8,polypress,200322,15.3625,2.12,132.63
data_current_employee_names_salaries_and_posi_xzkq-xp2w.csv,3077443,31775,8,polypress+brotli,199617,15.4167,,
data_current_employee_names_salaries_and_posi_xzkq-xp2w.csv,3077443,31775,8,polypress+zstd,210271,14.6356,,
data_current_employee_names_salaries_and_posi_xzkq-xp2w.csv,3077443,31775,8,xz -9e,281220,10.9432,3.43,218.5
data_current_employee_names_salaries_and_posi_xzkq-xp2w.csv,3077443,31775,8,zstd -19,287653,10.6985,4.0,533.93
data_current_employee_names_salaries_and_posi_xzkq-xp2w.csv,3077443,31775,8,zstd -22,287651,10.6985,3.08,549.12
data_current_employee_names_salaries_and_posi_xzkq-xp2w.csv,3077443,31775,8,zstd -3,439031,7.0096,159.61,544.4
datos_resultados_de_los_sorteos_loterías_i3kx-3zps.csv,3670852,50000,8,brotli -q11,281117,13.0581,1.1,464.73
datos_resultados_de_los_sorteos_loterías_i3kx-3zps.csv,3670852,50000,8,bzip2 -9,255216,14.3833,16.84,111.54
datos_resultados_de_los_sorteos_loterías_i3kx-3zps.csv,3670852,50000,8,feather+lz4,1358674,2.7018,3828.11,6028.45
datos_resultados_de_los_sorteos_loterías_i3kx-3zps.csv,3670852,50000,8,feather+zstd,807386,4.5466,3147.96,4831.09
datos_resultados_de_los_sorteos_loterías_i3kx-3zps.csv,3670852,50000,8,gzip -9,379015,9.6852,12.35,852.53
datos_resultados_de_los_sorteos_loterías_i3kx-3zps.csv,3670852,50000,8,lz4 -9,503224,7.2947,41.31,534.5
datos_resultados_de_los_sorteos_loterías_i3kx-3zps.csv,3670852,50000,8,orc+snappy,570371,6.4359,464.78,1422.33
datos_resultados_de_los_sorteos_loterías_i3kx-3zps.csv,3670852,50000,8,orc+zlib,395217,9.2882,245.99,815.03
datos_resultados_de_los_sorteos_loterías_i3kx-3zps.csv,3670852,50000,8,orc+zstd,394047,9.3158,411.3,1203.62
datos_resultados_de_los_sorteos_loterías_i3kx-3zps.csv,3670852,50000,8,parquet+brotli,297392,12.3435,3.81,2429.65
datos_resultados_de_los_sorteos_loterías_i3kx-3zps.csv,3670852,50000,8,parquet+gzip,312894,11.7319,250.78,3056.11
datos_resultados_de_los_sorteos_loterías_i3kx-3zps.csv,3670852,50000,8,parquet+snappy,345781,10.6161,729.49,131.52
datos_resultados_de_los_sorteos_loterías_i3kx-3zps.csv,3670852,50000,8,parquet+zstd,306212,11.9879,120.78,3469.28
datos_resultados_de_los_sorteos_loterías_i3kx-3zps.csv,3670852,50000,8,polypress,249130,14.7347,4.09,138.15
datos_resultados_de_los_sorteos_loterías_i3kx-3zps.csv,3670852,50000,8,polypress+brotli,260262,14.1044,,
datos_resultados_de_los_sorteos_loterías_i3kx-3zps.csv,3670852,50000,8,polypress+zstd,288997,12.702,,
datos_resultados_de_los_sorteos_loterías_i3kx-3zps.csv,3670852,50000,8,xz -9e,275120,13.3427,5.09,203.01
datos_resultados_de_los_sorteos_loterías_i3kx-3zps.csv,3670852,50000,8,zstd -19,298303,12.3058,5.19,609.89
datos_resultados_de_los_sorteos_loterías_i3kx-3zps.csv,3670852,50000,8,zstd -22,298178,12.3109,4.67,623.45
datos_resultados_de_los_sorteos_loterías_i3kx-3zps.csv,3670852,50000,8,zstd -3,510097,7.1964,168.13,561.1
opendata_fire_rescue_personnel_responses_2012_201_8fxg-nyr5.csv,3899960,50000,5,brotli -q11,212728,18.3331,0.86,506.55
opendata_fire_rescue_personnel_responses_2012_201_8fxg-nyr5.csv,3899960,50000,5,bzip2 -9,228793,17.0458,19.53,113.85
opendata_fire_rescue_personnel_responses_2012_201_8fxg-nyr5.csv,3899960,50000,5,feather+lz4,1113498,3.5024,4881.41,9032.37
opendata_fire_rescue_personnel_responses_2012_201_8fxg-nyr5.csv,3899960,50000,5,feather+zstd,699474,5.5756,3976.09,6163.38
opendata_fire_rescue_personnel_responses_2012_201_8fxg-nyr5.csv,3899960,50000,5,gzip -9,331413,11.7677,25.63,974.07
opendata_fire_rescue_personnel_responses_2012_201_8fxg-nyr5.csv,3899960,50000,5,lz4 -9,440523,8.853,47.36,564.23
opendata_fire_rescue_personnel_responses_2012_201_8fxg-nyr5.csv,3899960,50000,5,orc+snappy,426682,9.1402,728.98,1860.51
opendata_fire_rescue_personnel_responses_2012_201_8fxg-nyr5.csv,3899960,50000,5,orc+zlib,267793,14.5633,385.79,1113.9
opendata_fire_rescue_personnel_responses_2012_201_8fxg-nyr5.csv,3899960,50000,5,orc+zstd,316188,12.3343,651.8,1540.27
opendata_fire_rescue_personnel_responses_2012_201_8fxg-nyr5.csv,3899960,50000,5,parquet+brotli,255316,15.275,5.59,2256.85
opendata_fire_rescue_personnel_responses_2012_201_8fxg-nyr5.csv,3899960,50000,5,parquet+gzip,283464,13.7582,175.75,3861.57
opendata_fire_rescue_personnel_responses_2012_201_8fxg-nyr5.csv,3899960,50000,5,parquet+snappy,367576,10.6099,889.63,141.91
opendata_fire_rescue_personnel_responses_2012_201_8fxg-nyr5.csv,3899960,50000,5,parquet+zstd,262463,14.8591,90.24,4681.63
opendata_fire_rescue_personnel_responses_2012_201_8fxg-nyr5.csv,3899960,50000,5,polypress,126205,30.9018,3.16,226.28
opendata_fire_rescue_personnel_responses_2012_201_8fxg-nyr5.csv,3899960,50000,5,polypress+brotli,131363,29.6884,,
opendata_fire_rescue_personnel_responses_2012_201_8fxg-nyr5.csv,3899960,50000,5,polypress+zstd,148682,26.2302,,
opendata_fire_rescue_personnel_responses_2012_201_8fxg-nyr5.csv,3899960,50000,5,xz -9e,190360,20.4873,3.64,260.94
opendata_fire_rescue_personnel_responses_2012_201_8fxg-nyr5.csv,3899960,50000,5,zstd -19,213088,18.3021,4.46,630.23
opendata_fire_rescue_personnel_responses_2012_201_8fxg-nyr5.csv,3899960,50000,5,zstd -22,212916,18.3169,3.79,662.82
opendata_fire_rescue_personnel_responses_2012_201_8fxg-nyr5.csv,3899960,50000,5,zstd -3,334730,11.6511,173.9,626.2
health_new_york_state_statewide_covid_19_testin_xdss-u53e.csv,4148270,50000,8,brotli -q11,547916,7.571,0.96,328.24
health_new_york_state_statewide_covid_19_testin_xdss-u53e.csv,4148270,50000,8,bzip2 -9,615178,6.7432,22.28,86.12
health_new_york_state_statewide_covid_19_testin_xdss-u53e.csv,4148270,50000,8,feather+lz4,1534986,2.7025,3479.82,7962.98
health_new_york_state_statewide_covid_19_testin_xdss-u53e.csv,4148270,50000,8,feather+zstd,824898,5.0288,3519.24,5819.1
health_new_york_state_statewide_covid_19_testin_xdss-u53e.csv,4148270,50000,8,gzip -9,836290,4.9603,8.24,703.34
health_new_york_state_statewide_covid_19_testin_xdss-u53e.csv,4148270,50000,8,lz4 -9,1090482,3.8041,35.01,417.2
health_new_york_state_statewide_covid_19_testin_xdss-u53e.csv,4148270,50000,8,orc+snappy,636255,6.5198,413.22,1498.11
health_new_york_state_statewide_covid_19_testin_xdss-u53e.csv,4148270,50000,8,orc+zlib,530072,7.8259,210.05,886.22
health_new_york_state_statewide_covid_19_testin_xdss-u53e.csv,4148270,50000,8,orc+zstd,517108,8.0221,387.65,1369.9
health_new_york_state_statewide_covid_19_testin_xdss-u53e.csv,4148270,50000,8,parquet+brotli,646600,6.4155,1.18,1124.48
health_new_york_state_statewide_covid_19_testin_xdss-u53e.csv,4148270,50000,8,parquet+gzip,719207,5.7678,73.55,2681.32
health_new_york_state_statewide_covid_19_testin_xdss-u53e.csv,4148270,50000,8,parquet+snappy,908653,4.5653,510.43,146.84
health_new_york_state_statewide_covid_19_testin_xdss-u53e.csv,4148270,50000,8,parquet+zstd,622361,6.6654,28.41,3781.59
health_new_york_state_statewide_covid_19_testin_xdss-u53e.csv,4148270,50000,8,polypress,382640,10.8412,3.3,123.94
health_new_york_state_statewide_covid_19_testin_xdss-u53e.csv,4148270,50000,8,polypress+brotli,383910,10.8053,,
health_new_york_state_statewide_covid_19_testin_xdss-u53e.csv,4148270,50000,8,polypress+zstd,489744,8.4703,,
health_new_york_state_statewide_covid_19_testin_xdss-u53e.csv,4148270,50000,8,xz -9e,577648,7.1813,3.26,128.81
health_new_york_state_statewide_covid_19_testin_xdss-u53e.csv,4148270,50000,8,zstd -19,611682,6.7817,3.55,534.85
health_new_york_state_statewide_covid_19_testin_xdss-u53e.csv,4148270,50000,8,zstd -22,612020,6.778,3.32,535.13
health_new_york_state_statewide_covid_19_testin_xdss-u53e.csv,4148270,50000,8,zstd -3,925470,4.4823,149.96,490.46
opendata_howard_county_police_department_call_for_qccx-65fg.csv,4169553,50000,6,brotli -q11,474521,8.7869,1.13,409.81
opendata_howard_county_police_department_call_for_qccx-65fg.csv,4169553,50000,6,bzip2 -9,482026,8.6501,22.94,87.86
opendata_howard_county_police_department_call_for_qccx-65fg.csv,4169553,50000,6,feather+lz4,1855946,2.2466,2957.11,7650.21
opendata_howard_county_police_department_call_for_qccx-65fg.csv,4169553,50000,6,feather+zstd,1232778,3.3822,2434.01,5544.82
opendata_howard_county_police_department_call_for_qccx-65fg.csv,4169553,50000,6,gzip -9,789339,5.2823,18.69,772.59
opendata_howard_county_police_department_call_for_qccx-65fg.csv,4169553,50000,6,lz4 -9,953783,4.3716,38.23,422.5
opendata_howard_county_police_department_call_for_qccx-65fg.csv,4169553,50000,6,parquet+brotli,669229,6.2304,1.35,1702.53
opendata_howard_county_police_department_call_for_qccx-65fg.csv,4169553,50000,6,parquet+gzip,802174,5.1978,117.97,2216.8
opendata_howard_county_police_department_call_for_qccx-65fg.csv,4169553,50000,6,parquet+snappy,986179,4.228,585.86,147.49
opendata_howard_county_police_department_call_for_qccx-65fg.csv,4169553,50000,6,parquet+zstd,775189,5.3788,70.78,2805.77
opendata_howard_county_police_department_call_for_qccx-65fg.csv,4169553,50000,6,polypress,333101,12.5174,1.61,122.59
opendata_howard_county_police_department_call_for_qccx-65fg.csv,4169553,50000,6,polypress+brotli,348144,11.9765,,
opendata_howard_county_police_department_call_for_qccx-65fg.csv,4169553,50000,6,polypress+zstd,425735,9.7938,,
opendata_howard_county_police_department_call_for_qccx-65fg.csv,4169553,50000,6,xz -9e,437280,9.5352,3.17,176.94
opendata_howard_county_police_department_call_for_qccx-65fg.csv,4169553,50000,6,zstd -19,482033,8.6499,4.34,588.75
opendata_howard_county_police_department_call_for_qccx-65fg.csv,4169553,50000,6,zstd -22,481840,8.6534,3.17,594.03
opendata_howard_county_police_department_call_for_qccx-65fg.csv,4169553,50000,6,zstd -3,705286,5.9119,156.03,556.62
health_genealogical_research_death_index_beginn_vafa-pf2s.csv,4174316,50000,10,brotli -q11,619741,6.7356,1.07,377.73
health_genealogical_research_death_index_beginn_vafa-pf2s.csv,4174316,50000,10,bzip2 -9,521602,8.0029,19.67,88.06
health_genealogical_research_death_index_beginn_vafa-pf2s.csv,4174316,50000,10,feather+lz4,2025890,2.0605,3393.09,6901.2
health_genealogical_research_death_index_beginn_vafa-pf2s.csv,4174316,50000,10,feather+zstd,1075394,3.8817,3315.35,5703.05
health_genealogical_research_death_index_beginn_vafa-pf2s.csv,4174316,50000,10,gzip -9,796242,5.2425,7.82,726.73
health_genealogical_research_death_index_beginn_vafa-pf2s.csv,4174316,50000,10,lz4 -9,943598,4.4238,33.75,447.46
health_genealogical_research_death_index_beginn_vafa-pf2s.csv,4174316,50000,10,orc+snappy,762809,5.4723,377.69,1154.37
health_genealogical_research_death_index_beginn_vafa-pf2s.csv,4174316,50000,10,orc+zlib,522997,7.9815,213.01,704.05
health_genealogical_research_death_index_beginn_vafa-pf2s.csv,4174316,50000,10,orc+zstd,521086,8.0108,355.26,1076.38
health_genealogical_research_death_index_beginn_vafa-pf2s.csv,4174316,50000,10,parquet+brotli,584954,7.1361,2.03,1394.75
health_genealogical_research_death_index_beginn_vafa-pf2s.csv,4174316,50000,10,parquet+gzip,620754,6.7246,85.41,1679.78
health_genealogical_research_death_index_beginn_vafa-pf2s.csv,4174316,50000,10,parquet+snappy,871133,4.7918,431.86,139.77
health_genealogical_research_death_index_beginn_vafa-pf2s.csv,4174316,50000,10,parquet+zstd,560652,7.4455,15.76,2167.68
health_genealogical_research_death_index_beginn_vafa-pf2s.csv,4174316,50000,10,polypress,348353,11.983,2.72,109.42
health_genealogical_research_death_index_beginn_vafa-pf2s.csv,4174316,50000,10,polypress+brotli,344710,12.1096,,
health_genealogical_research_death_index_beginn_vafa-pf2s.csv,4174316,50000,10,polypress+zstd,367032,11.3732,,
health_genealogical_research_death_index_beginn_vafa-pf2s.csv,4174316,50000,10,xz -9e,594588,7.0205,1.95,159.96
health_genealogical_research_death_index_beginn_vafa-pf2s.csv,4174316,50000,10,zstd -19,636133,6.562,3.85,549.18
health_genealogical_research_death_index_beginn_vafa-pf2s.csv,4174316,50000,10,zstd -22,635926,6.5642,1.98,537.23
health_genealogical_research_death_index_beginn_vafa-pf2s.csv,4174316,50000,10,zstd -3,858215,4.864,150.34,518.43
opendata_fire_dispatches_2012_2018_6uza-cd7z.csv,5532535,50000,8,brotli -q11,290500,19.0449,1.02,638.36
opendata_fire_dispatches_2012_2018_6uza-cd7z.csv,5532535,50000,8,bzip2 -9,292998,18.8825,15.73,93.91
opendata_fire_dispatches_2012_2018_6uza-cd7z.csv,5532535,50000,8,gzip -9,516508,10.7114,21.64,1110.98
opendata_fire_dispatches_2012_2018_6uza-cd7z.csv,5532535,50000,8,lz4 -9,612425,9.0338,68.75,655.11
opendata_fire_dispatches_2012_2018_6uza-cd7z.csv,5532535,50000,8,polypress,249522,22.1725,3.35,176.93
opendata_fire_dispatches_2012_2018_6uza-cd7z.csv,5532535,50000,8,polypress+brotli,252374,21.922,,
opendata_fire_dispatches_2012_2018_6uza-cd7z.csv,5532535,50000,8,polypress+zstd,280513,19.7229,,
opendata_fire_dispatches_2012_2018_6uza-cd7z.csv,5532535,50000,8,xz -9e,287452,19.2468,4.29,304.52
opendata_fire_dispatches_2012_2018_6uza-cd7z.csv,5532535,50000,8,zstd -19,308711,17.9214,4.19,811.82
opendata_fire_dispatches_2012_2018_6uza-cd7z.csv,5532535,50000,8,zstd -22,308674,17.9236,3.81,872.54
opendata_fire_dispatches_2012_2018_6uza-cd7z.csv,5532535,50000,8,zstd -3,488716,11.3206,186.11,772.27
data_medallion_drivers_active_jb3k-j3gp.csv,5635382,50000,6,brotli -q11,651903,8.6445,1.06,448.1
data_medallion_drivers_active_jb3k-j3gp.csv,5635382,50000,6,bzip2 -9,561960,10.0281,14.74,76.99
data_medallion_drivers_active_jb3k-j3gp.csv,5635382,50000,6,feather+lz4,1449154,3.8887,4214.78,9045.73
data_medallion_drivers_active_jb3k-j3gp.csv,5635382,50000,6,feather+zstd,940890,5.9894,2721.22,6749.43
data_medallion_drivers_active_jb3k-j3gp.csv,5635382,50000,6,gzip -9,902425,6.2447,28.85,918.99
data_medallion_drivers_active_jb3k-j3gp.csv,5635382,50000,6,lz4 -9,1094119,5.1506,71.98,539.79
data_medallion_drivers_active_jb3k-j3gp.csv,5635382,50000,6,parquet+brotli,735621,7.6607,2.11,1223.23
data_medallion_drivers_active_jb3k-j3gp.csv,5635382,50000,6,parquet+gzip,840059,6.7083,91.93,1293.73
data_medallion_drivers_active_jb3k-j3gp.csv,5635382,50000,6,parquet+snappy,1181286,4.7705,651.72,195.04
data_medallion_drivers_active_jb3k-j3gp.csv,5635382,50000,6,parquet+zstd,767475,7.3428,33.6,2200.38
data_medallion_drivers_active_jb3k-j3gp.csv,5635382,50000,6,polypress,538612,10.4628,2.74,169.39
data_medallion_drivers_active_jb3k-j3gp.csv,5635382,50000,6,polypress+brotli,513868,10.9666,,
data_medallion_drivers_active_jb3k-j3gp.csv,5635382,50000,6,polypress+zstd,550196,10.2425,,
data_medallion_drivers_active_jb3k-j3gp.csv,5635382,50000,6,xz -9e,639132,8.8172,4.26,191.33
data_medallion_drivers_active_jb3k-j3gp.csv,5635382,50000,6,zstd -19,687995,8.191,4.5,681.76
data_medallion_drivers_active_jb3k-j3gp.csv,5635382,50000,6,zstd -22,687973,8.1913,4.06,691.55
data_medallion_drivers_active_jb3k-j3gp.csv,5635382,50000,6,zstd -3,859387,6.5574,169.19,667.06
data_provisional_covid_19_death_counts_by_wee_r8kw-7aab.csv,5955280,23220,17,brotli -q11,305974,19.4634,0.84,676.18
data_provisional_covid_19_death_counts_by_wee_r8kw-7aab.csv,5955280,23220,17,bzip2 -9,276457,21.5414,15.27,102.17
data_provisional_covid_19_death_counts_by_wee_r8kw-7aab.csv,5955280,23220,17,feather+lz4,823986,7.2274,5065.56,6107.15
data_provisional_covid_19_death_counts_by_wee_r8kw-7aab.csv,5955280,23220,17,feather+zstd,465626,12.7898,5133.22,6008.72
data_provisional_covid_19_death_counts_by_wee_r8kw-7aab.csv,5955280,23220,17,gzip -9,527619,11.2871,22.71,1157.2
data_provisional_covid_19_death_counts_by_wee_r8kw-7aab.csv,5955280,23220,17,lz4 -9,723172,8.2349,68.86,646.18
data_provisional_covid_19_death_counts_by_wee_r8kw-7aab.csv,5955280,23220,17,orc+snappy,371923,16.0121,737.06,2311.52
data_provisional_covid_19_death_counts_by_wee_r8kw-7aab.csv,5955280,23220,17,orc+zlib,216199,27.5454,485.9,1625.77
data_provisional_covid_19_death_counts_by_wee_r8kw-7aab.csv,5955280,23220,17,orc+zstd,191929,31.0286,689.91,2258.43
data_provisional_covid_19_death_counts_by_wee_r8kw-7aab.csv,5955280,23220,17,parquet+brotli,214662,27.7426,11.55,4324.49
data_provisional_covid_19_death_counts_by_wee_r8kw-7aab.csv,5955280,23220,17,parquet+gzip,222563,26.7577,428.25,5217.93
data_provisional_covid_19_death_counts_by_wee_r8kw-7aab.csv,5955280,23220,17,parquet+snappy,286344,20.7976,1115.25,214.37
data_provisional_covid_19_death_counts_by_wee_r8kw-7aab.csv,5955280,23220,17,parquet+zstd,214100,27.8154,74.52,5540.87
data_provisional_covid_19_death_counts_by_wee_r8kw-7aab.csv,5955280,23220,17,polypress,141207,42.1741,1.43,220.02
data_provisional_covid_19_death_counts_by_wee_r8kw-7aab.csv,5955280,23220,17,polypress+brotli,142557,41.7747,,
data_provisional_covid_19_death_counts_by_wee_r8kw-7aab.csv,5955280,23220,17,polypress+zstd,159159,37.4172,,
data_provisional_covid_19_death_counts_by_wee_r8kw-7aab.csv,5955280,23220,17,xz -9e,286736,20.7692,1.49,312.65
data_provisional_covid_19_death_counts_by_wee_r8kw-7aab.csv,5955280,23220,17,zstd -19,322771,18.4505,2.38,871.17
data_provisional_covid_19_death_counts_by_wee_r8kw-7aab.csv,5955280,23220,17,zstd -22,316818,18.7972,1.37,881.32
data_provisional_covid_19_death_counts_by_wee_r8kw-7aab.csv,5955280,23220,17,zstd -3,481940,12.3569,184.17,873.21
data_for_hire_vehicles_fhv_active_drivers_xjfq-wh2d.csv,6036014,50000,7,brotli -q11,656549,9.1935,1.06,495.56
data_for_hire_vehicles_fhv_active_drivers_xjfq-wh2d.csv,6036014,50000,7,bzip2 -9,563990,10.7023,14.68,86.42
data_for_hire_vehicles_fhv_active_drivers_xjfq-wh2d.csv,6036014,50000,7,feather+lz4,1655682,3.6456,4484.04,10249.75
data_for_hire_vehicles_fhv_active_drivers_xjfq-wh2d.csv,6036014,50000,7,feather+zstd,1064802,5.6687,2881.17,7630.16
data_for_hire_vehicles_fhv_active_drivers_xjfq-wh2d.csv,6036014,50000,7,gzip -9,910167,6.6318,30.53,1050.27
data_for_hire_vehicles_fhv_active_drivers_xjfq-wh2d.csv,6036014,50000,7,lz4 -9,1104327,5.4658,85.53,555.96
data_for_hire_vehicles_fhv_active_drivers_xjfq-wh2d.csv,6036014,50000,7,parquet+brotli,736245,8.1984,2.32,1279.15
data_for_hire_vehicles_fhv_active_drivers_xjfq-wh2d.csv,6036014,50000,7,parquet+gzip,840689,7.1798,98.74,1393.03
data_for_hire_vehicles_fhv_active_drivers_xjfq-wh2d.csv,6036014,50000,7,parquet+snappy,1181655,5.1081,662.36,207.12
data_for_hire_vehicles_fhv_active_drivers_xjfq-wh2d.csv,6036014,50000,7,parquet+zstd,769450,7.8446,35.8,2402.89
data_for_hire_vehicles_fhv_active_drivers_xjfq-wh2d.csv,6036014,50000,7,polypress,539082,11.1968,2.83,173.88
data_for_hire_vehicles_fhv_active_drivers_xjfq-wh2d.csv,6036014,50000,7,polypress+brotli,514227,11.738,,
data_for_hire_vehicles_fhv_active_drivers_xjfq-wh2d.csv,6036014,50000,7,polypress+zstd,550573,10.9631,,
data_for_hire_vehicles_fhv_active_drivers_xjfq-wh2d.csv,6036014,50000,7,xz -9e,641048,9.4159,4.33,203.52
data_for_hire_vehicles_fhv_active_drivers_xjfq-wh2d.csv,6036014,50000,7,zstd -19,691130,8.7335,4.44,723.59
data_for_hire_vehicles_fhv_active_drivers_xjfq-wh2d.csv,6036014,50000,7,zstd -22,691076,8.7342,4.04,725.31
data_for_hire_vehicles_fhv_active_drivers_xjfq-wh2d.csv,6036014,50000,7,zstd -3,862144,7.0012,173.95,715.41
data_commissioned_nys_notaries_public_rwbv-mz6z.csv,6242578,50000,13,brotli -q11,908225,6.8734,1.05,401.33
data_commissioned_nys_notaries_public_rwbv-mz6z.csv,6242578,50000,13,bzip2 -9,828609,7.5338,19.52,80.13
data_commissioned_nys_notaries_public_rwbv-mz6z.csv,6242578,50000,13,feather+lz4,2767434,2.2557,3640.1,7120.82
data_commissioned_nys_notaries_public_rwbv-mz6z.csv,6242578,50000,13,feather+zstd,1752594,3.5619,2750.05,6066.56
data_commissioned_nys_notaries_public_rwbv-mz6z.csv,6242578,50000,13,gzip -9,1453917,4.2936,22.83,784.33
data_commissioned_nys_notaries_public_rwbv-mz6z.csv,6242578,50000,13,lz4 -9,1647273,3.7896,63.5,463.86
data_commissioned_nys_notaries_public_rwbv-mz6z.csv,6242578,50000,13,orc+snappy,1776489,3.514,347.6,1016.71
data_commissioned_nys_notaries_public_rwbv-mz6z.csv,6242578,50000,13,orc+zlib,1233402,5.0613,174.75,563.82
data_commissioned_nys_notaries_public_rwbv-mz6z.csv,6242578,50000,13,orc+zstd,1267667,4.9245,314.68,887.87
data_commissioned_nys_notaries_public_rwbv-mz6z.csv,6242578,50000,13,parquet+brotli,1081054,5.7745,1.66,1315.35
data_commissioned_nys_notaries_public_rwbv-mz6z.csv,6242578,50000,13,parquet+gzip,1271511,4.9096,61.01,1338.75
data_commissioned_nys_notaries_public_rwbv-mz6z.csv,6242578,50000,13,parquet+snappy,1830882,3.4096,404.78,215.24
data_commissioned_nys_notaries_public_rwbv-mz6z.csv,6242578,50000,13,parquet+zstd,1152261,5.4177,17.81,2464.54
data_commissioned_nys_notaries_public_rwbv-mz6z.csv,6242578,50000,13,polypress,683348,9.1353,2.24,97.74
data_commissioned_nys_notaries_public_rwbv-mz6z.csv,6242578,50000,13,polypress+brotli,699194,8.9282,,
data_commissioned_nys_notaries_public_rwbv-mz6z.csv,6242578,50000,13,polypress+zstd,753253,8.2875,,
data_commissioned_nys_notaries_public_rwbv-mz6z.csv,6242578,50000,13,xz -9e,899140,6.9428,4.11,172.57
data_commissioned_nys_notaries_public_rwbv-mz6z.csv,6242578,50000,13,zstd -19,954273,6.5417,4.39,652.66
data_commissioned_nys_notaries_public_rwbv-mz6z.csv,6242578,50000,13,zstd -22,954190,6.5423,4.0,648.44
data_commissioned_nys_notaries_public_rwbv-mz6z.csv,6242578,50000,13,zstd -3,1298121,4.8089,156.94,568.95
data_covid_19_tests_cases_and_deaths_by_town_28fr-iqnx.csv,6319313,50000,16,brotli -q11,650945,9.7079,1.01,418.13
data_covid_19_tests_cases_and_deaths_by_town_28fr-iqnx.csv,6319313,50000,16,bzip2 -9,1152446,5.4834,22.42,74.94
data_covid_19_tests_cases_and_deaths_by_town_28fr-iqnx.csv,6319313,50000,16,feather+lz4,1956762,3.2295,3560.12,5911.04
data_covid_19_tests_cases_and_deaths_by_town_28fr-iqnx.csv,6319313,50000,16,feather+zstd,1052362,6.0049,3629.35,5632.2
data_covid_19_tests_cases_and_deaths_by_town_28fr-iqnx.csv,6319313,50000,16,gzip -9,1351297,4.6765,4.14,813.81
data_covid_19_tests_cases_and_deaths_by_town_28fr-iqnx.csv,6319313,50000,16,lz4 -9,1718121,3.678,38.52,436.75
data_covid_19_tests_cases_and_deaths_by_town_28fr-iqnx.csv,6319313,50000,16,orc+snappy,1116951,5.6576,369.42,1963.2
data_covid_19_tests_cases_and_deaths_by_town_28fr-iqnx.csv,6319313,50000,16,orc+zlib,940488,6.7192,184.79,916.75
data_covid_19_tests_cases_and_deaths_by_town_28fr-iqnx.csv,6319313,50000,16,orc+zstd,948792,6.6604,346.4,1690.16
data_covid_19_tests_cases_and_deaths_by_town_28fr-iqnx.csv,6319313,50000,16,parquet+brotli,1332229,4.7434,1.25,1579.1
data_covid_19_tests_cases_and_deaths_by_town_28fr-iqnx.csv,6319313,50000,16,parquet+gzip,1441665,4.3833,61.63,3321.03
data_covid_19_tests_cases_and_deaths_by_town_28fr-iqnx.csv,6319313,50000,16,parquet+snappy,1801939,3.507,490.06,223.0
data_covid_19_tests_cases_and_deaths_by_town_28fr-iqnx.csv,6319313,50000,16,parquet+zstd,1312157,4.816,18.17,4754.28
data_covid_19_tests_cases_and_deaths_by_town_28fr-iqnx.csv,6319313,50000,16,polypress,546470,11.5639,2.09,107.48
data_covid_19_tests_cases_and_deaths_by_town_28fr-iqnx.csv,6319313,50000,16,polypress+brotli,622417,10.1529,,
data_covid_19_tests_cases_and_deaths_by_town_28fr-iqnx.csv,6319313,50000,16,polypress+zstd,730346,8.6525,,
data_covid_19_tests_cases_and_deaths_by_town_28fr-iqnx.csv,6319313,50000,16,xz -9e,615376,10.269,2.14,152.07
data_covid_19_tests_cases_and_deaths_by_town_28fr-iqnx.csv,6319313,50000,16,zstd -19,716639,8.818,2.81,717.63
data_covid_19_tests_cases_and_deaths_by_town_28fr-iqnx.csv,6319313,50000,16,zstd -22,716601,8.8185,2.19,716.39
data_covid_19_tests_cases_and_deaths_by_town_28fr-iqnx.csv,6319313,50000,16,zstd -3,1466095,4.3103,143.78,539.65
data_health_care_provider_credential_data_qxh8-f4bd.csv,7007455,50000,12,brotli -q11,1045846,6.7003,1.03,406.6
data_health_care_provider_credential_data_qxh8-f4bd.csv,7007455,50000,12,bzip2 -9,905294,7.7405,19.59,80.43
data_health_care_provider_credential_data_qxh8-f4bd.csv,7007455,50000,12,feather+lz4,4006690,1.7489,3117.46,5049.2
data_health_care_provider_credential_data_qxh8-f4bd.csv,7007455,50000,12,feather+zstd,2395226,2.9256,2611.64,5130.28
data_health_care_provider_credential_data_qxh8-f4bd.csv,7007455,50000,12,gzip -9,1485526,4.7172,11.61,863.31
data_health_care_provider_credential_data_qxh8-f4bd.csv,7007455,50000,12,lz4 -9,1693599,4.1376,45.24,499.65
data_health_care_provider_credential_data_qxh8-f4bd.csv,7007455,50000,12,orc+snappy,2052444,3.4142,367.77,905.72
data_health_care_provider_credential_data_qxh8-f4bd.csv,7007455,50000,12,orc+zlib,1440622,4.8642,162.09,481.22
data_health_care_provider_credential_data_qxh8-f4bd.csv,7007455,50000,12,orc+zstd,1380075,5.0776,312.48,741.46
data_health_care_provider_credential_data_qxh8-f4bd.csv,7007455,50000,12,parquet+brotli,1063892,6.5866,2.01,2317.93
data_health_care_provider_credential_data_qxh8-f4bd.csv,7007455,50000,12,parquet+gzip,1159359,6.0442,86.72,2159.39
data_health_care_provider_credential_data_qxh8-f4bd.csv,7007455,50000,12,parquet+snappy,1566199,4.4742,439.77,245.85
data_health_care_provider_credential_data_qxh8-f4bd.csv,7007455,50000,12,parquet+zstd,1092487,6.4142,17.77,3238.36
data_health_care_provider_credential_data_qxh8-f4bd.csv,7007455,50000,12,polypress,759752,9.2233,2.16,107.14
data_health_care_provider_credential_data_qxh8-f4bd.csv,7007455,50000,12,polypress+brotli,769741,9.1037,,
data_health_care_provider_credential_data_qxh8-f4bd.csv,7007455,50000,12,polypress+zstd,824059,8.5036,,
data_health_care_provider_credential_data_qxh8-f4bd.csv,7007455,50000,12,xz -9e,1024920,6.8371,3.49,171.13
data_health_care_provider_credential_data_qxh8-f4bd.csv,7007455,50000,12,zstd -19,1083206,6.4692,4.2,671.8
data_health_care_provider_credential_data_qxh8-f4bd.csv,7007455,50000,12,zstd -22,1083150,6.4695,3.64,663.9
data_health_care_provider_credential_data_qxh8-f4bd.csv,7007455,50000,12,zstd -3,1570809,4.461,153.5,567.37
data_united_states_covid_19_community_levels_3nnm-4jni.csv,7271480,50000,12,brotli -q11,419271,17.3432,0.96,626.58
data_united_states_covid_19_community_levels_3nnm-4jni.csv,7271480,50000,12,bzip2 -9,802142,9.0651,22.0,88.32
data_united_states_covid_19_community_levels_3nnm-4jni.csv,7271480,50000,12,feather+lz4,2281706,3.1869,3712.12,7521.28
data_united_states_covid_19_community_levels_3nnm-4jni.csv,7271480,50000,12,feather+zstd,1426506,5.0974,3536.91,6563.12
data_united_states_covid_19_community_levels_3nnm-4jni.csv,7271480,50000,12,gzip -9,1379739,5.2702,16.32,899.59
data_united_states_covid_19_community_levels_3nnm-4jni.csv,7271480,50000,12,lz4 -9,1675384,4.3402,73.7,506.38
data_united_states_covid_19_community_levels_3nnm-4jni.csv,7271480,50000,12,orc+snappy,1565370,4.6452,490.66,1513.59
data_united_states_covid_19_community_levels_3nnm-4jni.csv,7271480,50000,12,orc+zlib,1122142,6.48,226.77,700.86
data_united_states_covid_19_community_levels_3nnm-4jni.csv,7271480,50000,12,orc+zstd,1079690,6.7348,408.23,1137.21
data_united_states_covid_19_community_levels_3nnm-4jni.csv,7271480,50000,12,parquet+brotli,513207,14.1687,4.77,3522.61
data_united_states_covid_19_community_levels_3nnm-4jni.csv,7271480,50000,12,parquet+gzip,550940,13.1983,255.01,4522.36
data_united_states_covid_19_community_levels_3nnm-4jni.csv,7271480,50000,12,parquet+snappy,778947,9.335,874.39,261.82
data_united_states_covid_19_community_levels_3nnm-4jni.csv,7271480,50000,12,parquet+zstd,534089,13.6147,72.03,4761.72
data_united_states_covid_19_community_levels_3nnm-4jni.csv,7271480,50000,12,polypress,246392,29.5118,3.23,183.27
data_united_states_covid_19_community_levels_3nnm-4jni.csv,7271480,50000,12,polypress+brotli,246638,29.4824,,
data_united_states_covid_19_community_levels_3nnm-4jni.csv,7271480,50000,12,polypress+zstd,269525,26.9789,,
data_united_states_covid_19_community_levels_3nnm-4jni.csv,7271480,50000,12,xz -9e,422668,17.2038,3.8,301.85
data_united_states_covid_19_community_levels_3nnm-4jni.csv,7271480,50000,12,zstd -19,455375,15.9681,3.96,923.14
data_united_states_covid_19_community_levels_3nnm-4jni.csv,7271480,50000,12,zstd -22,458498,15.8593,3.5,916.98
data_united_states_covid_19_community_levels_3nnm-4jni.csv,7271480,50000,12,zstd -3,676507,10.7486,182.93,868.54
data_solicitor_product_list_with_assigned_who_gfq7-aa86.csv,7658704,50000,8,brotli -q11,394908,19.3936,0.88,711.44
data_solicitor_product_list_with_assigned_who_gfq7-aa86.csv,7658704,50000,8,bzip2 -9,506500,15.1208,19.91,128.07
data_solicitor_product_list_with_assigned_who_gfq7-aa86.csv,7658704,50000,8,feather+lz4,2072458,3.6955,3159.22,7444.48
data_solicitor_product_list_with_assigned_who_gfq7-aa86.csv,7658704,50000,8,feather+zstd,1322162,5.7926,2639.3,6226.58
data_solicitor_product_list_with_assigned_who_gfq7-aa86.csv,7658704,50000,8,gzip -9,635127,12.0585,49.06,1427.31
data_solicitor_product_list_with_assigned_who_gfq7-aa86.csv,7658704,50000,8,lz4 -9,776727,9.8602,116.52,760.09
data_solicitor_product_list_with_assigned_who_gfq7-aa86.csv,7658704,50000,8,orc+snappy,1042142,7.349,722.45,1643.12
data_solicitor_product_list_with_assigned_who_gfq7-aa86.csv,7658704,50000,8,orc+zlib,677198,11.3094,378.73,906.45
data_solicitor_product_list_with_assigned_who_gfq7-aa86.csv,7658704,50000,8,orc+zstd,586166,13.0658,619.19,1445.35
data_solicitor_product_list_with_assigned_who_gfq7-aa86.csv,7658704,50000,8,parquet+brotli,451250,16.9722,5.2,2341.49
data_solicitor_product_list_with_assigned_who_gfq7-aa86.csv,7658704,50000,8,parquet+gzip,563819,13.5836,168.35,2094.2
data_solicitor_product_list_with_assigned_who_gfq7-aa86.csv,7658704,50000,8,parquet+snappy,847121,9.0409,854.86,269.51
data_solicitor_product_list_with_assigned_who_gfq7-aa86.csv,7658704,50000,8,parquet+zstd,477973,16.0233,40.67,3531.16
data_solicitor_product_list_with_assigned_who_gfq7-aa86.csv,7658704,50000,8,polypress,303139,25.2647,3.31,205.18
data_solicitor_product_list_with_assigned_who_gfq7-aa86.csv,7658704,50000,8,polypress+brotli,307279,24.9243,,
data_solicitor_product_list_with_assigned_who_gfq7-aa86.csv,7658704,50000,8,polypress+zstd,334212,22.9157,,
data_solicitor_product_list_with_assigned_who_gfq7-aa86.csv,7658704,50000,8,xz -9e,380748,20.1149,4.26,330.34
data_solicitor_product_list_with_assigned_who_gfq7-aa86.csv,7658704,50000,8,zstd -19,426363,17.9629,3.78,951.14
data_solicitor_product_list_with_assigned_who_gfq7-aa86.csv,7658704,50000,8,zstd -22,426355,17.9632,3.52,965.7
data_solicitor_product_list_with_assigned_who_gfq7-aa86.csv,7658704,50000,8,zstd -3,557170,13.7457,189.88,957.21
data_film_permits_tg4x-b46p.csv,7790331,18310,14,brotli -q11,472468,16.4886,1.05,659.13
data_film_permits_tg4x-b46p.csv,7790331,18310,14,bzip2 -9,480301,16.2197,18.08,103.44
data_film_permits_tg4x-b46p.csv,7790331,18310,14,feather+lz4,2213122,3.5201,2031.78,5376.83
data_film_permits_tg4x-b46p.csv,7790331,18310,14,feather+zstd,1394466,5.5866,1793.36,3311.88
data_film_permits_tg4x-b46p.csv,7790331,18310,14,gzip -9,868698,8.9678,44.52,1231.49
data_film_permits_tg4x-b46p.csv,7790331,18310,14,lz4 -9,984461,7.9133,97.26,682.71
data_film_permits_tg4x-b46p.csv,7790331,18310,14,orc+snappy,1373687,5.6711,696.41,1851.38
data_film_permits_tg4x-b46p.csv,7790331,18310,14,orc+zlib,950967,8.192,294.32,817.18
data_film_permits_tg4x-b46p.csv,7790331,18310,14,orc+zstd,959273,8.1211,555.27,1356.03
data_film_permits_tg4x-b46p.csv,7790331,18310,14,parquet+brotli,644850,12.0808,2.08,2214.5
data_film_permits_tg4x-b46p.csv,7790331,18310,14,parquet+gzip,862430,9.033,118.58,1782.21
data_film_permits_tg4x-b46p.csv,7790331,18310,14,parquet+snappy,1350853,5.767,824.71,272.2
data_film_permits_tg4x-b46p.csv,7790331,18310,14,parquet+zstd,678986,11.4735,10.76,3170.79
data_film_permits_tg4x-b46p.csv,7790331,18310,14,polypress,319769,24.3624,1.54,263.04
data_film_permits_tg4x-b46p.csv,7790331,18310,14,polypress+brotli,343679,22.6675,,
data_film_permits_tg4x-b46p.csv,7790331,18310,14,polypress+zstd,367443,21.2015,,
data_film_permits_tg4x-b46p.csv,7790331,18310,14,xz -9e,448920,17.3535,4.28,294.92
data_film_permits_tg4x-b46p.csv,7790331,18310,14,zstd -19,487588,15.9773,4.32,934.8
data_film_permits_tg4x-b46p.csv,7790331,18310,14,zstd -22,485547,16.0444,3.28,947.05
data_film_permits_tg4x-b46p.csv,7790331,18310,14,zstd -3,900717,8.649,177.54,787.31
data_missouri_active_alcohol_license_data_yyhn-562y.csv,7827018,36264,16,brotli -q11,673455,11.6222,1.09,552.32
data_missouri_active_alcohol_license_data_yyhn-562y.csv,7827018,36264,16,bzip2 -9,873693,8.9585,20.11,100.44
data_missouri_active_alcohol_license_data_yyhn-562y.csv,7827018,36264,16,feather+lz4,3270178,2.3935,4198.61,5898.11
data_missouri_active_alcohol_license_data_yyhn-562y.csv,7827018,36264,16,feather+zstd,1984834,3.9434,3301.05,6129.37
data_missouri_active_alcohol_license_data_yyhn-562y.csv,7827018,36264,16,gzip -9,996917,7.8512,32.81,1090.73
data_missouri_active_alcohol_license_data_yyhn-562y.csv,7827018,36264,16,lz4 -9,1196070,6.5439,92.05,632.33
data_missouri_active_alcohol_license_data_yyhn-562y.csv,7827018,36264,16,orc+snappy,1610978,4.8586,445.52,1006.31
data_missouri_active_alcohol_license_data_yyhn-562y.csv,7827018,36264,16,orc+zlib,1103716,7.0915,227.97,589.75
data_missouri_active_alcohol_license_data_yyhn-562y.csv,7827018,36264,16,orc+zstd,1035542,7.5584,381.27,896.38
data_missouri_active_alcohol_license_data_yyhn-562y.csv,7827018,36264,16,parquet+brotli,923917,8.4716,3.04,2826.67
data_missouri_active_alcohol_license_data_yyhn-562y.csv,7827018,36264,16,parquet+gzip,1045453,7.4867,92.57,3460.04
data_missouri_active_alcohol_license_data_yyhn-562y.csv,7827018,36264,16,parquet+snappy,1476636,5.3006,510.7,274.9
data_missouri_active_alcohol_license_data_yyhn-562y.csv,7827018,36264,16,parquet+zstd,971205,8.0591,29.87,4202.91
data_missouri_active_alcohol_license_data_yyhn-562y.csv,7827018,36264,16,polypress,545969,14.336,2.26,150.17
data_missouri_active_alcohol_license_data_yyhn-562y.csv,7827018,36264,16,polypress+brotli,547022,14.3084,,
data_missouri_active_alcohol_license_data_yyhn-562y.csv,7827018,36264,16,polypress+zstd,616757,12.6906,,
data_missouri_active_alcohol_license_data_yyhn-562y.csv,7827018,36264,16,xz -9e,675024,11.5952,4.5,238.08
data_missouri_active_alcohol_license_data_yyhn-562y.csv,7827018,36264,16,zstd -19,713958,10.9629,4.2,847.2
data_missouri_active_alcohol_license_data_yyhn-562y.csv,7827018,36264,16,zstd -22,713576,10.9687,3.75,851.59
data_missouri_active_alcohol_license_data_yyhn-562y.csv,7827018,36264,16,zstd -3,994181,7.8728,173.46,771.28
data_adult_jail_booking_jul_1_2025_to_jun_30_j56h-zgnm.csv,8158074,40631,13,brotli -q11,656517,12.4263,1.07,582.06
data_adult_jail_booking_jul_1_2025_to_jun_30_j56h-zgnm.csv,8158074,40631,13,bzip2 -9,736303,11.0798,18.74,96.63
data_adult_jail_booking_jul_1_2025_to_jun_30_j56h-zgnm.csv,8158074,40631,13,feather+lz4,2911306,2.8022,4304.62,6227.01
data_adult_jail_booking_jul_1_2025_to_jun_30_j56h-zgnm.csv,8158074,40631,13,feather+zstd,1837362,4.4401,3510.56,6280.73
data_adult_jail_booking_jul_1_2025_to_jun_30_j56h-zgnm.csv,8158074,40631,13,gzip -9,1071673,7.6125,37.36,1160.82
data_adult_jail_booking_jul_1_2025_to_jun_30_j56h-zgnm.csv,8158074,40631,13,lz4 -9,1190292,6.8538,93.77,641.87
data_adult_jail_booking_jul_1_2025_to_jun_30_j56h-zgnm.csv,8158074,40631,13,orc+snappy,1494596,5.4584,491.19,1138.61
data_adult_jail_booking_jul_1_2025_to_jun_30_j56h-zgnm.csv,8158074,40631,13,orc+zlib,1042442,7.8259,250.21,646.73
data_adult_jail_booking_jul_1_2025_to_jun_30_j56h-zgnm.csv,8158074,40631,13,orc+zstd,986644,8.2685,418.62,964.55
data_adult_jail_booking_jul_1_2025_to_jun_30_j56h-zgnm.csv,8158074,40631,13,parquet+brotli,806572,10.1145,3.21,3076.28
data_adult_jail_booking_jul_1_2025_to_jun_30_j56h-zgnm.csv,8158074,40631,13,parquet+gzip,933605,8.7383,143.12,3822.75
data_adult_jail_booking_jul_1_2025_to_jun_30_j56h-zgnm.csv,8158074,40631,13,parquet+snappy,1241053,6.5735,614.4,284.89
data_adult_jail_booking_jul_1_2025_to_jun_30_j56h-zgnm.csv,8158074,40631,13,parquet+zstd,854056,9.5522,55.32,4753.74
data_adult_jail_booking_jul_1_2025_to_jun_30_j56h-zgnm.csv,8158074,40631,13,polypress,443744,18.3846,2.8,168.39
data_adult_jail_booking_jul_1_2025_to_jun_30_j56h-zgnm.csv,8158074,40631,13,polypress+brotli,483899,16.859,,
data_adult_jail_booking_jul_1_2025_to_jun_30_j56h-zgnm.csv,8158074,40631,13,polypress+zstd,549135,14.8562,,
data_adult_jail_booking_jul_1_2025_to_jun_30_j56h-zgnm.csv,8158074,40631,13,xz -9e,638284,12.7813,3.98,245.83
data_adult_jail_booking_jul_1_2025_to_jun_30_j56h-zgnm.csv,8158074,40631,13,zstd -19,687621,11.8642,4.34,877.69
data_adult_jail_booking_jul_1_2025_to_jun_30_j56h-zgnm.csv,8158074,40631,13,zstd -22,687707,11.8627,3.3,875.89
data_adult_jail_booking_jul_1_2025_to_jun_30_j56h-zgnm.csv,8158074,40631,13,zstd -3,1017177,8.0203,172.72,789.04
datos_información_financiera_con_fines_de_supe_mxk5-ce6w.csv,8238644,50000,11,brotli -q11,337784,24.3903,0.99,769.81
datos_información_financiera_con_fines_de_supe_mxk5-ce6w.csv,8238644,50000,11,bzip2 -9,413027,19.947,18.9,128.37
datos_información_financiera_con_fines_de_supe_mxk5-ce6w.csv,8238644,50000,11,feather+lz4,1702562,4.839,4222.83,8204.03
datos_información_financiera_con_fines_de_supe_mxk5-ce6w.csv,8238644,50000,11,feather+zstd,1121394,7.3468,4139.86,6802.24
datos_información_financiera_con_fines_de_supe_mxk5-ce6w.csv,8238644,50000,11,gzip -9,613987,13.4183,42.06,1468.82
datos_información_financiera_con_fines_de_supe_mxk5-ce6w.csv,8238644,50000,11,lz4 -9,788406,10.4497,111.63,797.46
datos_información_financiera_con_fines_de_supe_mxk5-ce6w.csv,8238644,50000,11,orc+snappy,770557,10.6918,842.32,2047.36
datos_información_financiera_con_fines_de_supe_mxk5-ce6w.csv,8238644,50000,11,orc+zlib,515228,15.9903,470.78,1232.45
datos_información_financiera_con_fines_de_supe_mxk5-ce6w.csv,8238644,50000,11,orc+zstd,463537,17.7734,751.82,1823.6
datos_información_financiera_con_fines_de_supe_mxk5-ce6w.csv,8238644,50000,11,parquet+brotli,302112,27.2702,9.64,3687.48
datos_información_financiera_con_fines_de_supe_mxk5-ce6w.csv,8238644,50000,11,parquet+gzip,341914,24.0957,423.67,5162.91
datos_información_financiera_con_fines_de_supe_mxk5-ce6w.csv,8238644,50000,11,parquet+snappy,433568,19.002,1095.29,285.79
datos_información_financiera_con_fines_de_supe_mxk5-ce6w.csv,8238644,50000,11,parquet+zstd,316559,26.0256,160.84,5872.77
datos_información_financiera_con_fines_de_supe_mxk5-ce6w.csv,8238644,50000,11,polypress,197023,41.8156,2.39,299.5
datos_información_financiera_con_fines_de_supe_mxk5-ce6w.csv,8238644,50000,11,polypress+brotli,197207,41.7766,,
datos_información_financiera_con_fines_de_supe_mxk5-ce6w.csv,8238644,50000,11,polypress+zstd,237200,34.7329,,
datos_información_financiera_con_fines_de_supe_mxk5-ce6w.csv,8238644,50000,11,xz -9e,335148,24.5821,1.93,339.25
datos_información_financiera_con_fines_de_supe_mxk5-ce6w.csv,8238644,50000,11,zstd -19,366728,22.4653,3.29,1076.39
datos_información_financiera_con_fines_de_supe_mxk5-ce6w.csv,8238644,50000,11,zstd -22,366648,22.4702,1.84,1057.45
datos_información_financiera_con_fines_de_supe_mxk5-ce6w.csv,8238644,50000,11,zstd -3,584400,14.0976,195.93,1010.15
opendata_building_electrical_fire_grading_mechani_kvz2-j5cj.csv,8626863,50000,11,brotli -q11,363485,23.7338,0.94,798.47
opendata_building_electrical_fire_grading_mechani_kvz2-j5cj.csv,8626863,50000,11,bzip2 -9,313121,27.5512,16.77,119.03
opendata_building_electrical_fire_grading_mechani_kvz2-j5cj.csv,8626863,50000,11,feather+lz4,2319290,3.7196,5113.58,7468.25
opendata_building_electrical_fire_grading_mechani_kvz2-j5cj.csv,8626863,50000,11,feather+zstd,1329834,6.4872,4598.84,6858.17
opendata_building_electrical_fire_grading_mechani_kvz2-j5cj.csv,8626863,50000,11,gzip -9,492892,17.5025,37.83,1593.99
opendata_building_electrical_fire_grading_mechani_kvz2-j5cj.csv,8626863,50000,11,lz4 -9,657390,13.1229,98.07,850.34
opendata_building_electrical_fire_grading_mechani_kvz2-j5cj.csv,8626863,50000,11,orc+snappy,964024,8.9488,634.94,1597.65
opendata_building_electrical_fire_grading_mechani_kvz2-j5cj.csv,8626863,50000,11,orc+zlib,596124,14.4716,389.32,1022.14
opendata_building_electrical_fire_grading_mechani_kvz2-j5cj.csv,8626863,50000,11,orc+zstd,574037,15.0284,565.14,1317.06
opendata_building_electrical_fire_grading_mechani_kvz2-j5cj.csv,8626863,50000,11,parquet+brotli,291516,29.5931,5.12,3992.46
opendata_building_electrical_fire_grading_mechani_kvz2-j5cj.csv,8626863,50000,11,parquet+gzip,419532,20.5631,290.61,4800.17
opendata_building_electrical_fire_grading_mechani_kvz2-j5cj.csv,8626863,50000,11,parquet+snappy,547066,15.7693,895.28,300.98
opendata_building_electrical_fire_grading_mechani_kvz2-j5cj.csv,8626863,50000,11,parquet+zstd,342494,25.1884,33.2,5455.92
opendata_building_electrical_fire_grading_mechani_kvz2-j5cj.csv,8626863,50000,11,polypress,126521,68.1852,3.51,289.51
opendata_building_electrical_fire_grading_mechani_kvz2-j5cj.csv,8626863,50000,11,polypress+brotli,140840,61.2529,,
opendata_building_electrical_fire_grading_mechani_kvz2-j5cj.csv,8626863,50000,11,polypress+zstd,149082,57.8666,,
opendata_building_electrical_fire_grading_mechani_kvz2-j5cj.csv,8626863,50000,11,xz -9e,343756,25.0959,2.5,351.11
opendata_building_electrical_fire_grading_mechani_kvz2-j5cj.csv,8626863,50000,11,zstd -19,380631,22.6646,3.37,1069.92
opendata_building_electrical_fire_grading_mechani_kvz2-j5cj.csv,8626863,50000,11,zstd -22,380592,22.667,2.47,1074.05
opendata_building_electrical_fire_grading_mechani_kvz2-j5cj.csv,8626863,50000,11,zstd -3,643697,13.4021,199.0,973.67
data_civil_service_list_active_vx8i-nprf.csv,8713457,50000,20,brotli -q11,728040,11.9684,1.01,634.77
data_civil_service_list_active_vx8i-nprf.csv,8713457,50000,20,bzip2 -9,711872,12.2402,17.19,87.8
data_civil_service_list_active_vx8i-nprf.csv,8713457,50000,20,feather+lz4,2888258,3.0169,3596.07,5553.39
data_civil_service_list_active_vx8i-nprf.csv,8713457,50000,20,feather+zstd,1702298,5.1186,3440.35,5632.13
data_civil_service_list_active_vx8i-nprf.csv,8713457,50000,20,gzip -9,1326824,6.5672,19.9,1107.18
data_civil_service_list_active_vx8i-nprf.csv,8713457,50000,20,lz4 -9,1390525,6.2663,84.91,630.22
data_civil_service_list_active_vx8i-nprf.csv,8713457,50000,20,orc+snappy,1678036,5.1927,381.1,1156.69
data_civil_service_list_active_vx8i-nprf.csv,8713457,50000,20,orc+zlib,1175439,7.4129,215.17,671.88
data_civil_service_list_active_vx8i-nprf.csv,8713457,50000,20,orc+zstd,1173201,7.4271,344.64,995.5
data_civil_service_list_active_vx8i-nprf.csv,8713457,50000,20,parquet+brotli,806234,10.8076,3.9,2631.54
data_civil_service_list_active_vx8i-nprf.csv,8713457,50000,20,parquet+gzip,848283,10.2719,166.12,3356.62
data_civil_service_list_active_vx8i-nprf.csv,8713457,50000,20,parquet+snappy,1043913,8.3469,642.63,825.47
data_civil_service_list_active_vx8i-nprf.csv,8713457,50000,20,parquet+zstd,822507,10.5938,73.48,4367.46
data_civil_service_list_active_vx8i-nprf.csv,8713457,50000,20,polypress,568515,15.3267,2.33,114.49
data_civil_service_list_active_vx8i-nprf.csv,8713457,50000,20,polypress+brotli,558279,15.6077,,
data_civil_service_list_active_vx8i-nprf.csv,8713457,50000,20,polypress+zstd,603194,14.4455,,
data_civil_service_list_active_vx8i-nprf.csv,8713457,50000,20,xz -9e,718184,12.1326,3.95,261.64
data_civil_service_list_active_vx8i-nprf.csv,8713457,50000,20,zstd -19,754272,11.5521,3.53,891.3
data_civil_service_list_active_vx8i-nprf.csv,8713457,50000,20,zstd -22,754238,11.5527,3.27,903.71
data_civil_service_list_active_vx8i-nprf.csv,8713457,50000,20,zstd -3,1097817,7.9371,181.29,807.02
data_covid_19_case_surveillance_public_use_da_n8mc-b4w4.csv,8862088,50000,19,brotli -q11,183360,48.3316,1.52,1065.17
data_covid_19_case_surveillance_public_use_da_n8mc-b4w4.csv,8862088,50000,19,bzip2 -9,272008,32.5802,12.36,92.29
data_covid_19_case_surveillance_public_use_da_n8mc-b4w4.csv,8862088,50000,19,feather+lz4,4171130,2.1246,4081.96,4591.76
data_covid_19_case_surveillance_public_use_da_n8mc-b4w4.csv,8862088,50000,19,feather+zstd,2443138,3.6273,3609.82,5744.13
data_covid_19_case_surveillance_public_use_da_n8mc-b4w4.csv,8862088,50000,19,gzip -9,919965,9.6331,21.7,1348.85
data_covid_19_case_surveillance_public_use_da_n8mc-b4w4.csv,8862088,50000,19,lz4 -9,1030232,8.602,67.7,734.65
data_covid_19_case_surveillance_public_use_da_n8mc-b4w4.csv,8862088,50000,19,orc+snappy,1236708,7.1659,379.84,895.41
data_covid_19_case_surveillance_public_use_da_n8mc-b4w4.csv,8862088,50000,19,orc+zlib,729474,12.1486,249.63,644.9
data_covid_19_case_surveillance_public_use_da_n8mc-b4w4.csv,8862088,50000,19,orc+zstd,738493,12.0002,333.72,749.75
data_covid_19_case_surveillance_public_use_da_n8mc-b4w4.csv,8862088,50000,19,parquet+brotli,311968,28.407,16.48,3882.01
data_covid_19_case_surveillance_public_use_da_n8mc-b4w4.csv,8862088,50000,19,parquet+gzip,329719,26.8777,335.01,4570.87
data_covid_19_case_surveillance_public_use_da_n8mc-b4w4.csv,8862088,50000,19,parquet+snappy,438218,20.223,600.5,310.99
data_covid_19_case_surveillance_public_use_da_n8mc-b4w4.csv,8862088,50000,19,parquet+zstd,318473,27.8268,209.74,5018.27
data_covid_19_case_surveillance_public_use_da_n8mc-b4w4.csv,8862088,50000,19,polypress,79587,111.3509,3.85,137.6
data_covid_19_case_surveillance_public_use_da_n8mc-b4w4.csv,8862088,50000,19,polypress+brotli,80472,110.1264,,
data_covid_19_case_surveillance_public_use_da_n8mc-b4w4.csv,8862088,50000,19,polypress+zstd,87301,101.5119,,
data_covid_19_case_surveillance_public_use_da_n8mc-b4w4.csv,8862088,50000,19,xz -9e,166416,53.2526,5.4,531.76
data_covid_19_case_surveillance_public_use_da_n8mc-b4w4.csv,8862088,50000,19,zstd -19,179816,49.2842,5.55,1230.56
data_covid_19_case_surveillance_public_use_da_n8mc-b4w4.csv,8862088,50000,19,zstd -22,170801,51.8855,1.93,1224.36
data_covid_19_case_surveillance_public_use_da_n8mc-b4w4.csv,8862088,50000,19,zstd -3,578818,15.3107,207.21,1051.26
data_covid_19_case_surveillance_public_use_da_vbim-akqf.csv,9183360,50000,12,brotli -q11,310587,29.5678,0.81,877.78
data_covid_19_case_surveillance_public_use_da_vbim-akqf.csv,9183360,50000,12,bzip2 -9,251134,36.5676,10.81,106.88
data_covid_19_case_surveillance_public_use_da_vbim-akqf.csv,9183360,50000,12,feather+lz4,2540058,3.6154,5689.48,7932.0
data_covid_19_case_surveillance_public_use_da_vbim-akqf.csv,9183360,50000,12,feather+zstd,1627810,5.6415,5545.32,8388.02
data_covid_19_case_surveillance_public_use_da_vbim-akqf.csv,9183360,50000,12,gzip -9,467162,19.6578,44.18,1751.92
data_covid_19_case_surveillance_public_use_da_vbim-akqf.csv,9183360,50000,12,lz4 -9,609163,15.0754,86.14,904.49
data_covid_19_case_surveillance_public_use_da_vbim-akqf.csv,9183360,50000,12,orc+snappy,816161,11.2519,556.94,1471.94
data_covid_19_case_surveillance_public_use_da_vbim-akqf.csv,9183360,50000,12,orc+zlib,500362,18.3534,382.4,1098.37
data_covid_19_case_surveillance_public_use_da_vbim-akqf.csv,9183360,50000,12,orc+zstd,575640,15.9533,514.85,1337.52
data_covid_19_case_surveillance_public_use_da_vbim-akqf.csv,9183360,50000,12,parquet+brotli,284094,32.3251,12.93,5348.21
data_covid_19_case_surveillance_public_use_da_vbim-akqf.csv,9183360,50000,12,parquet+gzip,290558,31.6059,582.92,6709.25
data_covid_19_case_surveillance_public_use_da_vbim-akqf.csv,9183360,50000,12,parquet+snappy,314345,29.2143,949.67,324.58
data_covid_19_case_surveillance_public_use_da_vbim-akqf.csv,9183360,50000,12,parquet+zstd,283715,32.3683,466.78,7219.83
data_covid_19_case_surveillance_public_use_da_vbim-akqf.csv,9183360,50000,12,polypress,172549,53.2218,3.01,273.08
data_covid_19_case_surveillance_public_use_da_vbim-akqf.csv,9183360,50000,12,polypress+brotli,176943,51.9001,,
data_covid_19_case_surveillance_public_use_da_vbim-akqf.csv,9183360,50000,12,polypress+zstd,196728,46.6805,,
data_covid_19_case_surveillance_public_use_da_vbim-akqf.csv,9183360,50000,12,xz -9e,284556,32.2726,3.57,430.1
data_covid_19_case_surveillance_public_use_da_vbim-akqf.csv,9183360,50000,12,zstd -19,316212,29.0418,3.48,1186.81
data_covid_19_case_surveillance_public_use_da_vbim-akqf.csv,9183360,50000,12,zstd -22,313336,29.3083,2.81,1182.76
data_covid_19_case_surveillance_public_use_da_vbim-akqf.csv,9183360,50000,12,zstd -3,686904,13.3692,211.6,988.98
datos_beneficiarios_más_familias_en_acción_xfif-myr2.csv,9700043,50000,22,brotli -q11,284098,34.1433,1.65,889.58
datos_beneficiarios_más_familias_en_acción_xfif-myr2.csv,9700043,50000,22,bzip2 -9,279324,34.7269,12.21,110.31
datos_beneficiarios_más_familias_en_acción_xfif-myr2.csv,9700043,50000,22,feather+lz4,4628722,2.0956,3746.66,4852.11
datos_beneficiarios_más_familias_en_acción_xfif-myr2.csv,9700043,50000,22,feather+zstd,2668922,3.6344,3398.91,5170.94
datos_beneficiarios_más_familias_en_acción_xfif-myr2.csv,9700043,50000,22,gzip -9,598986,16.1941,32.47,1665.03
datos_beneficiarios_más_familias_en_acción_xfif-myr2.csv,9700043,50000,22,lz4 -9,649551,14.9335,106.94,914.74
datos_beneficiarios_más_familias_en_acción_xfif-myr2.csv,9700043,50000,22,orc+snappy,1135167,8.545,399.49,992.02
datos_beneficiarios_más_familias_en_acción_xfif-myr2.csv,9700043,50000,22,orc+zlib,700538,13.8466,263.22,730.53
datos_beneficiarios_más_familias_en_acción_xfif-myr2.csv,9700043,50000,22,orc+zstd,694747,13.962,365.76,880.3
datos_beneficiarios_más_familias_en_acción_xfif-myr2.csv,9700043,50000,22,parquet+brotli,300006,32.3328,15.45,4359.72
datos_beneficiarios_más_familias_en_acción_xfif-myr2.csv,9700043,50000,22,parquet+gzip,316256,30.6715,319.37,4785.34
datos_beneficiarios_más_familias_en_acción_xfif-myr2.csv,9700043,50000,22,parquet+snappy,402912,24.0748,620.44,342.22
datos_beneficiarios_más_familias_en_acción_xfif-myr2.csv,9700043,50000,22,parquet+zstd,308429,31.4498,211.33,5059.69
datos_beneficiarios_más_familias_en_acción_xfif-myr2.csv,9700043,50000,22,polypress,137597,70.496,4.3,164.84
datos_beneficiarios_más_familias_en_acción_xfif-myr2.csv,9700043,50000,22,polypress+brotli,136938,70.8353,,
datos_beneficiarios_más_familias_en_acción_xfif-myr2.csv,9700043,50000,22,polypress+zstd,152652,63.5435,,
datos_beneficiarios_más_familias_en_acción_xfif-myr2.csv,9700043,50000,22,xz -9e,271756,35.6939,5.6,451.83
datos_beneficiarios_más_familias_en_acción_xfif-myr2.csv,9700043,50000,22,zstd -19,287518,33.7372,5.89,1222.61
datos_beneficiarios_más_familias_en_acción_xfif-myr2.csv,9700043,50000,22,zstd -22,284180,34.1334,4.1,1266.65
datos_beneficiarios_más_familias_en_acción_xfif-myr2.csv,9700043,50000,22,zstd -3,667312,14.536,223.45,1043.26
data_citywide_payroll_data_fiscal_year_k397-673e.csv,10148400,50000,17,brotli -q11,940907,10.7858,1.04,564.04
data_citywide_payroll_data_fiscal_year_k397-673e.csv,10148400,50000,17,bzip2 -9,1029047,9.8619,16.58,80.87
data_citywide_payroll_data_fiscal_year_k397-673e.csv,10148400,50000,17,feather+lz4,3625146,2.7994,4095.2,6509.48
data_citywide_payroll_data_fiscal_year_k397-673e.csv,10148400,50000,17,feather+zstd,2414234,4.2036,3301.44,5974.1
data_citywide_payroll_data_fiscal_year_k397-673e.csv,10148400,50000,17,gzip -9,1665525,6.0932,21.02,1104.42
data_citywide_payroll_data_fiscal_year_k397-673e.csv,10148400,50000,17,lz4 -9,1911385,5.3094,87.33,607.31
data_citywide_payroll_data_fiscal_year_k397-673e.csv,10148400,50000,17,orc+snappy,2134797,4.7538,509.89,1479.56
data_citywide_payroll_data_fiscal_year_k397-673e.csv,10148400,50000,17,orc+zlib,1491475,6.8043,239.09,739.79
data_citywide_payroll_data_fiscal_year_k397-673e.csv,10148400,50000,17,orc+zstd,1532209,6.6234,439.78,1136.05
data_citywide_payroll_data_fiscal_year_k397-673e.csv,10148400,50000,17,parquet+brotli,1065390,9.5255,2.61,3159.32
data_citywide_payroll_data_fiscal_year_k397-673e.csv,10148400,50000,17,parquet+gzip,1194685,8.4946,121.39,4615.14
data_citywide_payroll_data_fiscal_year_k397-673e.csv,10148400,50000,17,parquet+snappy,1507129,6.7336,610.76,353.57
data_citywide_payroll_data_fiscal_year_k397-673e.csv,10148400,50000,17,parquet+zstd,1142643,8.8815,55.43,5653.54
data_citywide_payroll_data_fiscal_year_k397-673e.csv,10148400,50000,17,polypress,821466,12.354,2.96,144.63
data_citywide_payroll_data_fiscal_year_k397-673e.csv,10148400,50000,17,polypress+brotli,800874,12.6717,,
data_citywide_payroll_data_fiscal_year_k397-673e.csv,10148400,50000,17,polypress+zstd,893599,11.3568,,
data_citywide_payroll_data_fiscal_year_k397-673e.csv,10148400,50000,17,xz -9e,929424,10.919,3.71,239.64
data_citywide_payroll_data_fiscal_year_k397-673e.csv,10148400,50000,17,zstd -19,976162,10.3962,3.84,892.34
data_citywide_payroll_data_fiscal_year_k397-673e.csv,10148400,50000,17,zstd -22,975159,10.4069,3.32,920.49
data_citywide_payroll_data_fiscal_year_k397-673e.csv,10148400,50000,17,zstd -3,1568442,6.4704,196.89,733.2
data_nys_attorney_registrations_eqw2-r5nb.csv,11087272,50000,20,brotli -q11,1458567,7.6015,1.02,487.01
data_nys_attorney_registrations_eqw2-r5nb.csv,11087272,50000,20,bzip2 -9,1632883,6.79,19.13,71.89
data_nys_attorney_registrations_eqw2-r5nb.csv,11087272,50000,20,feather+lz4,5426586,2.0431,3077.25,4559.16
data_nys_attorney_registrations_eqw2-r5nb.csv,11087272,50000,20,feather+zstd,3215834,3.4477,2389.57,4910.6
data_nys_attorney_registrations_eqw2-r5nb.csv,11087272,50000,20,gzip -9,2651166,4.182,24.46,873.98
data_nys_attorney_registrations_eqw2-r5nb.csv,11087272,50000,20,lz4 -9,2866389,3.868,84.19,500.67
data_nys_attorney_registrations_eqw2-r5nb.csv,11087272,50000,20,orc+snappy,3166273,3.5017,356.19,935.7
data_nys_attorney_registrations_eqw2-r5nb.csv,11087272,50000,20,orc+zlib,2210640,5.0154,177.02,496.7
data_nys_attorney_registrations_eqw2-r5nb.csv,11087272,50000,20,orc+zstd,2099940,5.2798,310.82,809.46
data_nys_attorney_registrations_eqw2-r5nb.csv,11087272,50000,20,parquet+brotli,1671978,6.6312,1.99,2305.11
data_nys_attorney_registrations_eqw2-r5nb.csv,11087272,50000,20,parquet+gzip,1899368,5.8373,66.81,2653.09
data_nys_attorney_registrations_eqw2-r5nb.csv,11087272,50000,20,parquet+snappy,2759444,4.0179,412.01,376.76
data_nys_attorney_registrations_eqw2-r5nb.csv,11087272,50000,20,parquet+zstd,1727813,6.4169,22.76,3724.44
data_nys_attorney_registrations_eqw2-r5nb.csv,11087272,50000,20,polypress,1057437,10.485,1.52,100.15
data_nys_attorney_registrations_eqw2-r5nb.csv,11087272,50000,20,polypress+brotli,1058746,10.4721,,
data_nys_attorney_registrations_eqw2-r5nb.csv,11087272,50000,20,polypress+zstd,1123876,9.8652,,
data_nys_attorney_registrations_eqw2-r5nb.csv,11087272,50000,20,xz -9e,1452516,7.6331,1.64,184.54
data_nys_attorney_registrations_eqw2-r5nb.csv,11087272,50000,20,zstd -19,1528455,7.2539,3.23,808.77
data_nys_attorney_registrations_eqw2-r5nb.csv,11087272,50000,20,zstd -22,1525609,7.2674,1.7,799.08
data_nys_attorney_registrations_eqw2-r5nb.csv,11087272,50000,20,zstd -3,2263157,4.899,200.48,661.46
datos_casos_positivos_de_covid_19_en_colombia_gt2j-8ykr.csv,11114090,50000,23,brotli -q11,458410,24.2449,0.89,842.1
datos_casos_positivos_de_covid_19_en_colombia_gt2j-8ykr.csv,11114090,50000,23,bzip2 -9,451914,24.5934,14.23,121.0
datos_casos_positivos_de_covid_19_en_colombia_gt2j-8ykr.csv,11114090,50000,23,feather+lz4,2979170,3.7306,4648.57,5287.64
datos_casos_positivos_de_covid_19_en_colombia_gt2j-8ykr.csv,11114090,50000,23,feather+zstd,1747978,6.3583,4130.42,6027.39
datos_casos_positivos_de_covid_19_en_colombia_gt2j-8ykr.csv,11114090,50000,23,gzip -9,749651,14.8257,21.35,1619.17
datos_casos_positivos_de_covid_19_en_colombia_gt2j-8ykr.csv,11114090,50000,23,lz4 -9,948063,11.7229,106.86,880.79
datos_casos_positivos_de_covid_19_en_colombia_gt2j-8ykr.csv,11114090,50000,23,orc+snappy,1045961,10.6257,510.29,1516.21
datos_casos_positivos_de_covid_19_en_colombia_gt2j-8ykr.csv,11114090,50000,23,orc+zlib,739600,15.0272,322.59,1020.29
datos_casos_positivos_de_covid_19_en_colombia_gt2j-8ykr.csv,11114090,50000,23,orc+zstd,769775,14.4381,477.25,1354.72
datos_casos_positivos_de_covid_19_en_colombia_gt2j-8ykr.csv,11114090,50000,23,parquet+brotli,535434,20.7572,10.3,5971.8
datos_casos_positivos_de_covid_19_en_colombia_gt2j-8ykr.csv,11114090,50000,23,parquet+gzip,563218,19.7332,259.08,5921.73
datos_casos_positivos_de_covid_19_en_colombia_gt2j-8ykr.csv,11114090,50000,23,parquet+snappy,771434,14.4071,770.27,396.1
datos_casos_positivos_de_covid_19_en_colombia_gt2j-8ykr.csv,11114090,50000,23,parquet+zstd,538814,20.627,116.18,6572.1
datos_casos_positivos_de_covid_19_en_colombia_gt2j-8ykr.csv,11114090,50000,23,polypress,280731,39.5898,3.28,186.89
datos_casos_positivos_de_covid_19_en_colombia_gt2j-8ykr.csv,11114090,50000,23,polypress+brotli,285881,38.8766,,
datos_casos_positivos_de_covid_19_en_colombia_gt2j-8ykr.csv,11114090,50000,23,polypress+zstd,312101,35.6106,,
datos_casos_positivos_de_covid_19_en_colombia_gt2j-8ykr.csv,11114090,50000,23,xz -9e,433140,25.6593,3.41,360.65
datos_casos_positivos_de_covid_19_en_colombia_gt2j-8ykr.csv,11114090,50000,23,zstd -19,480396,23.1353,3.49,1183.84
datos_casos_positivos_de_covid_19_en_colombia_gt2j-8ykr.csv,11114090,50000,23,zstd -22,479889,23.1597,3.25,1186.0
datos_casos_positivos_de_covid_19_en_colombia_gt2j-8ykr.csv,11114090,50000,23,zstd -3,869832,12.7773,218.27,1022.7
data_conditions_contributing_to_covid_19_deat_hk9y-quqm.csv,11164458,50000,14,brotli -q11,271151,41.1743,0.79,1029.85
data_conditions_contributing_to_covid_19_deat_hk9y-quqm.csv,11164458,50000,14,bzip2 -9,219015,50.9758,15.97,140.58
data_conditions_contributing_to_covid_19_deat_hk9y-quqm.csv,11164458,50000,14,feather+lz4,1565450,7.1318,5570.68,7288.27
data_conditions_contributing_to_covid_19_deat_hk9y-quqm.csv,11164458,50000,14,feather+zstd,963874,11.5829,5841.71,7747.71
data_conditions_contributing_to_covid_19_deat_hk9y-quqm.csv,11164458,50000,14,gzip -9,424868,26.2775,99.12,2005.36
data_conditions_contributing_to_covid_19_deat_hk9y-quqm.csv,11164458,50000,14,lz4 -9,520467,21.4508,165.13,1064.81
data_conditions_contributing_to_covid_19_deat_hk9y-quqm.csv,11164458,50000,14,orc+snappy,453884,24.5976,869.23,2182.68
data_conditions_contributing_to_covid_19_deat_hk9y-quqm.csv,11164458,50000,14,orc+zlib,195862,57.0017,634.46,1673.89
data_conditions_contributing_to_covid_19_deat_hk9y-quqm.csv,11164458,50000,14,orc+zstd,145270,76.8532,842.59,2283.58
data_conditions_contributing_to_covid_19_deat_hk9y-quqm.csv,11164458,50000,14,parquet+brotli,129943,85.9181,28.32,7764.41
data_conditions_contributing_to_covid_19_deat_hk9y-quqm.csv,11164458,50000,14,parquet+gzip,137685,81.087,776.71,8037.61
data_conditions_contributing_to_covid_19_deat_hk9y-quqm.csv,11164458,50000,14,parquet+snappy,170525,65.4711,1336.39,1113.0
data_conditions_contributing_to_covid_19_deat_hk9y-quqm.csv,11164458,50000,14,parquet+zstd,132233,84.4302,419.48,9444.76
data_conditions_contributing_to_covid_19_deat_hk9y-quqm.csv,11164458,50000,14,polypress,86028,129.777,5.63,442.53
data_conditions_contributing_to_covid_19_deat_hk9y-quqm.csv,11164458,50000,14,polypress+brotli,84462,132.1832,,
data_conditions_contributing_to_covid_19_deat_hk9y-quqm.csv,11164458,50000,14,polypress+zstd,94048,118.7102,,
data_conditions_contributing_to_covid_19_deat_hk9y-quqm.csv,11164458,50000,14,xz -9e,273984,40.7486,3.64,482.5
data_conditions_contributing_to_covid_19_deat_hk9y-quqm.csv,11164458,50000,14,zstd -19,305924,36.4942,3.73,1320.0
data_conditions_contributing_to_covid_19_deat_hk9y-quqm.csv,11164458,50000,14,zstd -22,288641,38.6794,2.15,1346.38
data_conditions_contributing_to_covid_19_deat_hk9y-quqm.csv,11164458,50000,14,zstd -3,461133,24.2109,221.01,1274.07
data_yourmoney_active_pension_members_44xg-bswk.csv,11497365,50000,21,brotli -q11,878594,13.0861,0.96,684.82
data_yourmoney_active_pension_members_44xg-bswk.csv,11497365,50000,21,bzip2 -9,787782,14.5946,14.34,86.16
data_yourmoney_active_pension_members_44xg-bswk.csv,11497365,50000,21,feather+lz4,3447690,3.3348,4692.37,5871.6
data_yourmoney_active_pension_members_44xg-bswk.csv,11497365,50000,21,feather+zstd,2065058,5.5676,3993.33,5660.69
data_yourmoney_active_pension_members_44xg-bswk.csv,11497365,50000,21,gzip -9,1294742,8.88,21.14,1365.48
data_yourmoney_active_pension_members_44xg-bswk.csv,11497365,50000,21,lz4 -9,1519169,7.5682,111.54,750.19
data_yourmoney_active_pension_members_44xg-bswk.csv,11497365,50000,21,orc+snappy,1543218,7.4503,561.04,1618.89
data_yourmoney_active_pension_members_44xg-bswk.csv,11497365,50000,21,orc+zlib,988951,11.6258,321.14,983.01
data_yourmoney_active_pension_members_44xg-bswk.csv,11497365,50000,21,orc+zstd,993707,11.5702,530.76,1436.68
data_yourmoney_active_pension_members_44xg-bswk.csv,11497365,50000,21,parquet+brotli,864995,13.2918,4.47,3902.52
data_yourmoney_active_pension_members_44xg-bswk.csv,11497365,50000,21,parquet+gzip,920488,12.4905,200.89,4616.89
data_yourmoney_active_pension_members_44xg-bswk.csv,11497365,50000,21,parquet+snappy,1132996,10.1478,728.09,1111.16
data_yourmoney_active_pension_members_44xg-bswk.csv,11497365,50000,21,parquet+zstd,895610,12.8375,83.19,6499.99
data_yourmoney_active_pension_members_44xg-bswk.csv,11497365,50000,21,polypress,610772,18.8243,2.96,182.89
data_yourmoney_active_pension_members_44xg-bswk.csv,11497365,50000,21,polypress+brotli,617136,18.6302,,
data_yourmoney_active_pension_members_44xg-bswk.csv,11497365,50000,21,polypress+zstd,674861,17.0366,,
data_yourmoney_active_pension_members_44xg-bswk.csv,11497365,50000,21,xz -9e,838864,13.7059,3.41,290.52
data_yourmoney_active_pension_members_44xg-bswk.csv,11497365,50000,21,zstd -19,901304,12.7564,3.62,1001.25
data_yourmoney_active_pension_members_44xg-bswk.csv,11497365,50000,21,zstd -22,894680,12.8508,3.14,956.61
data_yourmoney_active_pension_members_44xg-bswk.csv,11497365,50000,21,zstd -3,1262513,9.1067,215.86,920.82
data_civil_service_list_certification_a9md-ynri.csv,11707128,50000,21,brotli -q11,468064,25.0118,0.84,857.28
data_civil_service_list_certification_a9md-ynri.csv,11707128,50000,21,bzip2 -9,567903,20.6147,19.24,140.9
data_civil_service_list_certification_a9md-ynri.csv,11707128,50000,21,feather+lz4,1894106,6.1808,5574.85,5711.01
data_civil_service_list_certification_a9md-ynri.csv,11707128,50000,21,feather+zstd,1176234,9.9531,5148.17,6885.89
data_civil_service_list_certification_a9md-ynri.csv,11707128,50000,21,gzip -9,859240,13.625,38.46,1636.39
data_civil_service_list_certification_a9md-ynri.csv,11707128,50000,21,lz4 -9,1074824,10.8921,140.94,899.87
data_civil_service_list_certification_a9md-ynri.csv,11707128,50000,21,orc+snappy,833235,14.0502,892.09,1919.52
data_civil_service_list_certification_a9md-ynri.csv,11707128,50000,21,orc+zlib,469447,24.9381,565.54,1426.8
data_civil_service_list_certification_a9md-ynri.csv,11707128,50000,21,orc+zstd,417345,28.0514,840.05,1878.62
data_civil_service_list_certification_a9md-ynri.csv,11707128,50000,21,parquet+brotli,342132,34.2182,10.74,4466.77
data_civil_service_list_certification_a9md-ynri.csv,11707128,50000,21,parquet+gzip,386408,30.2973,383.65,5496.84
data_civil_service_list_certification_a9md-ynri.csv,11707128,50000,21,parquet+snappy,545787,21.45,1023.54,1137.73
data_civil_service_list_certification_a9md-ynri.csv,11707128,50000,21,parquet+zstd,350173,33.4324,73.22,6948.25
data_civil_service_list_certification_a9md-ynri.csv,11707128,50000,21,polypress,199205,58.7692,2.17,255.36
data_civil_service_list_certification_a9md-ynri.csv,11707128,50000,21,polypress+brotli,196360,59.6207,,
data_civil_service_list_certification_a9md-ynri.csv,11707128,50000,21,polypress+zstd,211421,55.3735,,
data_civil_service_list_certification_a9md-ynri.csv,11707128,50000,21,xz -9e,429560,27.2538,1.09,383.46
data_civil_service_list_certification_a9md-ynri.csv,11707128,50000,21,zstd -19,550809,21.2544,2.58,1248.08
data_civil_service_list_certification_a9md-ynri.csv,11707128,50000,21,zstd -22,546291,21.4302,1.21,1226.51
data_civil_service_list_certification_a9md-ynri.csv,11707128,50000,21,zstd -3,827521,14.1472,218.01,1113.38
data_2020_general_election_mail_ballot_reques_mcba-yywm.csv,11747944,50000,11,brotli -q11,536200,21.9096,0.85,876.52
data_2020_general_election_mail_ballot_reques_mcba-yywm.csv,11747944,50000,11,bzip2 -9,385825,30.4489,14.67,98.44
data_2020_general_election_mail_ballot_reques_mcba-yywm.csv,11747944,50000,11,feather+lz4,3062746,3.8358,5564.59,7991.32
data_2020_general_election_mail_ballot_reques_mcba-yywm.csv,11747944,50000,11,feather+zstd,1786922,6.5744,5191.16,7010.16
data_2020_general_election_mail_ballot_reques_mcba-yywm.csv,11747944,50000,11,gzip -9,944402,12.4396,38.79,1582.2
data_2020_general_election_mail_ballot_reques_mcba-yywm.csv,11747944,50000,11,lz4 -9,1069493,10.9846,111.94,862.16
data_2020_general_election_mail_ballot_reques_mcba-yywm.csv,11747944,50000,11,orc+snappy,1428602,8.2234,627.2,1848.88
data_2020_general_election_mail_ballot_reques_mcba-yywm.csv,11747944,50000,11,orc+zlib,956088,12.2875,362.23,1111.44
data_2020_general_election_mail_ballot_reques_mcba-yywm.csv,11747944,50000,11,orc+zstd,953624,12.3193,539.47,1461.41
data_2020_general_election_mail_ballot_reques_mcba-yywm.csv,11747944,50000,11,parquet+brotli,571513,20.5559,9.8,6444.47
data_2020_general_election_mail_ballot_reques_mcba-yywm.csv,11747944,50000,11,parquet+gzip,593383,19.7982,395.04,7502.2
data_2020_general_election_mail_ballot_reques_mcba-yywm.csv,11747944,50000,11,parquet+snappy,668022,17.5862,1424.86,416.43
data_2020_general_election_mail_ballot_reques_mcba-yywm.csv,11747944,50000,11,parquet+zstd,588640,19.9578,296.46,7775.67
data_2020_general_election_mail_ballot_reques_mcba-yywm.csv,11747944,50000,11,polypress,286942,40.9419,3.14,247.71
data_2020_general_election_mail_ballot_reques_mcba-yywm.csv,11747944,50000,11,polypress+brotli,285649,41.1272,,
data_2020_general_election_mail_ballot_reques_mcba-yywm.csv,11747944,50000,11,polypress+zstd,297940,39.4306,,
data_2020_general_election_mail_ballot_reques_mcba-yywm.csv,11747944,50000,11,xz -9e,505408,23.2445,3.07,398.88
data_2020_general_election_mail_ballot_reques_mcba-yywm.csv,11747944,50000,11,zstd -19,536549,21.8954,3.1,1230.38
data_2020_general_election_mail_ballot_reques_mcba-yywm.csv,11747944,50000,11,zstd -22,535524,21.9373,2.88,1207.14
data_2020_general_election_mail_ballot_reques_mcba-yywm.csv,11747944,50000,11,zstd -3,1111169,10.5726,218.89,975.17
data_provisional_covid_19_deaths_by_sex_and_a_9bhg-hcku.csv,12116526,50000,16,brotli -q11,451994,26.8068,0.76,860.11
data_provisional_covid_19_deaths_by_sex_and_a_9bhg-hcku.csv,12116526,50000,16,bzip2 -9,370267,32.7238,15.12,136.72
data_provisional_covid_19_deaths_by_sex_and_a_9bhg-hcku.csv,12116526,50000,16,feather+lz4,1643338,7.3731,5586.5,6841.73
data_provisional_covid_19_deaths_by_sex_and_a_9bhg-hcku.csv,12116526,50000,16,feather+zstd,968738,12.5075,5644.2,6769.73
data_provisional_covid_19_deaths_by_sex_and_a_9bhg-hcku.csv,12116526,50000,16,gzip -9,585911,20.6798,51.92,1888.53
data_provisional_covid_19_deaths_by_sex_and_a_9bhg-hcku.csv,12116526,50000,16,lz4 -9,742765,16.3127,147.81,1025.0
data_provisional_covid_19_deaths_by_sex_and_a_9bhg-hcku.csv,12116526,50000,16,orc+snappy,646092,18.7536,930.4,2232.98
data_provisional_covid_19_deaths_by_sex_and_a_9bhg-hcku.csv,12116526,50000,16,orc+zlib,355221,34.1098,589.55,1594.22
data_provisional_covid_19_deaths_by_sex_and_a_9bhg-hcku.csv,12116526,50000,16,orc+zstd,314759,38.4946,878.02,2270.69
data_provisional_covid_19_deaths_by_sex_and_a_9bhg-hcku.csv,12116526,50000,16,parquet+brotli,335739,36.0891,12.44,6169.02
data_provisional_covid_19_deaths_by_sex_and_a_9bhg-hcku.csv,12116526,50000,16,parquet+gzip,351876,34.4341,419.81,6246.36
data_provisional_covid_19_deaths_by_sex_and_a_9bhg-hcku.csv,12116526,50000,16,parquet+snappy,432066,28.0432,1100.6,420.65
data_provisional_covid_19_deaths_by_sex_and_a_9bhg-hcku.csv,12116526,50000,16,parquet+zstd,332897,36.3972,163.08,8314.85
data_provisional_covid_19_deaths_by_sex_and_a_9bhg-hcku.csv,12116526,50000,16,polypress,256878,47.1684,3.19,309.98
data_provisional_covid_19_deaths_by_sex_and_a_9bhg-hcku.csv,12116526,50000,16,polypress+brotli,255712,47.3835,,
data_provisional_covid_19_deaths_by_sex_and_a_9bhg-hcku.csv,12116526,50000,16,polypress+zstd,280192,43.2437,,
data_provisional_covid_19_deaths_by_sex_and_a_9bhg-hcku.csv,12116526,50000,16,xz -9e,448708,27.0031,3.17,393.71
data_provisional_covid_19_deaths_by_sex_and_a_9bhg-hcku.csv,12116526,50000,16,zstd -19,500893,24.1898,3.91,1264.88
data_provisional_covid_19_deaths_by_sex_and_a_9bhg-hcku.csv,12116526,50000,16,zstd -22,489184,24.7689,2.55,1282.05
data_provisional_covid_19_deaths_by_sex_and_a_9bhg-hcku.csv,12116526,50000,16,zstd -3,762843,15.8834,222.15,1147.5
data_motor_vehicle_collisions_crashes_h9gi-nx95.csv,12264681,50000,29,brotli -q11,1144754,10.7138,1.04,564.1
data_motor_vehicle_collisions_crashes_h9gi-nx95.csv,12264681,50000,29,bzip2 -9,1203618,10.1898,17.17,79.52
data_motor_vehicle_collisions_crashes_h9gi-nx95.csv,12264681,50000,29,gzip -9,2008354,6.1068,19.5,1103.43
data_motor_vehicle_collisions_crashes_h9gi-nx95.csv,12264681,50000,29,lz4 -9,2327992,5.2684,79.74,615.08
data_motor_vehicle_collisions_crashes_h9gi-nx95.csv,12264681,50000,29,polypress,816223,15.0261,1.97,106.18
data_motor_vehicle_collisions_crashes_h9gi-nx95.csv,12264681,50000,29,polypress+brotli,816793,15.0157,,
data_motor_vehicle_collisions_crashes_h9gi-nx95.csv,12264681,50000,29,polypress+zstd,884292,13.8695,,
data_motor_vehicle_collisions_crashes_h9gi-nx95.csv,12264681,50000,29,xz -9e,1148228,10.6814,3.88,244.94
data_motor_vehicle_collisions_crashes_h9gi-nx95.csv,12264681,50000,29,zstd -19,1212195,10.1177,4.11,945.19
data_motor_vehicle_collisions_crashes_h9gi-nx95.csv,12264681,50000,29,zstd -22,1204513,10.1823,3.71,948.85
data_motor_vehicle_collisions_crashes_h9gi-nx95.csv,12264681,50000,29,zstd -3,2070403,5.9238,200.52,741.65
data_delaware_business_licenses_5zy2-grhr.csv,12308946,50000,13,brotli -q11,1404923,8.7613,1.08,499.57
data_delaware_business_licenses_5zy2-grhr.csv,12308946,50000,13,bzip2 -9,1534407,8.022,18.98,85.57
data_delaware_business_licenses_5zy2-grhr.csv,12308946,50000,13,gzip -9,1946544,6.3235,40.39,1141.22
data_delaware_business_licenses_5zy2-grhr.csv,12308946,50000,13,lz4 -9,2405214,5.1176,110.32,598.65
data_delaware_business_licenses_5zy2-grhr.csv,12308946,50000,13,polypress,1139313,10.8038,1.06,149.06
data_delaware_business_licenses_5zy2-grhr.csv,12308946,50000,13,polypress+brotli,1134362,10.851,,
data_delaware_business_licenses_5zy2-grhr.csv,12308946,50000,13,polypress+zstd,1170612,10.515,,
data_delaware_business_licenses_5zy2-grhr.csv,12308946,50000,13,xz -9e,1392224,8.8412,3.97,200.47
data_delaware_business_licenses_5zy2-grhr.csv,12308946,50000,13,zstd -19,1497201,8.2213,4.41,862.7
data_delaware_business_licenses_5zy2-grhr.csv,12308946,50000,13,zstd -22,1495598,8.2301,3.73,869.65
data_delaware_business_licenses_5zy2-grhr.csv,12308946,50000,13,zstd -3,2022911,6.0848,203.98,760.47
controllerdata_city_employee_payroll_current_g9h8-fvhu.csv,12511177,50000,20,brotli -q11,1466266,8.5327,0.92,506.67
controllerdata_city_employee_payroll_current_g9h8-fvhu.csv,12511177,50000,20,bzip2 -9,1555558,8.0429,19.0,84.16
controllerdata_city_employee_payroll_current_g9h8-fvhu.csv,12511177,50000,20,feather+lz4,5858466,2.1356,3488.84,5133.6
controllerdata_city_employee_payroll_current_g9h8-fvhu.csv,12511177,50000,20,feather+zstd,3822458,3.2731,2782.23,4671.98
controllerdata_city_employee_payroll_current_g9h8-fvhu.csv,12511177,50000,20,gzip -9,2481404,5.042,16.99,987.31
controllerdata_city_employee_payroll_current_g9h8-fvhu.csv,12511177,50000,20,lz4 -9,2840895,4.404,95.46,555.48
controllerdata_city_employee_payroll_current_g9h8-fvhu.csv,12511177,50000,20,orc+snappy,3234674,3.8678,485.7,1252.34
controllerdata_city_employee_payroll_current_g9h8-fvhu.csv,12511177,50000,20,orc+zlib,2291224,5.4605,204.52,632.91
controllerdata_city_employee_payroll_current_g9h8-fvhu.csv,12511177,50000,20,orc+zstd,2294282,5.4532,399.86,956.96
controllerdata_city_employee_payroll_current_g9h8-fvhu.csv,12511177,50000,20,parquet+brotli,1561542,8.0121,1.61,2880.75
controllerdata_city_employee_payroll_current_g9h8-fvhu.csv,12511177,50000,20,parquet+gzip,1955387,6.3983,88.22,3294.97
controllerdata_city_employee_payroll_current_g9h8-fvhu.csv,12511177,50000,20,parquet+snappy,2596824,4.8179,505.32,416.51
controllerdata_city_employee_payroll_current_g9h8-fvhu.csv,12511177,50000,20,parquet+zstd,1794574,6.9717,12.33,4518.7
controllerdata_city_employee_payroll_current_g9h8-fvhu.csv,12511177,50000,20,polypress,994259,12.5834,1.59,115.88
controllerdata_city_employee_payroll_current_g9h8-fvhu.csv,12511177,50000,20,polypress+brotli,1013498,12.3446,,
controllerdata_city_employee_payroll_current_g9h8-fvhu.csv,12511177,50000,20,polypress+zstd,1064115,11.7574,,
controllerdata_city_employee_payroll_current_g9h8-fvhu.csv,12511177,50000,20,xz -9e,1393520,8.9781,2.0,210.28
controllerdata_city_employee_payroll_current_g9h8-fvhu.csv,12511177,50000,20,zstd -19,1471305,8.5035,3.28,895.58
controllerdata_city_employee_payroll_current_g9h8-fvhu.csv,12511177,50000,20,zstd -22,1463884,8.5466,1.96,834.14
controllerdata_city_employee_payroll_current_g9h8-fvhu.csv,12511177,50000,20,zstd -3,2406077,5.1998,201.46,701.26
data_horse_racing_rulings_beginning_1985_igam-2tkj.csv,13055155,40213,14,brotli -q11,1269784,10.2814,1.08,558.87
data_horse_racing_rulings_beginning_1985_igam-2tkj.csv,13055155,40213,14,bzip2 -9,1326410,9.8425,19.9,95.67
data_horse_racing_rulings_beginning_1985_igam-2tkj.csv,13055155,40213,14,feather+lz4,4414354,2.9574,1560.13,4422.69
data_horse_racing_rulings_beginning_1985_igam-2tkj.csv,13055155,40213,14,feather+zstd,2768010,4.7164,1373.22,3461.05
data_horse_racing_rulings_beginning_1985_igam-2tkj.csv,13055155,40213,14,gzip -9,2058703,6.3414,48.32,1147.9
data_horse_racing_rulings_beginning_1985_igam-2tkj.csv,13055155,40213,14,lz4 -9,2326934,5.6105,109.92,639.21
data_horse_racing_rulings_beginning_1985_igam-2tkj.csv,13055155,40213,14,orc+snappy,3191097,4.0911,603.95,1601.75
data_horse_racing_rulings_beginning_1985_igam-2tkj.csv,13055155,40213,14,orc+zlib,2285526,5.7121,240.08,654.33
data_horse_racing_rulings_beginning_1985_igam-2tkj.csv,13055155,40213,14,orc+zstd,2160953,6.0414,473.32,1185.97
data_horse_racing_rulings_beginning_1985_igam-2tkj.csv,13055155,40213,14,parquet+brotli,1410600,9.255,1.58,1633.91
data_horse_racing_rulings_beginning_1985_igam-2tkj.csv,13055155,40213,14,parquet+gzip,1911186,6.8309,86.03,1321.78
data_horse_racing_rulings_beginning_1985_igam-2tkj.csv,13055155,40213,14,parquet+snappy,3040055,4.2944,700.16,421.77
data_horse_racing_rulings_beginning_1985_igam-2tkj.csv,13055155,40213,14,parquet+zstd,1497212,8.7196,8.82,2693.95
data_horse_racing_rulings_beginning_1985_igam-2tkj.csv,13055155,40213,14,polypress,999977,13.0555,1.51,152.96
data_horse_racing_rulings_beginning_1985_igam-2tkj.csv,13055155,40213,14,polypress+brotli,1016935,12.8377,,
data_horse_racing_rulings_beginning_1985_igam-2tkj.csv,13055155,40213,14,polypress+zstd,1075600,12.1376,,
data_horse_racing_rulings_beginning_1985_igam-2tkj.csv,13055155,40213,14,xz -9e,1263236,10.3347,3.53,239.58
data_horse_racing_rulings_beginning_1985_igam-2tkj.csv,13055155,40213,14,zstd -19,1325765,9.8473,4.38,948.77
data_horse_racing_rulings_beginning_1985_igam-2tkj.csv,13055155,40213,14,zstd -22,1323706,9.8626,3.13,945.75
data_horse_racing_rulings_beginning_1985_igam-2tkj.csv,13055155,40213,14,zstd -3,1924536,6.7835,202.93,809.47
health_medicaid_enrolled_provider_listing_keti-qx5t.csv,13254469,50000,19,brotli -q11,633442,20.9245,0.95,753.87
health_medicaid_enrolled_provider_listing_keti-qx5t.csv,13254469,50000,19,bzip2 -9,988478,13.409,20.56,107.47
health_medicaid_enrolled_provider_listing_keti-qx5t.csv,13254469,50000,19,feather+lz4,3371802,3.931,4670.13,6136.12
health_medicaid_enrolled_provider_listing_keti-qx5t.csv,13254469,50000,19,feather+zstd,2168490,6.1123,4512.81,6704.45
health_medicaid_enrolled_provider_listing_keti-qx5t.csv,13254469,50000,19,gzip -9,1249589,10.6071,40.12,1502.89
health_medicaid_enrolled_provider_listing_keti-qx5t.csv,13254469,50000,19,lz4 -9,1484399,8.9292,131.11,825.16
health_medicaid_enrolled_provider_listing_keti-qx5t.csv,13254469,50000,19,orc+snappy,1534488,8.6377,703.83,1768.68
health_medicaid_enrolled_provider_listing_keti-qx5t.csv,13254469,50000,19,orc+zlib,1068234,12.4078,382.57,1033.58
health_medicaid_enrolled_provider_listing_keti-qx5t.csv,13254469,50000,19,orc+zstd,1031755,12.8465,614.09,1594.67
health_medicaid_enrolled_provider_listing_keti-qx5t.csv,13254469,50000,19,parquet+brotli,840051,15.7782,5.3,4065.92
health_medicaid_enrolled_provider_listing_keti-qx5t.csv,13254469,50000,19,parquet+gzip,928050,14.2821,209.44,4681.93
health_medicaid_enrolled_provider_listing_keti-qx5t.csv,13254469,50000,19,parquet+snappy,1344501,9.8583,852.64,451.08
health_medicaid_enrolled_provider_listing_keti-qx5t.csv,13254469,50000,19,parquet+zstd,868246,15.2658,60.7,5772.93
health_medicaid_enrolled_provider_listing_keti-qx5t.csv,13254469,50000,19,polypress,449600,29.4806,2.1,236.85
health_medicaid_enrolled_provider_listing_keti-qx5t.csv,13254469,50000,19,polypress+brotli,468563,28.2875,,
health_medicaid_enrolled_provider_listing_keti-qx5t.csv,13254469,50000,19,polypress+zstd,518315,25.5722,,
health_medicaid_enrolled_provider_listing_keti-qx5t.csv,13254469,50000,19,xz -9e,633348,20.9276,2.67,339.52
health_medicaid_enrolled_provider_listing_keti-qx5t.csv,13254469,50000,19,zstd -19,707997,18.7211,3.2,1228.42
health_medicaid_enrolled_provider_listing_keti-qx5t.csv,13254469,50000,19,zstd -22,698166,18.9847,2.26,1222.82
health_medicaid_enrolled_provider_listing_keti-qx5t.csv,13254469,50000,19,zstd -3,1039950,12.7453,212.45,1092.51
data_listing_of_active_businesses_6rrh-rzua.csv,13657316,50000,16,brotli -q11,2069110,6.6006,1.05,432.56
data_listing_of_active_businesses_6rrh-rzua.csv,13657316,50000,16,bzip2 -9,2347928,5.8168,22.43,73.82
data_listing_of_active_businesses_6rrh-rzua.csv,13657316,50000,16,gzip -9,3450018,3.9586,27.17,858.84
data_listing_of_active_businesses_6rrh-rzua.csv,13657316,50000,16,lz4 -9,3883615,3.5167,107.04,483.87
data_listing_of_active_businesses_6rrh-rzua.csv,13657316,50000,16,polypress,1930264,7.0754,1.21,90.44
data_listing_of_active_businesses_6rrh-rzua.csv,13657316,50000,16,polypress+brotli,1935568,7.056,,
data_listing_of_active_businesses_6rrh-rzua.csv,13657316,50000,16,polypress+zstd,2008377,6.8002,,
data_listing_of_active_businesses_6rrh-rzua.csv,13657316,50000,16,xz -9e,2073952,6.5852,3.58,170.87
data_listing_of_active_businesses_6rrh-rzua.csv,13657316,50000,16,zstd -19,2171882,6.2882,4.1,778.68
data_listing_of_active_businesses_6rrh-rzua.csv,13657316,50000,16,zstd -22,2160551,6.3212,3.52,799.66
data_listing_of_active_businesses_6rrh-rzua.csv,13657316,50000,16,zstd -3,3138173,4.352,189.83,641.13
data_traffic_incidents_35ra-9556.csv,13659859,50000,10,brotli -q11,1632124,8.3694,1.05,452.61
data_traffic_incidents_35ra-9556.csv,13659859,50000,10,bzip2 -9,2035697,6.7102,22.55,90.31
data_traffic_incidents_35ra-9556.csv,13659859,50000,10,feather+lz4,6000802,2.2763,2511.01,6412.98
data_traffic_incidents_35ra-9556.csv,13659859,50000,10,feather+zstd,3881226,3.5195,1892.25,4657.26
data_traffic_incidents_35ra-9556.csv,13659859,50000,10,gzip -9,2734906,4.9946,26.6,1007.04
data_traffic_incidents_35ra-9556.csv,13659859,50000,10,lz4 -9,3458995,3.9491,85.29,516.11
data_traffic_incidents_35ra-9556.csv,13659859,50000,10,orc+snappy,4772554,2.8622,565.73,1811.14
data_traffic_incidents_35ra-9556.csv,13659859,50000,10,orc+zlib,3350649,4.0768,196.25,635.05
data_traffic_incidents_35ra-9556.csv,13659859,50000,10,orc+zstd,3080155,4.4348,460.95,1343.03
data_traffic_incidents_35ra-9556.csv,13659859,50000,10,parquet+brotli,2561229,5.3333,1.37,1426.81
data_traffic_incidents_35ra-9556.csv,13659859,50000,10,parquet+gzip,3228641,4.2308,64.36,1756.39
data_traffic_incidents_35ra-9556.csv,13659859,50000,10,parquet+snappy,4792605,2.8502,578.74,446.27
data_traffic_incidents_35ra-9556.csv,13659859,50000,10,parquet+zstd,2722899,5.0167,13.87,3716.02
data_traffic_incidents_35ra-9556.csv,13659859,50000,10,polypress,1536954,8.8876,0.9,95.56
data_traffic_incidents_35ra-9556.csv,13659859,50000,10,polypress+brotli,1630497,8.3777,,
data_traffic_incidents_35ra-9556.csv,13659859,50000,10,polypress+zstd,1736965,7.8642,,
data_traffic_incidents_35ra-9556.csv,13659859,50000,10,xz -9e,1540260,8.8685,3.49,184.44
data_traffic_incidents_35ra-9556.csv,13659859,50000,10,zstd -19,1736561,7.866,4.23,876.29
data_traffic_incidents_35ra-9556.csv,13659859,50000,10,zstd -22,1735449,7.8711,3.49,862.26
data_traffic_incidents_35ra-9556.csv,13659859,50000,10,zstd -3,2778873,4.9156,193.09,687.98
opendata_fire_and_rescue_apparatus_responses_2012_xvpn-2pnt.csv,14065413,50000,13,brotli -q11,606659,23.185,0.91,861.42
opendata_fire_and_rescue_apparatus_responses_2012_xvpn-2pnt.csv,14065413,50000,13,bzip2 -9,531531,26.4621,31.52,202.17
opendata_fire_and_rescue_apparatus_responses_2012_xvpn-2pnt.csv,14065413,50000,13,feather+lz4,3170778,4.436,5570.26,7368.8
opendata_fire_and_rescue_apparatus_responses_2012_xvpn-2pnt.csv,14065413,50000,13,feather+zstd,1964178,7.161,4783.86,7209.41
opendata_fire_and_rescue_apparatus_responses_2012_xvpn-2pnt.csv,14065413,50000,13,gzip -9,877506,16.0289,51.84,1863.44
opendata_fire_and_rescue_apparatus_responses_2012_xvpn-2pnt.csv,14065413,50000,13,lz4 -9,1107714,12.6977,145.54,971.84
opendata_fire_and_rescue_apparatus_responses_2012_xvpn-2pnt.csv,14065413,50000,13,orc+snappy,1562952,8.9993,823.17,2109.74
opendata_fire_and_rescue_apparatus_responses_2012_xvpn-2pnt.csv,14065413,50000,13,orc+zlib,934933,15.0443,398.77,1115.61
opendata_fire_and_rescue_apparatus_responses_2012_xvpn-2pnt.csv,14065413,50000,13,orc+zstd,924272,15.2178,712.13,1754.23
opendata_fire_and_rescue_apparatus_responses_2012_xvpn-2pnt.csv,14065413,50000,13,parquet+brotli,863782,16.2835,3.11,4246.97
opendata_fire_and_rescue_apparatus_responses_2012_xvpn-2pnt.csv,14065413,50000,13,parquet+gzip,1037305,13.5596,182.37,5443.81
opendata_fire_and_rescue_apparatus_responses_2012_xvpn-2pnt.csv,14065413,50000,13,parquet+snappy,1393280,10.0952,963.05,485.76
opendata_fire_and_rescue_apparatus_responses_2012_xvpn-2pnt.csv,14065413,50000,13,parquet+zstd,938865,14.9813,66.32,6387.46
opendata_fire_and_rescue_apparatus_responses_2012_xvpn-2pnt.csv,14065413,50000,13,polypress,323925,43.4218,2.21,301.76
opendata_fire_and_rescue_apparatus_responses_2012_xvpn-2pnt.csv,14065413,50000,13,polypress+brotli,361009,38.9614,,
opendata_fire_and_rescue_apparatus_responses_2012_xvpn-2pnt.csv,14065413,50000,13,polypress+zstd,377969,37.2131,,
opendata_fire_and_rescue_apparatus_responses_2012_xvpn-2pnt.csv,14065413,50000,13,xz -9e,580196,24.2425,2.95,356.77
opendata_fire_and_rescue_apparatus_responses_2012_xvpn-2pnt.csv,14065413,50000,13,zstd -19,649099,21.6691,4.17,1279.74
opendata_fire_and_rescue_apparatus_responses_2012_xvpn-2pnt.csv,14065413,50000,13,zstd -22,649080,21.6698,3.44,1262.59
opendata_fire_and_rescue_apparatus_responses_2012_xvpn-2pnt.csv,14065413,50000,13,zstd -3,952456,14.7675,217.35,1153.66
data_crimes_2001_to_present_ijzp-q8t2.csv,14472116,50000,22,brotli -q11,1558992,9.283,0.95,497.34
data_crimes_2001_to_present_ijzp-q8t2.csv,14472116,50000,22,bzip2 -9,1984208,7.2936,21.65,78.82
data_crimes_2001_to_present_ijzp-q8t2.csv,14472116,50000,22,gzip -9,3063646,4.7238,12.11,976.35
data_crimes_2001_to_present_ijzp-q8t2.csv,14472116,50000,22,lz4 -9,3562431,4.0624,84.9,541.35
data_crimes_2001_to_present_ijzp-q8t2.csv,14472116,50000,22,polypress,1130993,12.7959,1.18,99.26
data_crimes_2001_to_present_ijzp-q8t2.csv,14472116,50000,22,polypress+brotli,1167807,12.3926,,
data_crimes_2001_to_present_ijzp-q8t2.csv,14472116,50000,22,polypress+zstd,1240859,11.663,,
data_crimes_2001_to_present_ijzp-q8t2.csv,14472116,50000,22,xz -9e,1530476,9.456,3.39,197.05
data_crimes_2001_to_present_ijzp-q8t2.csv,14472116,50000,22,zstd -19,1675311,8.6385,3.76,935.0
data_crimes_2001_to_present_ijzp-q8t2.csv,14472116,50000,22,zstd -22,1659004,8.7234,3.36,909.72
data_crimes_2001_to_present_ijzp-q8t2.csv,14472116,50000,22,zstd -3,2787739,5.1913,189.34,717.57
data_for_hire_vehicles_fhv_active_8wbx-tsch.csv,14487725,50000,23,brotli -q11,1246528,11.6225,0.87,611.66
data_for_hire_vehicles_fhv_active_8wbx-tsch.csv,14487725,50000,23,bzip2 -9,1430680,10.1265,14.97,74.74
data_for_hire_vehicles_fhv_active_8wbx-tsch.csv,14487725,50000,23,feather+lz4,5451578,2.6575,3516.34,4682.23
data_for_hire_vehicles_fhv_active_8wbx-tsch.csv,14487725,50000,23,feather+zstd,3315882,4.3692,3538.05,5617.63
data_for_hire_vehicles_fhv_active_8wbx-tsch.csv,14487725,50000,23,gzip -9,2275442,6.367,36.87,1188.3
data_for_hire_vehicles_fhv_active_8wbx-tsch.csv,14487725,50000,23,lz4 -9,2626795,5.5154,137.78,670.05
data_for_hire_vehicles_fhv_active_8wbx-tsch.csv,14487725,50000,23,parquet+brotli,1507783,9.6086,3.58,2961.45
data_for_hire_vehicles_fhv_active_8wbx-tsch.csv,14487725,50000,23,parquet+gzip,1781498,8.1323,111.96,3189.64
data_for_hire_vehicles_fhv_active_8wbx-tsch.csv,14487725,50000,23,parquet+snappy,2609968,5.5509,604.59,1260.23
data_for_hire_vehicles_fhv_active_8wbx-tsch.csv,14487725,50000,23,parquet+zstd,1544682,9.3791,29.17,5763.08
data_for_hire_vehicles_fhv_active_8wbx-tsch.csv,14487725,50000,23,polypress,933489,15.52,1.83,141.5
data_for_hire_vehicles_fhv_active_8wbx-tsch.csv,14487725,50000,23,polypress+brotli,949348,15.2607,,
data_for_hire_vehicles_fhv_active_8wbx-tsch.csv,14487725,50000,23,polypress+zstd,1005907,14.4026,,
data_for_hire_vehicles_fhv_active_8wbx-tsch.csv,14487725,50000,23,xz -9e,1222736,11.8486,3.75,239.58
data_for_hire_vehicles_fhv_active_8wbx-tsch.csv,14487725,50000,23,zstd -19,1320039,10.9752,3.59,1013.47
data_for_hire_vehicles_fhv_active_8wbx-tsch.csv,14487725,50000,23,zstd -22,1312476,11.0385,3.31,1014.41
data_for_hire_vehicles_fhv_active_8wbx-tsch.csv,14487725,50000,23,zstd -3,1933882,7.4915,209.11,874.28
data_crime_data_from_2020_to_2024_2nrs-mtv8.csv,15020262,50000,28,brotli -q11,1279154,11.7423,1.0,643.84
data_crime_data_from_2020_to_2024_2nrs-mtv8.csv,15020262,50000,28,bzip2 -9,1320271,11.3767,21.51,82.26
data_crime_data_from_2020_to_2024_2nrs-mtv8.csv,15020262,50000,28,feather+lz4,5850106,2.5675,2977.29,4193.26
data_crime_data_from_2020_to_2024_2nrs-mtv8.csv,15020262,50000,28,feather+zstd,3399442,4.4184,2427.73,4669.05
data_crime_data_from_2020_to_2024_2nrs-mtv8.csv,15020262,50000,28,gzip -9,2562627,5.8613,13.91,1117.25
data_crime_data_from_2020_to_2024_2nrs-mtv8.csv,15020262,50000,28,lz4 -9,2852296,5.266,99.24,621.8
data_crime_data_from_2020_to_2024_2nrs-mtv8.csv,15020262,50000,28,orc+snappy,3240057,4.6358,404.89,1342.79
data_crime_data_from_2020_to_2024_2nrs-mtv8.csv,15020262,50000,28,orc+zlib,2271031,6.6139,209.14,698.33
data_crime_data_from_2020_to_2024_2nrs-mtv8.csv,15020262,50000,28,orc+zstd,2322665,6.4668,361.73,1080.96
data_crime_data_from_2020_to_2024_2nrs-mtv8.csv,15020262,50000,28,parquet+brotli,1461408,10.2779,3.73,3135.71
data_crime_data_from_2020_to_2024_2nrs-mtv8.csv,15020262,50000,28,parquet+gzip,1574436,9.5401,129.97,3677.95
data_crime_data_from_2020_to_2024_2nrs-mtv8.csv,15020262,50000,28,parquet+snappy,2017220,7.446,691.85,512.65
data_crime_data_from_2020_to_2024_2nrs-mtv8.csv,15020262,50000,28,parquet+zstd,1499476,10.017,38.73,4984.93
data_crime_data_from_2020_to_2024_2nrs-mtv8.csv,15020262,50000,28,polypress,926400,16.2136,2.73,123.17
data_crime_data_from_2020_to_2024_2nrs-mtv8.csv,15020262,50000,28,polypress+brotli,913902,16.4353,,
data_crime_data_from_2020_to_2024_2nrs-mtv8.csv,15020262,50000,28,polypress+zstd,990072,15.1709,,
data_crime_data_from_2020_to_2024_2nrs-mtv8.csv,15020262,50000,28,xz -9e,1256936,11.9499,3.39,265.02
data_crime_data_from_2020_to_2024_2nrs-mtv8.csv,15020262,50000,28,zstd -19,1322499,11.3575,3.82,1046.7
data_crime_data_from_2020_to_2024_2nrs-mtv8.csv,15020262,50000,28,zstd -22,1311508,11.4527,3.45,1044.01
data_crime_data_from_2020_to_2024_2nrs-mtv8.csv,15020262,50000,28,zstd -3,2410522,6.2311,198.0,797.59
data_police_dispatched_incidents_98cc-bc7d.csv,15581173,50000,26,brotli -q11,1827812,8.5245,1.02,503.17
data_police_dispatched_incidents_98cc-bc7d.csv,15581173,50000,26,bzip2 -9,1997229,7.8014,21.87,78.1
data_police_dispatched_incidents_98cc-bc7d.csv,15581173,50000,26,feather+lz4,6985042,2.2306,2930.33,4561.15
data_police_dispatched_incidents_98cc-bc7d.csv,15581173,50000,26,feather+zstd,4363114,3.5711,2542.09,4772.32
data_police_dispatched_incidents_98cc-bc7d.csv,15581173,50000,26,gzip -9,3194684,4.8772,13.58,993.99
data_police_dispatched_incidents_98cc-bc7d.csv,15581173,50000,26,lz4 -9,3665791,4.2504,102.36,545.5
data_police_dispatched_incidents_98cc-bc7d.csv,15581173,50000,26,orc+snappy,3713399,4.1959,411.42,1319.23
data_police_dispatched_incidents_98cc-bc7d.csv,15581173,50000,26,orc+zlib,2719787,5.7288,201.16,652.99
data_police_dispatched_incidents_98cc-bc7d.csv,15581173,50000,26,orc+zstd,2742971,5.6804,355.54,1034.48
data_police_dispatched_incidents_98cc-bc7d.csv,15581173,50000,26,parquet+brotli,2287580,6.8112,2.4,3156.04
data_police_dispatched_incidents_98cc-bc7d.csv,15581173,50000,26,parquet+gzip,2504631,6.2209,111.61,3819.98
data_police_dispatched_incidents_98cc-bc7d.csv,15581173,50000,26,parquet+snappy,3180821,4.8985,591.41,526.6
data_police_dispatched_incidents_98cc-bc7d.csv,15581173,50000,26,parquet+zstd,2335147,6.6725,41.99,5154.36
data_police_dispatched_incidents_98cc-bc7d.csv,15581173,50000,26,polypress,1207769,12.9008,1.51,110.03
data_police_dispatched_incidents_98cc-bc7d.csv,15581173,50000,26,polypress+brotli,1242348,12.5417,,
data_police_dispatched_incidents_98cc-bc7d.csv,15581173,50000,26,polypress+zstd,1358892,11.4661,,
data_police_dispatched_incidents_98cc-bc7d.csv,15581173,50000,26,xz -9e,1802520,8.6441,3.61,197.93
data_police_dispatched_incidents_98cc-bc7d.csv,15581173,50000,26,zstd -19,1931385,8.0674,3.93,907.63
data_police_dispatched_incidents_98cc-bc7d.csv,15581173,50000,26,zstd -22,1917336,8.1265,3.46,909.48
data_police_dispatched_incidents_98cc-bc7d.csv,15581173,50000,26,zstd -3,3046487,5.1145,187.79,715.89
data_yourmoney_agency_payroll_iqwc-r2w7.csv,16335357,50000,32,brotli -q11,1029333,15.8698,0.97,726.14
data_yourmoney_agency_payroll_iqwc-r2w7.csv,16335357,50000,32,bzip2 -9,1318437,12.3899,20.58,100.26
data_yourmoney_agency_payroll_iqwc-r2w7.csv,16335357,50000,32,feather+lz4,5864298,2.7856,3481.65,4251.66
data_yourmoney_agency_payroll_iqwc-r2w7.csv,16335357,50000,32,feather+zstd,3648746,4.477,3099.69,4987.66
data_yourmoney_agency_payroll_iqwc-r2w7.csv,16335357,50000,32,gzip -9,2101037,7.7749,22.86,1345.34
data_yourmoney_agency_payroll_iqwc-r2w7.csv,16335357,50000,32,lz4 -9,2400389,6.8053,117.83,749.35
data_yourmoney_agency_payroll_iqwc-r2w7.csv,16335357,50000,32,orc+snappy,3141943,5.1991,525.02,1214.25
data_yourmoney_agency_payroll_iqwc-r2w7.csv,16335357,50000,32,orc+zlib,2111537,7.7362,268.72,682.06
data_yourmoney_agency_payroll_iqwc-r2w7.csv,16335357,50000,32,orc+zstd,2143252,7.6218,444.2,1024.93
data_yourmoney_agency_payroll_iqwc-r2w7.csv,16335357,50000,32,parquet+brotli,1299859,12.567,3.74,3694.75
data_yourmoney_agency_payroll_iqwc-r2w7.csv,16335357,50000,32,parquet+gzip,1456285,11.2171,137.79,4179.81
data_yourmoney_agency_payroll_iqwc-r2w7.csv,16335357,50000,32,parquet+snappy,2009655,8.1284,623.41,540.91
data_yourmoney_agency_payroll_iqwc-r2w7.csv,16335357,50000,32,parquet+zstd,1345567,12.1401,47.45,5509.44
data_yourmoney_agency_payroll_iqwc-r2w7.csv,16335357,50000,32,polypress,700852,23.3079,2.02,129.35
data_yourmoney_agency_payroll_iqwc-r2w7.csv,16335357,50000,32,polypress+brotli,710921,22.9777,,
data_yourmoney_agency_payroll_iqwc-r2w7.csv,16335357,50000,32,polypress+zstd,826583,19.7625,,
data_yourmoney_agency_payroll_iqwc-r2w7.csv,16335357,50000,32,xz -9e,1015364,16.0882,1.73,324.65
data_yourmoney_agency_payroll_iqwc-r2w7.csv,16335357,50000,32,zstd -19,1100346,14.8457,3.36,1178.76
data_yourmoney_agency_payroll_iqwc-r2w7.csv,16335357,50000,32,zstd -22,1084722,15.0595,1.84,1163.47
data_yourmoney_agency_payroll_iqwc-r2w7.csv,16335357,50000,32,zstd -3,1815427,8.9981,205.75,989.18
data_active_businesses_all_tckn-sxa6.csv,16890598,50000,19,brotli -q11,868449,19.4492,1.08,852.58
data_active_businesses_all_tckn-sxa6.csv,16890598,50000,19,bzip2 -9,1062230,15.9011,18.98,116.26
data_active_businesses_all_tckn-sxa6.csv,16890598,50000,19,feather+lz4,3920330,4.3085,3730.41,4968.04
data_active_businesses_all_tckn-sxa6.csv,16890598,50000,19,feather+zstd,2340178,7.2177,3941.93,5903.69
data_active_businesses_all_tckn-sxa6.csv,16890598,50000,19,gzip -9,1394634,12.1111,84.94,1686.89
data_active_businesses_all_tckn-sxa6.csv,16890598,50000,19,lz4 -9,1662659,10.1588,159.5,936.91
data_active_businesses_all_tckn-sxa6.csv,16890598,50000,19,orc+snappy,2267934,7.4476,733.22,1592.69
data_active_businesses_all_tckn-sxa6.csv,16890598,50000,19,orc+zlib,1379522,12.2438,383.44,922.33
data_active_businesses_all_tckn-sxa6.csv,16890598,50000,19,orc+zstd,1265063,13.3516,636.59,1442.18
data_active_businesses_all_tckn-sxa6.csv,16890598,50000,19,parquet+brotli,1043171,16.1916,2.44,2435.85
data_active_businesses_all_tckn-sxa6.csv,16890598,50000,19,parquet+gzip,1243533,13.5828,137.49,3321.81
data_active_businesses_all_tckn-sxa6.csv,16890598,50000,19,parquet+snappy,2030867,8.3169,712.23,556.6
data_active_businesses_all_tckn-sxa6.csv,16890598,50000,19,parquet+zstd,1079954,15.6401,16.74,4349.75
data_active_businesses_all_tckn-sxa6.csv,16890598,50000,19,polypress,622272,27.1434,2.26,210.83
data_active_businesses_all_tckn-sxa6.csv,16890598,50000,19,polypress+brotli,628198,26.8874,,
data_active_businesses_all_tckn-sxa6.csv,16890598,50000,19,polypress+zstd,671066,25.1698,,
data_active_businesses_all_tckn-sxa6.csv,16890598,50000,19,xz -9e,859788,19.6451,3.89,366.76
data_active_businesses_all_tckn-sxa6.csv,16890598,50000,19,zstd -19,922569,18.3082,3.99,1309.34
data_active_businesses_all_tckn-sxa6.csv,16890598,50000,19,zstd -22,910893,18.5429,2.79,1272.53
data_active_businesses_all_tckn-sxa6.csv,16890598,50000,19,zstd -3,1308129,12.912,215.05,1150.91
data_dashboard_expenditures_mi_fbey-tu9a.csv,17375670,50000,19,brotli -q11,286041,60.7454,0.79,1220.1
data_dashboard_expenditures_mi_fbey-tu9a.csv,17375670,50000,19,bzip2 -9,336788,51.5923,16.94,122.05
data_dashboard_expenditures_mi_fbey-tu9a.csv,17375670,50000,19,feather+lz4,3169970,5.4813,3921.38,5351.26
data_dashboard_expenditures_mi_fbey-tu9a.csv,17375670,50000,19,feather+zstd,1908146,9.106,4466.44,5838.72
data_dashboard_expenditures_mi_fbey-tu9a.csv,17375670,50000,19,gzip -9,949783,18.2944,83.56,1837.91
data_dashboard_expenditures_mi_fbey-tu9a.csv,17375670,50000,19,lz4 -9,942999,18.426,170.17,1187.11
data_dashboard_expenditures_mi_fbey-tu9a.csv,17375670,50000,19,orc+snappy,1274003,13.6386,1037.41,2084.93
data_dashboard_expenditures_mi_fbey-tu9a.csv,17375670,50000,19,orc+zlib,744599,23.3356,639.84,1371.94
data_dashboard_expenditures_mi_fbey-tu9a.csv,17375670,50000,19,orc+zstd,524239,33.1446,928.83,2036.06
data_dashboard_expenditures_mi_fbey-tu9a.csv,17375670,50000,19,parquet+brotli,182635,95.1388,12.29,7429.04
data_dashboard_expenditures_mi_fbey-tu9a.csv,17375670,50000,19,parquet+gzip,269098,64.57,603.97,7974.49
data_dashboard_expenditures_mi_fbey-tu9a.csv,17375670,50000,19,parquet+snappy,417356,41.6327,1223.62,601.69
data_dashboard_expenditures_mi_fbey-tu9a.csv,17375670,50000,19,parquet+zstd,205258,84.6528,45.43,7967.51
data_dashboard_expenditures_mi_fbey-tu9a.csv,17375670,50000,19,polypress,105471,164.7436,5.58,376.05
data_dashboard_expenditures_mi_fbey-tu9a.csv,17375670,50000,19,polypress+brotli,111380,156.0035,,
data_dashboard_expenditures_mi_fbey-tu9a.csv,17375670,50000,19,polypress+zstd,127807,135.9524,,
data_dashboard_expenditures_mi_fbey-tu9a.csv,17375670,50000,19,xz -9e,289732,59.9715,4.13,560.85
data_dashboard_expenditures_mi_fbey-tu9a.csv,17375670,50000,19,zstd -19,348457,49.8646,3.9,1651.5
data_dashboard_expenditures_mi_fbey-tu9a.csv,17375670,50000,19,zstd -22,346881,50.0912,2.48,1648.73
data_dashboard_expenditures_mi_fbey-tu9a.csv,17375670,50000,19,zstd -3,590297,29.4355,227.61,1522.97
opendata_fire_rescue_incidents_2012_present_f362-6fup.csv,19458461,50000,23,brotli -q11,563570,34.5271,0.82,1058.9
opendata_fire_rescue_incidents_2012_present_f362-6fup.csv,19458461,50000,23,bzip2 -9,490799,39.6465,23.3,137.3
opendata_fire_rescue_incidents_2012_present_f362-6fup.csv,19458461,50000,23,feather+lz4,3545098,5.4888,5187.81,6003.73
opendata_fire_rescue_incidents_2012_present_f362-6fup.csv,19458461,50000,23,feather+zstd,1807850,10.7633,5005.19,6664.06
opendata_fire_rescue_incidents_2012_present_f362-6fup.csv,19458461,50000,23,gzip -9,1152905,16.8778,34.28,1980.17
opendata_fire_rescue_incidents_2012_present_f362-6fup.csv,19458461,50000,23,lz4 -9,1233456,15.7756,159.38,1145.15
opendata_fire_rescue_incidents_2012_present_f362-6fup.csv,19458461,50000,23,orc+snappy,1914976,10.1612,928.81,2602.84
opendata_fire_rescue_incidents_2012_present_f362-6fup.csv,19458461,50000,23,orc+zlib,1131030,17.2042,474.53,1389.49
opendata_fire_rescue_incidents_2012_present_f362-6fup.csv,19458461,50000,23,orc+zstd,1079713,18.0219,800.53,2262.68
opendata_fire_rescue_incidents_2012_present_f362-6fup.csv,19458461,50000,23,parquet+brotli,728178,26.7221,6.24,7373.27
opendata_fire_rescue_incidents_2012_present_f362-6fup.csv,19458461,50000,23,parquet+gzip,873097,22.2867,213.22,7941.49
opendata_fire_rescue_incidents_2012_present_f362-6fup.csv,19458461,50000,23,parquet+snappy,1244615,15.6341,1294.36,675.17
opendata_fire_rescue_incidents_2012_present_f362-6fup.csv,19458461,50000,23,parquet+zstd,792907,24.5407,77.63,9440.68
opendata_fire_rescue_incidents_2012_present_f362-6fup.csv,19458461,50000,23,polypress,291690,66.7094,2.33,351.81
opendata_fire_rescue_incidents_2012_present_f362-6fup.csv,19458461,50000,23,polypress+brotli,300063,64.8479,,
opendata_fire_rescue_incidents_2012_present_f362-6fup.csv,19458461,50000,23,polypress+zstd,333269,58.3867,,
opendata_fire_rescue_incidents_2012_present_f362-6fup.csv,19458461,50000,23,xz -9e,484804,40.1368,2.37,492.97
opendata_fire_rescue_incidents_2012_present_f362-6fup.csv,19458461,50000,23,zstd -19,566696,34.3367,4.38,1616.68
opendata_fire_rescue_incidents_2012_present_f362-6fup.csv,19458461,50000,23,zstd -22,546686,35.5935,1.73,1537.46
opendata_fire_rescue_incidents_2012_present_f362-6fup.csv,19458461,50000,23,zstd -3,1058064,18.3906,228.69,1335.17
health_food_service_establishment_last_inspecti_cnih-y5dw.csv,19742877,21599,26,brotli -q11,1872685,10.5426,1.13,621.72
health_food_service_establishment_last_inspecti_cnih-y5dw.csv,19742877,21599,26,bzip2 -9,2586623,7.6327,19.98,80.34
health_food_service_establishment_last_inspecti_cnih-y5dw.csv,19742877,21599,26,feather+lz4,7059314,2.7967,1748.21,3547.12
health_food_service_establishment_last_inspecti_cnih-y5dw.csv,19742877,21599,26,feather+zstd,4495634,4.3916,1557.73,3494.44
health_food_service_establishment_last_inspecti_cnih-y5dw.csv,19742877,21599,26,gzip -9,4411889,4.4749,45.44,978.05
health_food_service_establishment_last_inspecti_cnih-y5dw.csv,19742877,21599,26,lz4 -9,4584367,4.3066,151.16,608.45
health_food_service_establishment_last_inspecti_cnih-y5dw.csv,19742877,21599,26,orc+snappy,5920209,3.3348,628.62,1664.51
health_food_service_establishment_last_inspecti_cnih-y5dw.csv,19742877,21599,26,orc+zlib,4287113,4.6052,211.62,603.96
health_food_service_establishment_last_inspecti_cnih-y5dw.csv,19742877,21599,26,orc+zstd,4127518,4.7832,480.26,1281.34
health_food_service_establishment_last_inspecti_cnih-y5dw.csv,19742877,21599,26,parquet+brotli,2438032,8.0979,1.65,2202.45
health_food_service_establishment_last_inspecti_cnih-y5dw.csv,19742877,21599,26,parquet+gzip,3432489,5.7518,74.91,1611.51
health_food_service_establishment_last_inspecti_cnih-y5dw.csv,19742877,21599,26,parquet+snappy,5717807,3.4529,683.95,621.29
health_food_service_establishment_last_inspecti_cnih-y5dw.csv,19742877,21599,26,parquet+zstd,2554635,7.7283,4.63,3601.27
health_food_service_establishment_last_inspecti_cnih-y5dw.csv,19742877,21599,26,polypress,1443654,13.6756,1.22,197.02
health_food_service_establishment_last_inspecti_cnih-y5dw.csv,19742877,21599,26,polypress+brotli,1448126,13.6334,,
health_food_service_establishment_last_inspecti_cnih-y5dw.csv,19742877,21599,26,polypress+zstd,1504302,13.1243,,
health_food_service_establishment_last_inspecti_cnih-y5dw.csv,19742877,21599,26,xz -9e,1865676,10.5822,4.61,262.39
health_food_service_establishment_last_inspecti_cnih-y5dw.csv,19742877,21599,26,zstd -19,1974750,9.9977,5.0,1049.26
health_food_service_establishment_last_inspecti_cnih-y5dw.csv,19742877,21599,26,zstd -22,1906670,10.3546,2.36,985.38
health_food_service_establishment_last_inspecti_cnih-y5dw.csv,19742877,21599,26,zstd -3,3177699,6.2129,220.37,835.05
datacatalog_medical_examiner_case_archive_cjeq-bs86.csv,20312864,50000,33,brotli -q11,2125610,9.5563,0.95,541.99
datacatalog_medical_examiner_case_archive_cjeq-bs86.csv,20312864,50000,33,bzip2 -9,2319901,8.7559,18.83,81.85
datacatalog_medical_examiner_case_archive_cjeq-bs86.csv,20312864,50000,33,feather+lz4,8471634,2.3978,2689.68,3874.06
datacatalog_medical_examiner_case_archive_cjeq-bs86.csv,20312864,50000,33,feather+zstd,5379634,3.7759,2738.7,4684.83
datacatalog_medical_examiner_case_archive_cjeq-bs86.csv,20312864,50000,33,gzip -9,3876400,5.2401,16.79,1093.21
datacatalog_medical_examiner_case_archive_cjeq-bs86.csv,20312864,50000,33,lz4 -9,4384090,4.6333,120.67,633.13
datacatalog_medical_examiner_case_archive_cjeq-bs86.csv,20312864,50000,33,orc+snappy,5253930,3.8662,472.55,1293.24
datacatalog_medical_examiner_case_archive_cjeq-bs86.csv,20312864,50000,33,orc+zlib,3739443,5.4321,203.33,620.94
datacatalog_medical_examiner_case_archive_cjeq-bs86.csv,20312864,50000,33,orc+zstd,3640246,5.5801,394.73,1007.58
datacatalog_medical_examiner_case_archive_cjeq-bs86.csv,20312864,50000,33,parquet+brotli,2945241,6.8968,1.59,2662.2
datacatalog_medical_examiner_case_archive_cjeq-bs86.csv,20312864,50000,33,parquet+gzip,3622869,5.6068,78.52,2801.84
datacatalog_medical_examiner_case_archive_cjeq-bs86.csv,20312864,50000,33,parquet+snappy,5123863,3.9644,530.36,656.7
datacatalog_medical_examiner_case_archive_cjeq-bs86.csv,20312864,50000,33,parquet+zstd,3122795,6.5047,19.59,4272.73
datacatalog_medical_examiner_case_archive_cjeq-bs86.csv,20312864,50000,33,polypress,1458458,13.9276,1.7,107.81
datacatalog_medical_examiner_case_archive_cjeq-bs86.csv,20312864,50000,33,polypress+brotli,1507732,13.4725,,
datacatalog_medical_examiner_case_archive_cjeq-bs86.csv,20312864,50000,33,polypress+zstd,1616054,12.5694,,
datacatalog_medical_examiner_case_archive_cjeq-bs86.csv,20312864,50000,33,xz -9e,2101244,9.6671,3.01,220.82
datacatalog_medical_examiner_case_archive_cjeq-bs86.csv,20312864,50000,33,zstd -19,2267867,8.9568,3.61,1009.43
datacatalog_medical_examiner_case_archive_cjeq-bs86.csv,20312864,50000,33,zstd -22,2233538,9.0945,2.86,1002.37
datacatalog_medical_examiner_case_archive_cjeq-bs86.csv,20312864,50000,33,zstd -3,3730180,5.4455,221.93,790.94
data_permit_applications_ryhf-m453.csv,22684739,50000,40,brotli -q11,2170266,10.4525,1.04,633.23
data_permit_applications_ryhf-m453.csv,22684739,50000,40,bzip2 -9,3450193,6.5749,21.67,71.26
data_permit_applications_ryhf-m453.csv,22684739,50000,40,feather+lz4,10320346,2.1981,2821.84,3652.32
data_permit_applications_ryhf-m453.csv,22684739,50000,40,feather+zstd,6534578,3.4715,2217.72,4348.97
data_permit_applications_ryhf-m453.csv,22684739,50000,40,gzip -9,5737218,3.954,24.93,895.63
data_permit_applications_ryhf-m453.csv,22684739,50000,40,lz4 -9,6306078,3.5973,110.55,563.75
data_permit_applications_ryhf-m453.csv,22684739,50000,40,orc+snappy,6869628,3.3022,383.3,1010.51
data_permit_applications_ryhf-m453.csv,22684739,50000,40,orc+zlib,4905310,4.6245,175.55,501.59
data_permit_applications_ryhf-m453.csv,22684739,50000,40,orc+zstd,4643406,4.8854,324.65,836.15
data_permit_applications_ryhf-m453.csv,22684739,50000,40,parquet+brotli,2889975,7.8495,2.73,3159.34
data_permit_applications_ryhf-m453.csv,22684739,50000,40,parquet+gzip,3260770,6.9569,97.37,3540.61
data_permit_applications_ryhf-m453.csv,22684739,50000,40,parquet+snappy,4559105,4.9757,545.64,743.15
data_permit_applications_ryhf-m453.csv,22684739,50000,40,parquet+zstd,2963891,7.6537,28.29,5317.83
data_permit_applications_ryhf-m453.csv,22684739,50000,40,polypress,1726269,13.1409,1.5,107.95
data_permit_applications_ryhf-m453.csv,22684739,50000,40,polypress+brotli,1748617,12.973,,
data_permit_applications_ryhf-m453.csv,22684739,50000,40,polypress+zstd,1875940,12.0925,,
data_permit_applications_ryhf-m453.csv,22684739,50000,40,xz -9e,2170364,10.452,3.63,251.79
data_permit_applications_ryhf-m453.csv,22684739,50000,40,zstd -19,2299155,9.8666,3.84,1086.27
data_permit_applications_ryhf-m453.csv,22684739,50000,40,zstd -22,2255885,10.0558,3.05,1076.23
data_permit_applications_ryhf-m453.csv,22684739,50000,40,zstd -3,4099361,5.5337,209.97,806.22
datos_código_único_de_medicamentos_vencidos_vwwf-4ftk.csv,24069025,50000,29,brotli -q11,672312,35.8004,1.7,1172.06
datos_código_único_de_medicamentos_vencidos_vwwf-4ftk.csv,24069025,50000,29,bzip2 -9,1008995,23.8545,18.84,131.92
datos_código_único_de_medicamentos_vencidos_vwwf-4ftk.csv,24069025,50000,29,feather+lz4,5723962,4.205,3654.14,4282.02
datos_código_único_de_medicamentos_vencidos_vwwf-4ftk.csv,24069025,50000,29,feather+zstd,3488610,6.8993,4568.21,5000.88
datos_código_único_de_medicamentos_vencidos_vwwf-4ftk.csv,24069025,50000,29,gzip -9,1269338,18.9619,65.76,2149.62
datos_código_único_de_medicamentos_vencidos_vwwf-4ftk.csv,24069025,50000,29,lz4 -9,1499897,16.0471,199.13,1197.16
datos_código_único_de_medicamentos_vencidos_vwwf-4ftk.csv,24069025,50000,29,orc+snappy,2176783,11.0572,796.01,1776.71
datos_código_único_de_medicamentos_vencidos_vwwf-4ftk.csv,24069025,50000,29,orc+zlib,1366880,17.6087,464.83,1089.78
datos_código_único_de_medicamentos_vencidos_vwwf-4ftk.csv,24069025,50000,29,orc+zstd,1252110,19.2228,699.62,1594.28
datos_código_único_de_medicamentos_vencidos_vwwf-4ftk.csv,24069025,50000,29,parquet+brotli,858287,28.0431,8.83,5840.82
datos_código_único_de_medicamentos_vencidos_vwwf-4ftk.csv,24069025,50000,29,parquet+gzip,944481,25.4839,313.36,7431.2
datos_código_único_de_medicamentos_vencidos_vwwf-4ftk.csv,24069025,50000,29,parquet+snappy,1356072,17.7491,1030.97,817.37
datos_código_único_de_medicamentos_vencidos_vwwf-4ftk.csv,24069025,50000,29,parquet+zstd,863412,27.8766,69.94,8079.46
datos_código_único_de_medicamentos_vencidos_vwwf-4ftk.csv,24069025,50000,29,polypress,441865,54.4714,4.24,257.74
datos_código_único_de_medicamentos_vencidos_vwwf-4ftk.csv,24069025,50000,29,polypress+brotli,450362,53.4437,,
datos_código_único_de_medicamentos_vencidos_vwwf-4ftk.csv,24069025,50000,29,polypress+zstd,503468,47.8065,,
datos_código_único_de_medicamentos_vencidos_vwwf-4ftk.csv,24069025,50000,29,xz -9e,649220,37.0738,4.8,500.48
datos_código_único_de_medicamentos_vencidos_vwwf-4ftk.csv,24069025,50000,29,zstd -19,741083,32.4782,6.22,1691.57
datos_código_único_de_medicamentos_vencidos_vwwf-4ftk.csv,24069025,50000,29,zstd -22,696965,34.5341,1.42,1622.36
datos_código_único_de_medicamentos_vencidos_vwwf-4ftk.csv,24069025,50000,29,zstd -3,1118990,21.5096,229.28,1524.41
datos_código_único_de_medicamentos_otros_estad_spzp-dfuc.csv,24253871,50000,29,brotli -q11,1197295,20.2572,1.13,905.75
datos_código_único_de_medicamentos_otros_estad_spzp-dfuc.csv,24253871,50000,29,bzip2 -9,3112103,7.7934,20.71,73.75
datos_código_único_de_medicamentos_otros_estad_spzp-dfuc.csv,24253871,50000,29,feather+lz4,12234346,1.9824,2249.88,3642.25
datos_código_único_de_medicamentos_otros_estad_spzp-dfuc.csv,24253871,50000,29,feather+zstd,7453962,3.2538,2030.3,4035.55
datos_código_único_de_medicamentos_otros_estad_spzp-dfuc.csv,24253871,50000,29,gzip -9,5721839,4.2388,18.71,954.73
datos_código_único_de_medicamentos_otros_estad_spzp-dfuc.csv,24253871,50000,29,lz4 -9,6137909,3.9515,116.03,600.46
datos_código_único_de_medicamentos_otros_estad_spzp-dfuc.csv,24253871,50000,29,orc+snappy,7337023,3.3057,437.28,1159.08
datos_código_único_de_medicamentos_otros_estad_spzp-dfuc.csv,24253871,50000,29,orc+zlib,5316221,4.5622,178.76,511.49
datos_código_único_de_medicamentos_otros_estad_spzp-dfuc.csv,24253871,50000,29,orc+zstd,5091076,4.764,341.47,850.93
datos_código_único_de_medicamentos_otros_estad_spzp-dfuc.csv,24253871,50000,29,parquet+brotli,2127628,11.3995,2.9,3061.24
datos_código_único_de_medicamentos_otros_estad_spzp-dfuc.csv,24253871,50000,29,parquet+gzip,2619442,9.2592,124.5,2391.46
datos_código_único_de_medicamentos_otros_estad_spzp-dfuc.csv,24253871,50000,29,parquet+snappy,3762453,6.4463,719.23,790.03
datos_código_único_de_medicamentos_otros_estad_spzp-dfuc.csv,24253871,50000,29,parquet+zstd,2178362,11.134,23.07,5733.42
datos_código_único_de_medicamentos_otros_estad_spzp-dfuc.csv,24253871,50000,29,polypress,1061468,22.8494,1.76,162.17
datos_código_único_de_medicamentos_otros_estad_spzp-dfuc.csv,24253871,50000,29,polypress+brotli,1109105,21.868,,
datos_código_único_de_medicamentos_otros_estad_spzp-dfuc.csv,24253871,50000,29,polypress+zstd,1187161,20.4301,,
datos_código_único_de_medicamentos_otros_estad_spzp-dfuc.csv,24253871,50000,29,xz -9e,1131588,21.4335,3.94,404.76
datos_código_único_de_medicamentos_otros_estad_spzp-dfuc.csv,24253871,50000,29,zstd -19,1360094,17.8325,3.84,1396.39
datos_código_único_de_medicamentos_otros_estad_spzp-dfuc.csv,24253871,50000,29,zstd -22,1174236,20.655,2.19,1392.22
datos_código_único_de_medicamentos_otros_estad_spzp-dfuc.csv,24253871,50000,29,zstd -3,3762059,6.447,214.52,893.04
datos_código_único_de_medicamentos_vigentes_i7cb-raxc.csv,24314858,50000,29,brotli -q11,1248641,19.4731,1.1,885.88
datos_código_único_de_medicamentos_vigentes_i7cb-raxc.csv,24314858,50000,29,bzip2 -9,3120611,7.7917,20.85,79.07
datos_código_único_de_medicamentos_vigentes_i7cb-raxc.csv,24314858,50000,29,feather+lz4,12092410,2.0108,1890.87,3779.7
datos_código_único_de_medicamentos_vigentes_i7cb-raxc.csv,24314858,50000,29,feather+zstd,7394218,3.2884,1627.29,3776.76
datos_código_único_de_medicamentos_vigentes_i7cb-raxc.csv,24314858,50000,29,gzip -9,5796196,4.195,21.58,952.03
datos_código_único_de_medicamentos_vigentes_i7cb-raxc.csv,24314858,50000,29,lz4 -9,6218332,3.9102,116.05,594.8
datos_código_único_de_medicamentos_vigentes_i7cb-raxc.csv,24314858,50000,29,orc+snappy,7448539,3.2644,435.47,1101.81
datos_código_único_de_medicamentos_vigentes_i7cb-raxc.csv,24314858,50000,29,orc+zlib,5379856,4.5196,178.13,501.49
datos_código_único_de_medicamentos_vigentes_i7cb-raxc.csv,24314858,50000,29,orc+zstd,5171284,4.7019,339.28,845.11
datos_código_único_de_medicamentos_vigentes_i7cb-raxc.csv,24314858,50000,29,parquet+brotli,2189144,11.107,2.67,2723.13
datos_código_único_de_medicamentos_vigentes_i7cb-raxc.csv,24314858,50000,29,parquet+gzip,2797960,8.6902,109.72,2173.29
datos_código_único_de_medicamentos_vigentes_i7cb-raxc.csv,24314858,50000,29,parquet+snappy,4148927,5.8605,686.65,777.48
datos_código_único_de_medicamentos_vigentes_i7cb-raxc.csv,24314858,50000,29,parquet+zstd,2238127,10.8639,18.88,4540.49
datos_código_único_de_medicamentos_vigentes_i7cb-raxc.csv,24314858,50000,29,polypress,1040545,23.3674,1.73,164.72
datos_código_único_de_medicamentos_vigentes_i7cb-raxc.csv,24314858,50000,29,polypress+brotli,1036405,23.4608,,
datos_código_único_de_medicamentos_vigentes_i7cb-raxc.csv,24314858,50000,29,polypress+zstd,1124776,21.6175,,
datos_código_único_de_medicamentos_vigentes_i7cb-raxc.csv,24314858,50000,29,xz -9e,1206216,20.158,3.79,389.59
datos_código_único_de_medicamentos_vigentes_i7cb-raxc.csv,24314858,50000,29,zstd -19,1434395,16.9513,3.71,1384.13
datos_código_único_de_medicamentos_vigentes_i7cb-raxc.csv,24314858,50000,29,zstd -22,1254250,19.386,2.31,1396.68
datos_código_único_de_medicamentos_vigentes_i7cb-raxc.csv,24314858,50000,29,zstd -3,3866189,6.2891,208.98,877.07
data_dob_permit_issuance_ipu4-2q9a.csv,25439515,50000,60,brotli -q11,3464832,7.3422,0.94,460.24
data_dob_permit_issuance_ipu4-2q9a.csv,25439515,50000,60,bzip2 -9,4628577,5.4962,21.65,68.96
data_dob_permit_issuance_ipu4-2q9a.csv,25439515,50000,60,feather+lz4,16352194,1.5557,1949.66,2093.78
data_dob_permit_issuance_ipu4-2q9a.csv,25439515,50000,60,feather+zstd,9856130,2.5811,1825.32,3089.92
data_dob_permit_issuance_ipu4-2q9a.csv,25439515,50000,60,gzip -9,7003402,3.6325,9.13,856.63
data_dob_permit_issuance_ipu4-2q9a.csv,25439515,50000,60,lz4 -9,7850061,3.2407,94.09,525.17
data_dob_permit_issuance_ipu4-2q9a.csv,25439515,50000,60,orc+snappy,8524032,2.9844,310.14,842.73
data_dob_permit_issuance_ipu4-2q9a.csv,25439515,50000,60,orc+zlib,6175887,4.1192,141.48,441.64
data_dob_permit_issuance_ipu4-2q9a.csv,25439515,50000,60,orc+zstd,5997188,4.2419,270.06,717.17
data_dob_permit_issuance_ipu4-2q9a.csv,25439515,50000,60,parquet+brotli,4597000,5.5339,1.66,2465.02
data_dob_permit_issuance_ipu4-2q9a.csv,25439515,50000,60,parquet+gzip,5223501,4.8702,72.42,3093.32
data_dob_permit_issuance_ipu4-2q9a.csv,25439515,50000,60,parquet+snappy,6798764,3.7418,378.18,774.25
data_dob_permit_issuance_ipu4-2q9a.csv,25439515,50000,60,parquet+zstd,4813416,5.2851,24.22,3980.64
data_dob_permit_issuance_ipu4-2q9a.csv,25439515,50000,60,polypress,2750073,9.2505,1.39,77.96
data_dob_permit_issuance_ipu4-2q9a.csv,25439515,50000,60,polypress+brotli,2795065,9.1016,,
data_dob_permit_issuance_ipu4-2q9a.csv,25439515,50000,60,polypress+zstd,2991988,8.5025,,
data_dob_permit_issuance_ipu4-2q9a.csv,25439515,50000,60,xz -9e,3478304,7.3138,2.99,178.47
data_dob_permit_issuance_ipu4-2q9a.csv,25439515,50000,60,zstd -19,3809319,6.6782,3.48,908.98
data_dob_permit_issuance_ipu4-2q9a.csv,25439515,50000,60,zstd -22,3627101,7.0137,2.95,911.94
data_dob_permit_issuance_ipu4-2q9a.csv,25439515,50000,60,zstd -3,6381145,3.9867,201.01,660.34
data_covid_19_vaccinations_in_the_united_stat_8xkx-amqh.csv,26249178,50000,80,brotli -q11,2327493,11.2779,0.85,568.35
data_covid_19_vaccinations_in_the_united_stat_8xkx-amqh.csv,26249178,50000,80,bzip2 -9,5502168,4.7707,20.81,68.17
data_covid_19_vaccinations_in_the_united_stat_8xkx-amqh.csv,26249178,50000,80,feather+lz4,15064234,1.7425,1981.27,2092.38
data_covid_19_vaccinations_in_the_united_stat_8xkx-amqh.csv,26249178,50000,80,feather+zstd,8474858,3.0973,1659.34,2714.83
data_covid_19_vaccinations_in_the_united_stat_8xkx-amqh.csv,26249178,50000,80,gzip -9,7508904,3.4957,3.21,846.88
data_covid_19_vaccinations_in_the_united_stat_8xkx-amqh.csv,26249178,50000,80,lz4 -9,9235400,2.8422,71.0,497.4
data_covid_19_vaccinations_in_the_united_stat_8xkx-amqh.csv,26249178,50000,80,orc+snappy,8374509,3.1344,283.93,999.01
data_covid_19_vaccinations_in_the_united_stat_8xkx-amqh.csv,26249178,50000,80,orc+zlib,6879835,3.8154,130.2,525.33
data_covid_19_vaccinations_in_the_united_stat_8xkx-amqh.csv,26249178,50000,80,orc+zstd,6731796,3.8993,251.11,747.42
data_covid_19_vaccinations_in_the_united_stat_8xkx-amqh.csv,26249178,50000,80,parquet+brotli,6189558,4.2409,1.51,2541.07
data_covid_19_vaccinations_in_the_united_stat_8xkx-amqh.csv,26249178,50000,80,parquet+gzip,6326490,4.1491,75.81,4266.0
data_covid_19_vaccinations_in_the_united_stat_8xkx-amqh.csv,26249178,50000,80,parquet+snappy,7264366,3.6134,451.12,847.24
data_covid_19_vaccinations_in_the_united_stat_8xkx-amqh.csv,26249178,50000,80,parquet+zstd,6145737,4.2711,30.28,5995.59
data_covid_19_vaccinations_in_the_united_stat_8xkx-amqh.csv,26249178,50000,80,polypress,2210086,11.877,1.05,90.04
data_covid_19_vaccinations_in_the_united_stat_8xkx-amqh.csv,26249178,50000,80,polypress+brotli,2289429,11.4654,,
data_covid_19_vaccinations_in_the_united_stat_8xkx-amqh.csv,26249178,50000,80,polypress+zstd,2544357,10.3166,,
data_covid_19_vaccinations_in_the_united_stat_8xkx-amqh.csv,26249178,50000,80,xz -9e,2266644,11.5806,2.56,208.92
data_covid_19_vaccinations_in_the_united_stat_8xkx-amqh.csv,26249178,50000,80,zstd -19,2679580,9.796,3.0,1094.72
data_covid_19_vaccinations_in_the_united_stat_8xkx-amqh.csv,26249178,50000,80,zstd -22,2684052,9.7797,2.27,1075.91
data_covid_19_vaccinations_in_the_united_stat_8xkx-amqh.csv,26249178,50000,80,zstd -3,6915387,3.7958,205.19,645.53
data_vaccines_gov_covid_19_vaccinating_provid_5jp2-pgaw.csv,28608784,50000,34,brotli -q11,1776370,16.1052,1.56,779.66
data_vaccines_gov_covid_19_vaccinating_provid_5jp2-pgaw.csv,28608784,50000,34,bzip2 -9,2774825,10.3101,15.59,85.61
data_vaccines_gov_covid_19_vaccinating_provid_5jp2-pgaw.csv,28608784,50000,34,feather+lz4,9944002,2.877,3431.14,3586.4
data_vaccines_gov_covid_19_vaccinating_provid_5jp2-pgaw.csv,28608784,50000,34,feather+zstd,5963954,4.7969,3170.0,5065.39
data_vaccines_gov_covid_19_vaccinating_provid_5jp2-pgaw.csv,28608784,50000,34,gzip -9,4392806,6.5126,40.71,1271.28
data_vaccines_gov_covid_19_vaccinating_provid_5jp2-pgaw.csv,28608784,50000,34,lz4 -9,5042041,5.674,180.38,797.17
data_vaccines_gov_covid_19_vaccinating_provid_5jp2-pgaw.csv,28608784,50000,34,orc+snappy,6212903,4.6047,661.0,1447.96
data_vaccines_gov_covid_19_vaccinating_provid_5jp2-pgaw.csv,28608784,50000,34,orc+zlib,3926218,7.2866,292.11,766.13
data_vaccines_gov_covid_19_vaccinating_provid_5jp2-pgaw.csv,28608784,50000,34,orc+zstd,3673394,7.7881,531.94,1243.8
data_vaccines_gov_covid_19_vaccinating_provid_5jp2-pgaw.csv,28608784,50000,34,parquet+brotli,2397613,11.9322,4.16,4574.33
data_vaccines_gov_covid_19_vaccinating_provid_5jp2-pgaw.csv,28608784,50000,34,parquet+gzip,2715761,10.5344,164.63,6030.45
data_vaccines_gov_covid_19_vaccinating_provid_5jp2-pgaw.csv,28608784,50000,34,parquet+snappy,3702015,7.7279,791.33,2172.43
data_vaccines_gov_covid_19_vaccinating_provid_5jp2-pgaw.csv,28608784,50000,34,parquet+zstd,2483994,11.5173,45.73,7220.72
data_vaccines_gov_covid_19_vaccinating_provid_5jp2-pgaw.csv,28608784,50000,34,polypress,1708397,16.746,3.26,107.65
data_vaccines_gov_covid_19_vaccinating_provid_5jp2-pgaw.csv,28608784,50000,34,polypress+brotli,1750821,16.3402,,
data_vaccines_gov_covid_19_vaccinating_provid_5jp2-pgaw.csv,28608784,50000,34,polypress+zstd,1840233,15.5463,,
data_vaccines_gov_covid_19_vaccinating_provid_5jp2-pgaw.csv,28608784,50000,34,xz -9e,1757508,16.278,6.03,300.83
data_vaccines_gov_covid_19_vaccinating_provid_5jp2-pgaw.csv,28608784,50000,34,zstd -19,1952888,14.6495,6.75,1361.17
data_vaccines_gov_covid_19_vaccinating_provid_5jp2-pgaw.csv,28608784,50000,34,zstd -22,1848332,15.4782,2.3,1357.41
data_vaccines_gov_covid_19_vaccinating_provid_5jp2-pgaw.csv,28608784,50000,34,zstd -3,2902672,9.856,232.78,1151.63
data_solar_electric_programs_reported_by_nyse_3x8r-34rs.csv,29921714,50000,50,brotli -q11,1584403,18.8852,0.95,853.07
data_solar_electric_programs_reported_by_nyse_3x8r-34rs.csv,29921714,50000,50,bzip2 -9,2048035,14.61,16.08,90.7
data_solar_electric_programs_reported_by_nyse_3x8r-34rs.csv,29921714,50000,50,feather+lz4,9949354,3.0074,2243.05,3038.61
data_solar_electric_programs_reported_by_nyse_3x8r-34rs.csv,29921714,50000,50,feather+zstd,5968306,5.0134,2844.27,4649.21
data_solar_electric_programs_reported_by_nyse_3x8r-34rs.csv,29921714,50000,50,gzip -9,4065977,7.359,25.73,1412.66
data_solar_electric_programs_reported_by_nyse_3x8r-34rs.csv,29921714,50000,50,lz4 -9,4385346,6.8231,159.58,849.37
data_solar_electric_programs_reported_by_nyse_3x8r-34rs.csv,29921714,50000,50,orc+snappy,4864751,6.1507,529.06,1336.56
data_solar_electric_programs_reported_by_nyse_3x8r-34rs.csv,29921714,50000,50,orc+zlib,3205015,9.3359,284.73,819.63
data_solar_electric_programs_reported_by_nyse_3x8r-34rs.csv,29921714,50000,50,orc+zstd,3099268,9.6544,458.03,1126.53
data_solar_electric_programs_reported_by_nyse_3x8r-34rs.csv,29921714,50000,50,parquet+brotli,1899789,15.75,7.45,5248.66
data_solar_electric_programs_reported_by_nyse_3x8r-34rs.csv,29921714,50000,50,parquet+gzip,2054848,14.5615,239.51,6022.98
data_solar_electric_programs_reported_by_nyse_3x8r-34rs.csv,29921714,50000,50,parquet+snappy,2544184,11.7608,777.59,954.62
data_solar_electric_programs_reported_by_nyse_3x8r-34rs.csv,29921714,50000,50,parquet+zstd,1951652,15.3315,82.26,7136.0
data_solar_electric_programs_reported_by_nyse_3x8r-34rs.csv,29921714,50000,50,polypress,1076377,27.7985,1.98,160.83
data_solar_electric_programs_reported_by_nyse_3x8r-34rs.csv,29921714,50000,50,polypress+brotli,1082550,27.64,,
data_solar_electric_programs_reported_by_nyse_3x8r-34rs.csv,29921714,50000,50,polypress+zstd,1185627,25.237,,
data_solar_electric_programs_reported_by_nyse_3x8r-34rs.csv,29921714,50000,50,xz -9e,1534212,19.503,3.48,343.57
data_solar_electric_programs_reported_by_nyse_3x8r-34rs.csv,29921714,50000,50,zstd -19,1649328,18.1418,3.47,1501.33
data_solar_electric_programs_reported_by_nyse_3x8r-34rs.csv,29921714,50000,50,zstd -22,1618472,18.4876,3.08,1448.35
data_solar_electric_programs_reported_by_nyse_3x8r-34rs.csv,29921714,50000,50,zstd -3,3042934,9.8332,233.74,1153.4
data_food_inspections_4ijn-s7e5.csv,29997871,29057,17,brotli -q11,2570374,11.6706,0.99,701.65
data_food_inspections_4ijn-s7e5.csv,29997871,29057,17,bzip2 -9,3925394,7.642,21.43,81.36
data_food_inspections_4ijn-s7e5.csv,29997871,29057,17,gzip -9,6587269,4.5539,47.77,1042.94
data_food_inspections_4ijn-s7e5.csv,29997871,29057,17,lz4 -9,7120591,4.2128,141.02,628.54
data_food_inspections_4ijn-s7e5.csv,29997871,29057,17,polypress,2169624,13.8263,1.24,262.71
data_food_inspections_4ijn-s7e5.csv,29997871,29057,17,polypress+brotli,2197089,13.6535,,
data_food_inspections_4ijn-s7e5.csv,29997871,29057,17,polypress+zstd,2247449,13.3475,,
data_food_inspections_4ijn-s7e5.csv,29997871,29057,17,xz -9e,2452464,12.2317,3.25,292.91
data_food_inspections_4ijn-s7e5.csv,29997871,29057,17,zstd -19,2795681,10.7301,3.62,1195.03
data_food_inspections_4ijn-s7e5.csv,29997871,29057,17,zstd -22,2524192,11.8841,2.63,1204.78
data_food_inspections_4ijn-s7e5.csv,29997871,29057,17,zstd -3,5114305,5.8655,224.9,874.07
datos_secop_ii_contratos_electrónicos_jbjy-vk9h.csv,29998806,16754,85,brotli -q11,2660816,11.2743,0.99,657.79
datos_secop_ii_contratos_electrónicos_jbjy-vk9h.csv,29998806,16754,85,bzip2 -9,3773062,7.9508,18.7,82.45
datos_secop_ii_contratos_electrónicos_jbjy-vk9h.csv,29998806,16754,85,gzip -9,5789466,5.1816,36.96,1136.97
datos_secop_ii_contratos_electrónicos_jbjy-vk9h.csv,29998806,16754,85,lz4 -9,6344268,4.7285,155.34,689.55
datos_secop_ii_contratos_electrónicos_jbjy-vk9h.csv,29998806,16754,85,polypress,2067045,14.5129,0.73,172.06
datos_secop_ii_contratos_electrónicos_jbjy-vk9h.csv,29998806,16754,85,polypress+brotli,2092343,14.3374,,
datos_secop_ii_contratos_electrónicos_jbjy-vk9h.csv,29998806,16754,85,polypress+zstd,2218775,13.5204,,
datos_secop_ii_contratos_electrónicos_jbjy-vk9h.csv,29998806,16754,85,xz -9e,2601016,11.5335,3.54,261.77
datos_secop_ii_contratos_electrónicos_jbjy-vk9h.csv,29998806,16754,85,zstd -19,2862314,10.4806,3.76,1167.26
datos_secop_ii_contratos_electrónicos_jbjy-vk9h.csv,29998806,16754,85,zstd -22,2704665,11.0915,2.81,1164.82
datos_secop_ii_contratos_electrónicos_jbjy-vk9h.csv,29998806,16754,85,zstd -3,4865899,6.1651,221.92,889.12
datos_secop_ii_procesos_de_contratación_p6dx-8zbt.csv,29999328,26207,59,brotli -q11,2527986,11.8669,1.09,660.91
datos_secop_ii_procesos_de_contratación_p6dx-8zbt.csv,29999328,26207,59,bzip2 -9,3621679,8.2833,17.87,84.46
datos_secop_ii_procesos_de_contratación_p6dx-8zbt.csv,29999328,26207,59,gzip -9,5786178,5.1847,35.95,1138.71
datos_secop_ii_procesos_de_contratación_p6dx-8zbt.csv,29999328,26207,59,lz4 -9,6298086,4.7632,155.13,698.29
datos_secop_ii_procesos_de_contratación_p6dx-8zbt.csv,29999328,26207,59,polypress,1999701,15.0019,0.9,182.26
datos_secop_ii_procesos_de_contratación_p6dx-8zbt.csv,29999328,26207,59,polypress+brotli,2013114,14.902,,
datos_secop_ii_procesos_de_contratación_p6dx-8zbt.csv,29999328,26207,59,polypress+zstd,2101274,14.2767,,
datos_secop_ii_procesos_de_contratación_p6dx-8zbt.csv,29999328,26207,59,xz -9e,2500548,11.9971,3.94,269.53
datos_secop_ii_procesos_de_contratación_p6dx-8zbt.csv,29999328,26207,59,zstd -19,2747485,10.9188,4.24,1191.77
datos_secop_ii_procesos_de_contratación_p6dx-8zbt.csv,29999328,26207,59,zstd -22,2588412,11.5899,2.73,1197.54
datos_secop_ii_procesos_de_contratación_p6dx-8zbt.csv,29999328,26207,59,zstd -3,4921629,6.0954,226.39,889.66
data_traffic_crashes_crashes_85ca-t3if.csv,29999370,47753,49,brotli -q11,5266628,5.6961,0.89,356.11
data_traffic_crashes_crashes_85ca-t3if.csv,29999370,47753,49,bzip2 -9,5540091,5.415,17.9,75.05
data_traffic_crashes_crashes_85ca-t3if.csv,29999370,47753,49,feather+lz4,15878906,1.8893,1981.99,3018.65
data_traffic_crashes_crashes_85ca-t3if.csv,29999370,47753,49,feather+zstd,8857482,3.3869,2301.82,3915.31
data_traffic_crashes_crashes_85ca-t3if.csv,29999370,47753,49,gzip -9,7561493,3.9674,27.81,919.44
data_traffic_crashes_crashes_85ca-t3if.csv,29999370,47753,49,lz4 -9,9518544,3.1517,129.01,531.7
data_traffic_crashes_crashes_85ca-t3if.csv,29999370,47753,49,orc+snappy,10850364,2.7648,537.5,1378.95
data_traffic_crashes_crashes_85ca-t3if.csv,29999370,47753,49,orc+zlib,6871587,4.3657,195.13,603.22
data_traffic_crashes_crashes_85ca-t3if.csv,29999370,47753,49,orc+zstd,6200281,4.8384,462.25,1150.33
data_traffic_crashes_crashes_85ca-t3if.csv,29999370,47753,49,parquet+brotli,5586241,5.3702,2.09,1693.9
data_traffic_crashes_crashes_85ca-t3if.csv,29999370,47753,49,parquet+gzip,6540638,4.5866,82.4,1489.62
data_traffic_crashes_crashes_85ca-t3if.csv,29999370,47753,49,parquet+snappy,9826986,3.0528,605.4,925.05
data_traffic_crashes_crashes_85ca-t3if.csv,29999370,47753,49,parquet+zstd,5781362,5.189,29.58,5436.68
data_traffic_crashes_crashes_85ca-t3if.csv,29999370,47753,49,polypress,4743221,6.3247,0.79,100.55
data_traffic_crashes_crashes_85ca-t3if.csv,29999370,47753,49,polypress+brotli,4690257,6.3961,,
data_traffic_crashes_crashes_85ca-t3if.csv,29999370,47753,49,polypress+zstd,5101461,5.8805,,
data_traffic_crashes_crashes_85ca-t3if.csv,29999370,47753,49,xz -9e,5360292,5.5966,2.76,120.2
data_traffic_crashes_crashes_85ca-t3if.csv,29999370,47753,49,zstd -19,5489455,5.4649,3.22,813.25
data_traffic_crashes_crashes_85ca-t3if.csv,29999370,47753,49,zstd -22,5406741,5.5485,2.61,839.9
data_traffic_crashes_crashes_85ca-t3if.csv,29999370,47753,49,zstd -3,7424757,4.0405,215.99,678.18
data_building_permits_ydr8-5enu.csv,29999546,30334,116,brotli -q11,3132815,9.5759,0.99,546.53
data_building_permits_ydr8-5enu.csv,29999546,30334,116,bzip2 -9,4339148,6.9137,21.18,80.19
data_building_permits_ydr8-5enu.csv,29999546,30334,116,feather+lz4,13272354,2.2603,1161.87,1827.48
data_building_permits_ydr8-5enu.csv,29999546,30334,116,feather+zstd,8386594,3.5771,1321.73,1860.66
data_building_permits_ydr8-5enu.csv,29999546,30334,116,gzip -9,6419156,4.6734,20.03,1047.24
data_building_permits_ydr8-5enu.csv,29999546,30334,116,lz4 -9,7201801,4.1656,138.15,624.17
data_building_permits_ydr8-5enu.csv,29999546,30334,116,orc+snappy,8462572,3.545,358.22,937.11
data_building_permits_ydr8-5enu.csv,29999546,30334,116,orc+zlib,6075752,4.9376,173.11,491.44
data_building_permits_ydr8-5enu.csv,29999546,30334,116,orc+zstd,5769416,5.1998,296.91,783.19
data_building_permits_ydr8-5enu.csv,29999546,30334,116,parquet+brotli,4219755,7.1093,1.95,2431.49
data_building_permits_ydr8-5enu.csv,29999546,30334,116,parquet+gzip,4931952,6.0827,79.47,2752.49
data_building_permits_ydr8-5enu.csv,29999546,30334,116,parquet+snappy,7033385,4.2653,450.82,1909.48
data_building_permits_ydr8-5enu.csv,29999546,30334,116,parquet+zstd,4358812,6.8825,17.07,4110.66
data_building_permits_ydr8-5enu.csv,29999546,30334,116,polypress,2706672,11.0836,0.91,99.52
data_building_permits_ydr8-5enu.csv,29999546,30334,116,polypress+brotli,2751770,10.9019,,
data_building_permits_ydr8-5enu.csv,29999546,30334,116,polypress+zstd,2886574,10.3928,,
data_building_permits_ydr8-5enu.csv,29999546,30334,116,xz -9e,3081524,9.7353,3.48,220.28
data_building_permits_ydr8-5enu.csv,29999546,30334,116,zstd -19,3386190,8.8594,3.94,1087.41
data_building_permits_ydr8-5enu.csv,29999546,30334,116,zstd -22,3209213,9.3479,2.75,1081.23
data_building_permits_ydr8-5enu.csv,29999546,30334,116,zstd -3,5433976,5.5207,219.77,831.33
data_building_permits_c2es-76ed.csv,29999579,42028,30,brotli -q11,3365877,8.9129,0.94,495.52
data_building_permits_c2es-76ed.csv,29999579,42028,30,bzip2 -9,4374519,6.8578,19.89,83.95
data_building_permits_c2es-76ed.csv,29999579,42028,30,feather+lz4,13450954,2.2303,2275.44,3485.14
data_building_permits_c2es-76ed.csv,29999579,42028,30,feather+zstd,8319338,3.606,1984.63,4321.88
data_building_permits_c2es-76ed.csv,29999579,42028,30,gzip -9,5709511,5.2543,33.44,1113.45
data_building_permits_c2es-76ed.csv,29999579,42028,30,lz4 -9,6934876,4.3259,142.1,659.48
data_building_permits_c2es-76ed.csv,29999579,42028,30,orc+snappy,9572446,3.134,523.6,1495.26
data_building_permits_c2es-76ed.csv,29999579,42028,30,orc+zlib,6582379,4.5576,208.55,615.81
data_building_permits_c2es-76ed.csv,29999579,42028,30,orc+zstd,6101044,4.9171,445.91,1154.76
data_building_permits_c2es-76ed.csv,29999579,42028,30,parquet+brotli,4634992,6.4724,1.55,1944.48
data_building_permits_c2es-76ed.csv,29999579,42028,30,parquet+gzip,5786897,5.1841,69.64,2472.1
data_building_permits_c2es-76ed.csv,29999579,42028,30,parquet+snappy,8857888,3.3868,597.98,820.26
data_building_permits_c2es-76ed.csv,29999579,42028,30,parquet+zstd,4958481,6.0502,13.69,5237.35
data_building_permits_c2es-76ed.csv,29999579,42028,30,polypress,2841615,10.5572,0.77,119.64
data_building_permits_c2es-76ed.csv,29999579,42028,30,polypress+brotli,2858567,10.4946,,
data_building_permits_c2es-76ed.csv,29999579,42028,30,polypress+zstd,3025780,9.9147,,
data_building_permits_c2es-76ed.csv,29999579,42028,30,xz -9e,3290956,9.1158,3.34,191.56
data_building_permits_c2es-76ed.csv,29999579,42028,30,zstd -19,3596277,8.3418,3.79,1064.57
data_building_permits_c2es-76ed.csv,29999579,42028,30,zstd -22,3504185,8.5611,3.07,1054.54
data_building_permits_c2es-76ed.csv,29999579,42028,30,zstd -3,5435751,5.5189,221.54,839.76
data_dob_job_application_filings_ic3t-wcy2.csv,29999705,43927,95,brotli -q11,3774784,7.9474,0.94,509.24
data_dob_job_application_filings_ic3t-wcy2.csv,29999705,43927,95,bzip2 -9,4552121,6.5903,21.42,74.15
data_dob_job_application_filings_ic3t-wcy2.csv,29999705,43927,95,feather+lz4,16617818,1.8053,1119.8,2122.24
data_dob_job_application_filings_ic3t-wcy2.csv,29999705,43927,95,feather+zstd,9804882,3.0597,1197.78,2091.17
data_dob_job_application_filings_ic3t-wcy2.csv,29999705,43927,95,gzip -9,7273563,4.1245,10.41,939.16
data_dob_job_application_filings_ic3t-wcy2.csv,29999705,43927,95,lz4 -9,8026131,3.7378,104.92,570.84
data_dob_job_application_filings_ic3t-wcy2.csv,29999705,43927,95,orc+snappy,8377986,3.5808,301.23,845.02
data_dob_job_application_filings_ic3t-wcy2.csv,29999705,43927,95,orc+zlib,6181820,4.8529,147.75,465.48
data_dob_job_application_filings_ic3t-wcy2.csv,29999705,43927,95,orc+zstd,6090878,4.9253,265.08,715.44
data_dob_job_application_filings_ic3t-wcy2.csv,29999705,43927,95,parquet+brotli,4540491,6.6071,1.71,1856.64
data_dob_job_application_filings_ic3t-wcy2.csv,29999705,43927,95,parquet+gzip,5327986,5.6306,75.67,1895.11
data_dob_job_application_filings_ic3t-wcy2.csv,29999705,43927,95,parquet+snappy,7370098,4.0705,389.64,835.08
data_dob_job_application_filings_ic3t-wcy2.csv,29999705,43927,95,parquet+zstd,4792973,6.2591,19.77,3095.32
data_dob_job_application_filings_ic3t-wcy2.csv,29999705,43927,95,polypress,2894728,10.3636,0.89,78.86
data_dob_job_application_filings_ic3t-wcy2.csv,29999705,43927,95,polypress+brotli,2918837,10.278,,
data_dob_job_application_filings_ic3t-wcy2.csv,29999705,43927,95,polypress+zstd,3124415,9.6017,,
data_dob_job_application_filings_ic3t-wcy2.csv,29999705,43927,95,xz -9e,3741340,8.0184,3.13,200.4
data_dob_job_application_filings_ic3t-wcy2.csv,29999705,43927,95,zstd -19,4068327,7.374,3.75,983.83
data_dob_job_application_filings_ic3t-wcy2.csv,29999705,43927,95,zstd -22,3913275,7.6661,3.02,984.14
data_dob_job_application_filings_ic3t-wcy2.csv,29999705,43927,95,zstd -3,6591505,4.5513,219.0,733.4
datos_secop_integrado_rpmr-utcd.csv,29999786,30356,22,brotli -q11,1662751,18.0423,1.38,858.91
datos_secop_integrado_rpmr-utcd.csv,29999786,30356,22,bzip2 -9,2148168,13.9653,18.93,108.86
datos_secop_integrado_rpmr-utcd.csv,29999786,30356,22,gzip -9,2839818,10.564,78.75,1717.14
datos_secop_integrado_rpmr-utcd.csv,29999786,30356,22,lz4 -9,3244769,9.2456,181.02,969.58
datos_secop_integrado_rpmr-utcd.csv,29999786,30356,22,polypress,1408856,21.2937,1.54,262.3
datos_secop_integrado_rpmr-utcd.csv,29999786,30356,22,polypress+brotli,1436569,20.8829,,
datos_secop_integrado_rpmr-utcd.csv,29999786,30356,22,polypress+zstd,1507375,19.902,,
datos_secop_integrado_rpmr-utcd.csv,29999786,30356,22,xz -9e,1639988,18.2927,4.74,346.47
datos_secop_integrado_rpmr-utcd.csv,29999786,30356,22,zstd -19,1793890,16.7233,5.43,1454.88
datos_secop_integrado_rpmr-utcd.csv,29999786,30356,22,zstd -22,1735499,17.286,2.38,1400.82
datos_secop_integrado_rpmr-utcd.csv,29999786,30356,22,zstd -3,2647590,11.331,232.11,1227.64
dallasopendata_police_incidents_qv6i-rri7.csv,29999830,28785,86,brotli -q11,2515286,11.927,1.07,627.91
dallasopendata_police_incidents_qv6i-rri7.csv,29999830,28785,86,bzip2 -9,3878934,7.734,21.78,80.18
dallasopendata_police_incidents_qv6i-rri7.csv,29999830,28785,86,gzip -9,6504625,4.6121,19.78,1039.68
dallasopendata_police_incidents_qv6i-rri7.csv,29999830,28785,86,lz4 -9,7266313,4.1286,127.88,617.37
dallasopendata_police_incidents_qv6i-rri7.csv,29999830,28785,86,polypress,1883069,15.9313,1.58,113.24
dallasopendata_police_incidents_qv6i-rri7.csv,29999830,28785,86,polypress+brotli,1940014,15.4637,,
dallasopendata_police_incidents_qv6i-rri7.csv,29999830,28785,86,polypress+zstd,2110044,14.2176,,
dallasopendata_police_incidents_qv6i-rri7.csv,29999830,28785,86,xz -9e,2448712,12.2513,3.47,247.84
dallasopendata_police_incidents_qv6i-rri7.csv,29999830,28785,86,zstd -19,2751117,10.9046,3.93,1188.5
dallasopendata_police_incidents_qv6i-rri7.csv,29999830,28785,86,zstd -22,2616687,11.4648,2.72,1169.85
dallasopendata_police_incidents_qv6i-rri7.csv,29999830,28785,86,zstd -3,5109362,5.8715,225.81,859.48
data_311_service_requests_from_2020_to_presen_erm2-nwe9.csv,29999955,34056,44,brotli -q11,1588758,18.8826,1.81,846.07
data_311_service_requests_from_2020_to_presen_erm2-nwe9.csv,29999955,34056,44,bzip2 -9,2428262,12.3545,17.98,91.47
data_311_service_requests_from_2020_to_presen_erm2-nwe9.csv,29999955,34056,44,feather+lz4,8557194,3.5058,2319.98,3229.61
data_311_service_requests_from_2020_to_presen_erm2-nwe9.csv,29999955,34056,44,feather+zstd,5367834,5.5888,2556.67,4395.0
data_311_service_requests_from_2020_to_presen_erm2-nwe9.csv,29999955,34056,44,gzip -9,4033478,7.4377,52.7,1449.34
data_311_service_requests_from_2020_to_presen_erm2-nwe9.csv,29999955,34056,44,lz4 -9,4343704,6.9065,178.63,837.61
data_311_service_requests_from_2020_to_presen_erm2-nwe9.csv,29999955,34056,44,orc+snappy,5615685,5.3422,628.73,1568.24
data_311_service_requests_from_2020_to_presen_erm2-nwe9.csv,29999955,34056,44,orc+zlib,3848716,7.7948,273.57,759.74
data_311_service_requests_from_2020_to_presen_erm2-nwe9.csv,29999955,34056,44,orc+zstd,3576359,8.3884,521.89,1306.39
data_311_service_requests_from_2020_to_presen_erm2-nwe9.csv,29999955,34056,44,parquet+brotli,2445521,12.2673,3.72,3597.17
data_311_service_requests_from_2020_to_presen_erm2-nwe9.csv,29999955,34056,44,parquet+gzip,2728353,10.9956,166.29,4961.32
data_311_service_requests_from_2020_to_presen_erm2-nwe9.csv,29999955,34056,44,parquet+snappy,3526486,8.507,853.29,962.0
data_311_service_requests_from_2020_to_presen_erm2-nwe9.csv,29999955,34056,44,parquet+zstd,2533083,11.8433,58.98,6439.23
data_311_service_requests_from_2020_to_presen_erm2-nwe9.csv,29999955,34056,44,polypress,1124398,26.6809,1.95,197.37
data_311_service_requests_from_2020_to_presen_erm2-nwe9.csv,29999955,34056,44,polypress+brotli,1168489,25.6741,,
data_311_service_requests_from_2020_to_presen_erm2-nwe9.csv,29999955,34056,44,polypress+zstd,1238149,24.2297,,
data_311_service_requests_from_2020_to_presen_erm2-nwe9.csv,29999955,34056,44,xz -9e,1579732,18.9905,5.52,329.29
data_311_service_requests_from_2020_to_presen_erm2-nwe9.csv,29999955,34056,44,zstd -19,1733468,17.3063,6.25,1484.34
data_311_service_requests_from_2020_to_presen_erm2-nwe9.csv,29999955,34056,44,zstd -22,1629330,18.4124,2.16,1424.16
data_311_service_requests_from_2020_to_presen_erm2-nwe9.csv,29999955,34056,44,zstd -3,2984025,10.0535,230.14,1153.21
